fixtureId,sfen,movetimeMs,multipv,threads,hashMb,sampleCount,successCount,avgWallLatencyMs,p50WallLatencyMs,p95WallLatencyMs,avgElapsedMs,avgActualNodes,avgNps,avgEngineCpuDeltaMs,avgCompletedDepth,terminalCounts,incompleteCount,boundInfoCount,candidateSnapshots
initial-position,lnsgkgsnl/1r5b1/ppppppppp/9/9/9/PPPPPPPPP/1B5R1/LNSGKGSNL b - 1,100,2,1,256,3,3,649.4,655,811.7,100.333,74457.3,742497.9,163.3,5.67,"{""incomplete"":2,""ok"":1}",2,0,"[{""label"":""initial-position:mt100-mpv2-t1-h256:warm1"",""candidates"":[]},{""label"":""initial-position:mt100-mpv2-t1-h256:warm2"",""candidates"":[]},{""label"":""initial-position:mt100-mpv2-t1-h256:warm3"",""candidates"":[{""move"":""2g2f"",""pvUsi"":[""2g2f"",""4a3b"",""7g7f"",""8c8d"",""2f2e"",""8d8e"",""8h7g"",""3c3d"",""6g6f"",""2b3c"",""7i6h"",""3a2b"",""6i7h"",""5a4a"",""5g5f"",""6a5b"",""4i5h"",""7a6b"",""3g3f""],""scoreCp"":44},{""move"":""6i7h"",""pvUsi"":[""6i7h"",""8c8d"",""2g2f"",""8d8e"",""2f2e"",""4a3b"",""1g1f"",""5a4b"",""7g7f"",""3c3d"",""2e2d"",""2c2d"",""2h2d"",""8e8f""],""scoreCp"":37}]}]"
quiet-no-mate,1n1g1ksn1/l1rsg2b1/p1pp1p+Bpl/1p2p4/8p/2P3P1P/PP1PPPSP1/3S4R/LNG1KG1NL b P 1,100,2,1,256,3,3,594.1,591.4,715.3,101.667,56559.3,556038.9,146.7,15,"{""ok"":3}",0,0,"[{""label"":""quiet-no-mate:mt100-mpv2-t1-h256:warm1"",""candidates"":[{""move"":""3c2c"",""pvUsi"":[""3c2c"",""4a4b"",""2c2b"",""3a2b"",""1f1e"",""4b5c"",""1e1d"",""5c6d"",""1d1c+"",""2b1c"",""L*6f"",""6d7d""],""scoreCp"":1496},{""move"":""3c2b"",""pvUsi"":[""3c2b"",""3a2b"",""1f1e"",""B*4d"",""8i7g"",""7c7d"",""1e1d"",""1c1d"",""1h1d"",""7d7e"",""1d1b+"",""7e7f"",""1b2a"",""P*3a"",""B*3b"",""4a5a""],""scoreCp"":1431}]},{""label"":""quiet-no-mate:mt100-mpv2-t1-h256:warm2"",""candidates"":[{""move"":""3c2c"",""pvUsi"":[""3c2c"",""4a4b"",""2c2b"",""3a2b"",""1f1e"",""4b5c"",""1e1d"",""5c6d"",""1d1c+"",""2b1c"",""L*6f"",""6d7d""],""scoreCp"":1496},{""move"":""3c2b"",""pvUsi"":[""3c2b"",""3a2b"",""1f1e"",""B*4d"",""8i7g"",""7c7d"",""1e1d"",""1c1d"",""1h1d"",""7d7e"",""1d1b+"",""7e7f"",""1b2a"",""P*3a"",""B*3b"",""4a5a""],""scoreCp"":1431}]},{""label"":""quiet-no-mate:mt100-mpv2-t1-h256:warm3"",""candidates"":[{""move"":""3c2c"",""pvUsi"":[""3c2c"",""4a4b"",""2c2b"",""3a2b"",""1f1e"",""4b5c"",""1e1d"",""5c6d"",""1d1c+"",""2b1c"",""L*6f"",""6d7d""],""scoreCp"":1496},{""move"":""3c2b"",""pvUsi"":[""3c2b"",""3a2b"",""1f1e"",""B*4d"",""8i7g"",""7c7d"",""1e1d"",""1c1d"",""1h1d"",""7d7e"",""1d1b+"",""7e7f"",""1b2a"",""P*3a"",""B*3b"",""4a5a""],""scoreCp"":1431}]}]"
sente-middlegame,1nrg3n1/l2s2k2/p1p1gp1pl/1p1pp2s1/6P1p/b1P5P/PP1PPP1P1/L1KSRSG2/1NG4NL b BP 1,100,2,1,256,3,3,1004.267,807.6,1720,100.333,60786.3,605902.2,150,0,"{""incomplete"":3}",3,0,"[{""label"":""sente-middlegame:mt100-mpv2-t1-h256:warm1"",""candidates"":[]},{""label"":""sente-middlegame:mt100-mpv2-t1-h256:warm2"",""candidates"":[]},{""label"":""sente-middlegame:mt100-mpv2-t1-h256:warm3"",""candidates"":[]}]"
gote-middlegame,1nrgB2n1/l2s2k2/p1p1gp1pl/1p1pp2s1/6P1p/b1P5P/PP1PPP1P1/L1KSRSG2/1NG4NL w P 1,100,2,1,256,3,3,483,484.6,492.6,100.667,60555.7,601276,146.7,0,"{""incomplete"":3}",3,0,"[{""label"":""gote-middlegame:mt100-mpv2-t1-h256:warm1"",""candidates"":[]},{""label"":""gote-middlegame:mt100-mpv2-t1-h256:warm2"",""candidates"":[]},{""label"":""gote-middlegame:mt100-mpv2-t1-h256:warm3"",""candidates"":[]}]"
middlegame-60,1nr1g1kn1/l2sb4/p1p1gpppl/1p2p4/3p2P2/1PP2+B1sp/P1KPPP2P/L1G1RSG2/1N2S2NL b p 1,100,2,1,256,3,3,647.467,489.2,984.3,101.667,56469.3,555749.4,143.3,14,"{""ok"":3}",0,0,"[{""label"":""middlegame-60:mt100-mpv2-t1-h256:warm1"",""candidates"":[{""move"":""1g1f"",""pvUsi"":[""1g1f"",""5c4d"",""4f6d"",""3a2b"",""1f1e"",""P*1g"",""1i1g"",""1c1e"",""1g1e"",""2f1e"",""3h2g"",""1e2d"",""6d2h"",""2d3e"",""P*1d""],""scoreCp"":820},{""move"":""3h3g"",""pvUsi"":[""3h3g"",""2f1g+"",""2i1g"",""1f1g+"",""3e3d"",""3c3d"",""5g5f"",""5b6c"",""5f5e"",""5d5e"",""S*1b"",""5c4d""],""scoreCp"":738}]},{""label"":""middlegame-60:mt100-mpv2-t1-h256:warm2"",""candidates"":[{""move"":""1g1f"",""pvUsi"":[""1g1f"",""5c4d"",""4f6d"",""3a2b"",""1f1e"",""P*1g"",""1i1g"",""1c1e"",""1g1e"",""2f1e"",""3h2g"",""1e2d"",""6d2h"",""2d3e"",""P*1d""],""scoreCp"":820},{""move"":""3h3g"",""pvUsi"":[""3h3g"",""2f1g+"",""2i1g"",""1f1g+"",""3e3d"",""3c3d"",""5g5f"",""5b6c"",""5f5e"",""5d5e"",""S*1b"",""5c4d""],""scoreCp"":738}]},{""label"":""middlegame-60:mt100-mpv2-t1-h256:warm3"",""candidates"":[{""move"":""1g1f"",""pvUsi"":[""1g1f"",""5c4d"",""4f6d"",""3a2b"",""1f1e"",""P*1g"",""1i1g"",""1c1e"",""1g1e"",""2f1e"",""3h2g"",""1e2d"",""6d2h"",""2d3e"",""P*1d""],""scoreCp"":820},{""move"":""3h3g"",""pvUsi"":[""3h3g"",""2f1g+"",""2i1g"",""1f1g+"",""3e3d"",""3c3d"",""5g5f"",""5b6c"",""5f5e"",""5d5e"",""S*1b"",""5c4d""],""scoreCp"":738}]}]"
middlegame-80,1nsg3nk/l1r6/p1p1gppp1/1p1+B5/1b1pp1P1l/1PP1PP2p/P2P3GN/LKG1R1S1L/1NS1S4 b 2p 1,100,2,1,256,3,3,479.567,480,484.6,100.667,58608,582210.6,143.3,0,"{""incomplete"":3}",3,0,"[{""label"":""middlegame-80:mt100-mpv2-t1-h256:warm1"",""candidates"":[]},{""label"":""middlegame-80:mt100-mpv2-t1-h256:warm2"",""candidates"":[]},{""label"":""middlegame-80:mt100-mpv2-t1-h256:warm3"",""candidates"":[]}]"
hand-piece-rich,1n2g4/l1s3k1r/p1+B1gp1pn/Bp7/1PPp5/5P2l/PG1P+pS2N/LK2R3L/1NS1S4 b 2Pg5p 1,100,2,1,256,3,3,734.2,491.1,1223,101,51227.3,507201.3,150,5,"{""incomplete"":2,""ok"":1}",2,0,"[{""label"":""hand-piece-rich:mt100-mpv2-t1-h256:warm1"",""candidates"":[]},{""label"":""hand-piece-rich:mt100-mpv2-t1-h256:warm2"",""candidates"":[{""move"":""7c5a"",""pvUsi"":[""7c5a"",""9c9d"",""5h5g"",""B*4d"",""8h7h"",""P*5f"",""4g5f"",""3b2a""],""scoreCp"":1863},{""move"":""9d7b+"",""pvUsi"":[""9d7b+"",""8a7c"",""5h5g"",""B*3c"",""8h7h"",""6e6f"",""6g6f"",""5a4b"",""7b7c"",""3c6f"",""P*3c"",""3b2b"",""5g6g"",""6f9i+"",""N*3d"",""2b3c"",""3d4b+"",""3c4b""],""scoreCp"":1545}]},{""label"":""hand-piece-rich:mt100-mpv2-t1-h256:warm3"",""candidates"":[]}]"
middlegame-120,1n2g4/+B1s1k3r/p+P2gp1pn/B8/2Pp2p2/1p2LP2l/PG1P+pS2N/LKR4PL/1NS1S1+p1g b 2P2p 1,100,2,1,256,3,3,587.933,586.4,600.5,101.667,48250.3,474643.2,146.7,15,"{""ok"":3}",0,0,"[{""label"":""middlegame-120:mt100-mpv2-t1-h256:warm1"",""candidates"":[{""move"":""9d8e"",""pvUsi"":[""9d8e"",""5b4b"",""5f5c+"",""4b3c"",""8g8f"",""3c3d"",""8c7b"",""1i1h"",""9b8a"",""1f1g+"",""N*2f"",""3d2d""],""scoreCp"":1691},{""move"":""8g8f"",""pvUsi"":[""8g8f"",""9c9d"",""P*5d"",""5c6c"",""8c7b"",""5g5f"",""4g5f""],""scoreCp"":1602}]},{""label"":""middlegame-120:mt100-mpv2-t1-h256:warm2"",""candidates"":[{""move"":""9d8e"",""pvUsi"":[""9d8e"",""5b4b"",""5f5c+"",""4b3c"",""8g8f"",""3c3d"",""8c7b"",""1i1h"",""9b8a"",""1f1g+"",""N*2f"",""3d2d""],""scoreCp"":1691},{""move"":""8g8f"",""pvUsi"":[""8g8f"",""9c9d"",""P*5d"",""5c6c"",""8c7b"",""5g5f"",""4g5f""],""scoreCp"":1602}]},{""label"":""middlegame-120:mt100-mpv2-t1-h256:warm3"",""candidates"":[{""move"":""9d8e"",""pvUsi"":[""9d8e"",""5b4b"",""5f5c+"",""4b3c"",""8g8f"",""3c3d"",""8c7b"",""1i1h"",""9b8a"",""1f1g+"",""N*2f"",""3d2d""],""scoreCp"":1691},{""move"":""8g8f"",""pvUsi"":[""8g8f"",""9c9d"",""P*5d"",""5c6c"",""8c7b"",""5g5f"",""4g5f""],""scoreCp"":1602}]}]"
middlegame-150,1+Bp6/4+Bgr1p/1P2L1kpn/p4p2n/2Pp2p2/1pG2P3/P2P1S2+l/LKRS+p2PL/1NS1S1+p1g b GN2p 1,100,2,1,256,3,3,616.3,484.5,883.6,100.667,54411.7,540483.4,153.3,13,"{""ok"":3}",0,0,"[{""label"":""middlegame-150:mt100-mpv2-t1-h256:warm1"",""candidates"":[{""move"":""G*3d"",""pvUsi"":[""G*3d"",""3c2b"",""8a5d"",""1c2e"",""5d4d"",""2b1c"",""4d3e"",""1c2b""],""scoreCp"":2885},{""move"":""N*2f"",""pvUsi"":[""N*2f"",""4b5b"",""G*3d"",""3c2b"",""2f1d"",""2b1a"",""5c5b+"",""5h6h"",""7f8f"",""6h7h"",""8h7h"",""3b5b""],""scoreCp"":1646}]},{""label"":""middlegame-150:mt100-mpv2-t1-h256:warm2"",""candidates"":[{""move"":""G*3d"",""pvUsi"":[""G*3d"",""3c2b"",""8a5d"",""1c2e"",""5d4d"",""2b1c"",""4d3e"",""1c2b""],""scoreCp"":2885},{""move"":""N*2f"",""pvUsi"":[""N*2f"",""4b5b"",""G*3d"",""3c2b"",""2f1d"",""2b1a"",""5c5b+"",""5h6h"",""7f8f"",""6h7h"",""8h7h"",""3b5b""],""scoreCp"":1646}]},{""label"":""middlegame-150:mt100-mpv2-t1-h256:warm3"",""candidates"":[{""move"":""G*3d"",""pvUsi"":[""G*3d"",""3c2b"",""8a5d"",""1c2e"",""5d4d"",""2b1c"",""4d3e"",""1c2b""],""scoreCp"":2885},{""move"":""N*2f"",""pvUsi"":[""N*2f"",""4b5b"",""G*3d"",""3c2b"",""2f1d"",""2b1a"",""5c5b+"",""5h6h"",""7f8f"",""6h7h"",""8h7h"",""3b5b""],""scoreCp"":1646}]}]"
mate-in-one,2p2+B2k/1+B3g2p/1P2L1Gpn/p1P2p3/3p2p2/lpG1NP3/P1KP+p3+l/LS1S2SP+n/1NR1S1+pg1 b RPp 1,100,2,1,256,3,3,482.167,479,493.3,100,97349.7,973496.7,143.3,33.33,"{""mate"":3}",0,0,"[{""label"":""mate-in-one:mt100-mpv2-t1-h256:warm1"",""candidates"":[{""move"":""R*3a"",""pvUsi"":[""R*3a""],""scoreMate"":1},{""move"":""4a4b"",""pvUsi"":[""4a4b"",""5g6g"",""6h6g"",""8f8g+"",""8h8g"",""3i3h"",""G*2b""],""scoreMate"":7}]},{""label"":""mate-in-one:mt100-mpv2-t1-h256:warm2"",""candidates"":[{""move"":""R*3a"",""pvUsi"":[""R*3a""],""scoreMate"":1},{""move"":""4a4b"",""pvUsi"":[""4a4b"",""5g6g"",""6h6g"",""8f8g+"",""8h8g"",""3i3h"",""G*2b""],""scoreMate"":7}]},{""label"":""mate-in-one:mt100-mpv2-t1-h256:warm3"",""candidates"":[{""move"":""R*3a"",""pvUsi"":[""R*3a""],""scoreMate"":1},{""move"":""4a4b"",""pvUsi"":[""4a4b"",""5g6g"",""6h6g"",""8f8g+"",""8h8g"",""3i3h"",""G*2b""],""scoreMate"":7}]}]"
single-legal-move,2p5k/4Rg2p/1P2L1Gp1/p1P+B+Bp3/n2p2pnP/l1G2P3/P+pKP1+p2+l/LS1S2SP+n/1NR1S1+pg1 b P 1,100,2,1,256,3,3,507.033,486.3,565.6,100.333,80663.7,803936,146.7,0,"{""incomplete"":3}",3,0,"[{""label"":""single-legal-move:mt100-mpv2-t1-h256:warm1"",""candidates"":[]},{""label"":""single-legal-move:mt100-mpv2-t1-h256:warm2"",""candidates"":[]},{""label"":""single-legal-move:mt100-mpv2-t1-h256:warm3"",""candidates"":[]}]"
sparse-endgame,l+P1+S5/+B1+B4sl/5r+N1n/l3p3p/2g1kS2P/2P3PG1/2S5L/+n1G4pK/P+p1G1R3 b 7Pn2p 1,100,2,1,256,3,3,720.5,594.8,996.4,100,167809,1678090,146.7,47.33,"{""mate"":3}",0,0,"[{""label"":""sparse-endgame:mt100-mpv2-t1-h256:warm1"",""candidates"":[{""move"":""7b5d"",""pvUsi"":[""7b5d""],""scoreMate"":1},{""move"":""4e5f"",""pvUsi"":[""4e5f"",""5e6d"",""4i4c+"",""N*4b"",""7b7c""],""scoreMate"":5}]},{""label"":""sparse-endgame:mt100-mpv2-t1-h256:warm2"",""candidates"":[{""move"":""7b5d"",""pvUsi"":[""7b5d""],""scoreMate"":1},{""move"":""4e5f"",""pvUsi"":[""4e5f"",""5e6d"",""4i4c+"",""N*4b"",""7b7c""],""scoreMate"":5}]},{""label"":""sparse-endgame:mt100-mpv2-t1-h256:warm3"",""candidates"":[{""move"":""7b5d"",""pvUsi"":[""7b5d""],""scoreMate"":1},{""move"":""4e5f"",""pvUsi"":[""4e5f"",""5e6d"",""4i4c+"",""N*4b"",""7b7c""],""scoreMate"":5}]}]"
initial-position,lnsgkgsnl/1r5b1/ppppppppp/9/9/9/PPPPPPPPP/1B5R1/LNSGKGSNL b - 1,100,2,2,256,3,3,920.833,945.4,1099.1,101,78722.7,779432.4,230,9.67,"{""ok"":2,""incomplete"":1}",1,0,"[{""label"":""initial-position:mt100-mpv2-t2-h256:warm1"",""candidates"":[{""move"":""2g2f"",""pvUsi"":[""2g2f"",""8c8d"",""7g7f"",""3c3d"",""5i6h"",""5a4b"",""2f2e"",""4a3b"",""6i7h"",""8d8e"",""2e2d"",""2c2d"",""2h2d"",""8e8f"",""8g8f"",""8b8f"",""3i3h"",""8f8b""],""scoreCp"":37},{""move"":""7g7f"",""pvUsi"":[""7g7f"",""3c3d"",""2g2f"",""8c8d"",""5i6h"",""5a4b"",""2f2e"",""4a3b"",""6i7h"",""8d8e"",""2e2d"",""2c2d"",""2h2d"",""8e8f"",""8g8f"",""8b8f""],""scoreCp"":37}]},{""label"":""initial-position:mt100-mpv2-t2-h256:warm2"",""candidates"":[{""move"":""6i7h"",""pvUsi"":[""6i7h"",""8c8d""],""scoreCp"":60},{""move"":""2g2f"",""pvUsi"":[""2g2f"",""4a3b"",""2f2e"",""8c8d"",""6i7h"",""8d8e"",""3i3h"",""3c3d"",""2e2d"",""2c2d"",""2h2d"",""8e8f"",""8g8f"",""8b8f""],""scoreCp"":55}]},{""label"":""initial-position:mt100-mpv2-t2-h256:warm3"",""candidates"":[]}]"
quiet-no-mate,1n1g1ksn1/l1rsg2b1/p1pp1p+Bpl/1p2p4/8p/2P3P1P/PP1PPPSP1/3S4R/LNG1KG1NL b P 1,100,2,2,256,3,3,598.867,630.6,632.1,102,62582.7,613918.9,190,12.67,"{""ok"":3}",0,0,"[{""label"":""quiet-no-mate:mt100-mpv2-t2-h256:warm1"",""candidates"":[{""move"":""3c2b"",""pvUsi"":[""3c2b"",""3a2b"",""1f1e"",""B*5e"",""6h7g"",""6b5c"",""7g6f"",""5e3c""],""scoreCp"":1501},{""move"":""3c2c"",""pvUsi"":[""3c2c"",""4a5a"",""2c2b"",""3a2b"",""1f1e"",""B*3c"",""1e1d"",""3c9i+"",""B*8c"",""1c1d"",""1h1d"",""P*1c"",""1d1h""],""scoreCp"":1500}]},{""label"":""quiet-no-mate:mt100-mpv2-t2-h256:warm2"",""candidates"":[{""move"":""3c2b"",""pvUsi"":[""3c2b"",""3a2b"",""1f1e"",""B*5e"",""1e1d"",""1c1d"",""1h1d"",""P*1c"",""1d5d"",""5e9i+"",""B*8c"",""7b7a"",""8c9b+""],""scoreCp"":1508},{""move"":""3c2c"",""pvUsi"":[""3c2c"",""4a5a"",""1f1e"",""2b9i+"",""1e1d"",""L*8h"",""8i7g"",""7c7d"",""1d1c+"",""7d7e"",""2c2d"",""5b4b"",""7f7e"",""7b7e"",""1c2c"",""P*7f"",""1h1b+"",""7f7g+"",""1b2a"",""7g6h"",""7i6h""],""scoreCp"":1457}]},{""label"":""quiet-no-mate:mt100-mpv2-t2-h256:warm3"",""candidates"":[{""move"":""3c2b"",""pvUsi"":[""3c2b"",""3a2b"",""1f1e"",""B*3c"",""B*7g"",""4c4d"",""1e1d"",""1c1d"",""1h1d""],""scoreCp"":1494},{""move"":""3c2c"",""pvUsi"":[""3c2c"",""4a5a"",""2c2b"",""3a2b"",""1f1e"",""B*2c"",""5i5h"",""6b5c""],""scoreCp"":1452}]}]"
sente-middlegame,1nrg3n1/l2s2k2/p1p1gp1pl/1p1pp2s1/6P1p/b1P5P/PP1PPP1P1/L1KSRSG2/1NG4NL b BP 1,100,2,2,256,3,3,561.967,534.2,627.2,103.667,60461,582823.6,193.3,9.33,"{""ok"":2,""incomplete"":1}",1,0,"[{""label"":""sente-middlegame:mt100-mpv2-t2-h256:warm1"",""candidates"":[{""move"":""9g9f"",""pvUsi"":[""9g9f"",""7c7d"",""B*8c"",""7d7e"",""8c9b+"",""8d8e"",""L*3d"",""3b4b"",""B*3a"",""4b5b"",""1f1e"",""1c1e""],""scoreCp"":2056},{""move"":""1f1e"",""pvUsi"":[""1f1e"",""9f8e"",""1e1d"",""1c1d"",""1i1d"",""P*1c"",""P*1b"",""7c7d""],""scoreCp"":1257}]},{""label"":""sente-middlegame:mt100-mpv2-t2-h256:warm2"",""candidates"":[{""move"":""9g9f"",""pvUsi"":[""9g9f"",""1e1f"",""B*8c"",""8d8e"",""8c9b+"",""7c7d"",""5g5f""],""scoreCp"":1994},{""move"":""3e3d"",""pvUsi"":[""3e3d"",""9f8e"",""1f1e"",""7c7d"",""1e1d"",""1c1d"",""1i1d"",""P*1c"",""1d1c+"",""2d1c"",""P*1b"",""7d7e"",""1b1a+"",""7e7f"",""7h6i"",""L*6e""],""scoreCp"":1214}]},{""label"":""sente-middlegame:mt100-mpv2-t2-h256:warm3"",""candidates"":[]}]"
gote-middlegame,1nrgB2n1/l2s2k2/p1p1gp1pl/1p1pp2s1/6P1p/b1P5P/PP1PPP1P1/L1KSRSG2/1NG4NL w P 1,100,2,2,256,3,3,752,633.7,1011.9,100.333,72116.3,718695.9,190,0,"{""incomplete"":3}",3,0,"[{""label"":""gote-middlegame:mt100-mpv2-t2-h256:warm1"",""candidates"":[]},{""label"":""gote-middlegame:mt100-mpv2-t2-h256:warm2"",""candidates"":[]},{""label"":""gote-middlegame:mt100-mpv2-t2-h256:warm3"",""candidates"":[]}]"
middlegame-60,1nr1g1kn1/l2sb4/p1p1gpppl/1p2p4/3p2P2/1PP2+B1sp/P1KPPP2P/L1G1RSG2/1N2S2NL b p 1,100,2,2,256,3,3,764.133,619.1,1055,102,64549.7,633040.6,190,8.67,"{""ok"":2,""incomplete"":1}",1,0,"[{""label"":""middlegame-60:mt100-mpv2-t2-h256:warm1"",""candidates"":[{""move"":""1g1f"",""pvUsi"":[""1g1f"",""5c4d"",""3h3g"",""2f3e"",""4f6d"",""3a3b"",""1f1e"",""7a6a"",""4g4f"",""7c7d"",""1e1d"",""1c1d"",""1i1d""],""scoreCp"":732},{""move"":""3h3g"",""pvUsi"":[""3h3g"",""2f1g"",""2i1g"",""1f1g+"",""3e3d"",""3c3d"",""S*1b"",""5a4b"",""1b2a+"",""3a2a"",""4f1c"",""S*2b""],""scoreCp"":730}]},{""label"":""middlegame-60:mt100-mpv2-t2-h256:warm2"",""candidates"":[{""move"":""3h3g"",""pvUsi"":[""3h3g"",""2f1g"",""2i1g"",""1f1g+"",""3e3d"",""3c3d"",""5g5f"",""5a4b"",""5f5e"",""5d5e"",""4f5e"",""4c4d""],""scoreCp"":790},{""move"":""1g1f"",""pvUsi"":[""1g1f"",""5c4d"",""3h3g"",""4d3e"",""4f6d"",""5a4b"",""P*2b"",""6b5c"",""2b2a+"",""3a2a"",""3g2f"",""3e2f"",""6d2h"",""8d8e"",""1f1e"",""8e8f"",""1e1d""],""scoreCp"":778}]},{""label"":""middlegame-60:mt100-mpv2-t2-h256:warm3"",""candidates"":[]}]"
middlegame-80,1nsg3nk/l1r6/p1p1gppp1/1p1+B5/1b1pp1P1l/1PP1PP2p/P2P3GN/LKG1R1S1L/1NS1S4 b 2p 1,100,2,2,256,3,3,724.267,622,1036.9,103.667,64592,623474.3,183.3,9,"{""ok"":2,""incomplete"":1}",1,0,"[{""label"":""middlegame-80:mt100-mpv2-t2-h256:warm1"",""candidates"":[{""move"":""6d5c"",""pvUsi"":[""6d5c"",""8e7f"",""1g2e"",""6e6f"",""G*7g"",""7f6g+"",""7h6g"",""6f6g+"",""7g6g"",""8d8e"",""B*5d"",""8e8f"",""5c8f"",""1f1g+"",""2g1g"",""P*8g"",""8h7g""],""scoreCp"":2190},{""move"":""6d7e"",""pvUsi"":[""6d7e"",""8e7f"",""7e7f"",""1f1g+"",""2g1g"",""1a2b"",""5f5e"",""1e1g+""],""scoreCp"":1915}]},{""label"":""middlegame-80:mt100-mpv2-t2-h256:warm2"",""candidates"":[{""move"":""6d5c"",""pvUsi"":[""6d5c"",""8e7f"",""G*7g"",""6a5b"",""5c3a"",""7f9h+"",""8h9h"",""1f1g+"",""1h1g"",""1e1g+"",""2g1g""],""scoreCp"":2201},{""move"":""6d7e"",""pvUsi"":[""6d7e"",""8e9d"",""1g2e"",""7a6b"",""7e4h"",""8d8e"",""8f8e"",""9d8e"",""5f5e"",""1a2b"",""5e5d""],""scoreCp"":1868}]},{""label"":""middlegame-80:mt100-mpv2-t2-h256:warm3"",""candidates"":[]}]"
hand-piece-rich,1n2g4/l1s3k1r/p1+B1gp1pn/Bp7/1PPp5/5P2l/PG1P+pS2N/LK2R3L/1NS1S4 b 2Pg5p 1,100,2,2,256,3,3,838.5,928.1,1060.2,103,54148.7,525990.5,196.7,4.33,"{""incomplete"":2,""ok"":1}",2,0,"[{""label"":""hand-piece-rich:mt100-mpv2-t2-h256:warm1"",""candidates"":[]},{""label"":""hand-piece-rich:mt100-mpv2-t2-h256:warm2"",""candidates"":[]},{""label"":""hand-piece-rich:mt100-mpv2-t2-h256:warm3"",""candidates"":[{""move"":""7c5a"",""pvUsi"":[""7c5a"",""9c9d"",""P*3c"",""3b2a"",""5h5g"",""B*4d"",""8h7h"",""2a1a"",""P*1d"",""P*7g"",""8i7g""],""scoreCp"":2028},{""move"":""9d7b+"",""pvUsi"":[""9d7b+"",""8a7c"",""5h5g"",""P*5f"",""5g5f"",""P*5e"",""P*3c"",""3b3c"",""7b7c""],""scoreCp"":1571}]}]"
middlegame-120,1n2g4/+B1s1k3r/p+P2gp1pn/B8/2Pp2p2/1p2LP2l/PG1P+pS2N/LKR4PL/1NS1S1+p1g b 2P2p 1,100,2,2,256,3,3,620.467,625.1,632.2,101.333,49322,486848.9,186.7,13,"{""ok"":3}",0,0,"[{""label"":""middlegame-120:mt100-mpv2-t2-h256:warm1"",""candidates"":[{""move"":""9d8e"",""pvUsi"":[""9d8e"",""5b4b"",""8g8f"",""4b3c"",""5f5c"",""3c2d"",""8c7b"",""5g4g"",""5c5a+"",""S*2f""],""scoreCp"":1780},{""move"":""8g8f"",""pvUsi"":[""8g8f"",""9c9d"",""8c7b"",""5g5f"",""4g5f"",""P*8e"",""9b7d"",""5b4b""],""scoreCp"":1446}]},{""label"":""middlegame-120:mt100-mpv2-t2-h256:warm2"",""candidates"":[{""move"":""9d8e"",""pvUsi"":[""9d8e"",""5b4b"",""8g8f"",""4b3c"",""8c7b"",""3c2d"",""5f5c+"",""1i1h"",""9b8a"",""1f1g+""],""scoreCp"":1723},{""move"":""8g8f"",""pvUsi"":[""8g8f"",""9c9d"",""P*5d"",""5c6d"",""8c7b"",""5g5f"",""S*5c"",""5b4a"",""5c6d""],""scoreCp"":1513}]},{""label"":""middlegame-120:mt100-mpv2-t2-h256:warm3"",""candidates"":[{""move"":""9d8e"",""pvUsi"":[""9d8e"",""5b4b"",""8g8f"",""4b3c"",""5f5c"",""3c2d"",""5c5a+"",""1i1h"",""8c7b"",""1f1g+"",""8e6c+"",""5g4g"",""9b7d"",""N*9f"",""9g9f""],""scoreCp"":1692},{""move"":""8g8f"",""pvUsi"":[""8g8f"",""9c9d"",""8c7b"",""5g5f"",""4g5f"",""P*8e"",""8f8e"",""1i1h"",""7b8a"",""1h1g"",""N*4e""],""scoreCp"":1588}]}]"
middlegame-150,1+Bp6/4+Bgr1p/1P2L1kpn/p4p2n/2Pp2p2/1pG2P3/P2P1S2+l/LKRS+p2PL/1NS1S1+p1g b GN2p 1,100,2,2,256,3,3,557.8,526.3,623.7,102,61025,597844.7,183.3,12.33,"{""ok"":3}",0,0,"[{""label"":""middlegame-150:mt100-mpv2-t2-h256:warm1"",""candidates"":[{""move"":""G*3d"",""pvUsi"":[""G*3d"",""3c2b"",""5b4b"",""8f8g+"",""8h8g"",""3b3d"",""4g5h"",""1i1h"",""8a5d"",""L*8d"",""N*8f"",""8d8f"",""7f8f""],""scoreCp"":2557},{""move"":""N*4e"",""pvUsi"":[""N*4e"",""3c2d"",""1h1g"",""4b5b"",""L*2g"",""2d3d"",""5i5h"",""5b5c"",""4e5c+""],""scoreCp"":1577}]},{""label"":""middlegame-150:mt100-mpv2-t2-h256:warm2"",""candidates"":[{""move"":""G*3d"",""pvUsi"":[""G*3d"",""3c2b"",""8a5d"",""5h6h"",""5b4b"",""6h7h"",""8h7h"",""8f8g+"",""7h8g"",""R*8d"",""8g7h""],""scoreCp"":2280},{""move"":""5i5h"",""pvUsi"":[""5i5h"",""4b5b"",""1h1g"",""5b5c"",""7f8f"",""3c3d"",""1g1d"",""L*2f"",""P*1g"",""B*5e"",""6h7g""],""scoreCp"":1654}]},{""label"":""middlegame-150:mt100-mpv2-t2-h256:warm3"",""candidates"":[{""move"":""G*3d"",""pvUsi"":[""G*3d"",""3c2b"",""5b4b"",""3b3d"",""7f8f"",""5h6h"",""5i6h"",""G*3b"",""4b3b"",""2b3b""],""scoreCp"":2232},{""move"":""N*2f"",""pvUsi"":[""N*2f"",""4b5b"",""G*3d"",""3c2b"",""2f1d"",""2b1a"",""7f8f"",""5h6h"",""5i6h"",""3b3d"",""5c5b+"",""3d1d""],""scoreCp"":1552}]}]"
mate-in-one,2p2+B2k/1+B3g2p/1P2L1Gpn/p1P2p3/3p2p2/lpG1NP3/P1KP+p3+l/LS1S2SP+n/1NR1S1+pg1 b RPp 1,100,2,2,256,3,3,721.267,613.1,939.6,101,93214,922905,183.3,21,"{""mate"":2,""incomplete"":1}",1,0,"[{""label"":""mate-in-one:mt100-mpv2-t2-h256:warm1"",""candidates"":[{""move"":""R*3a"",""pvUsi"":[""R*3a""],""scoreMate"":1},{""move"":""4a4b"",""pvUsi"":[""4a4b"",""8f8g+"",""8h8g"",""5g6g"",""6h6g"",""1g2h"",""G*2b""],""scoreMate"":7}]},{""label"":""mate-in-one:mt100-mpv2-t2-h256:warm2"",""candidates"":[]},{""label"":""mate-in-one:mt100-mpv2-t2-h256:warm3"",""candidates"":[{""move"":""R*3a"",""pvUsi"":[""R*3a""],""scoreMate"":1},{""move"":""4a4b"",""pvUsi"":[""4a4b"",""5g6g"",""6h6g"",""8f8g+"",""8h8g"",""3i3h"",""G*2b""],""scoreMate"":7}]}]"
single-legal-move,2p5k/4Rg2p/1P2L1Gp1/p1P+B+Bp3/n2p2pnP/l1G2P3/P+pKP1+p2+l/LS1S2SP+n/1NR1S1+pg1 b P 1,100,2,2,256,3,3,711.933,525.6,1093.1,100.333,81298.3,810022.1,190,0,"{""incomplete"":3}",3,0,"[{""label"":""single-legal-move:mt100-mpv2-t2-h256:warm1"",""candidates"":[]},{""label"":""single-legal-move:mt100-mpv2-t2-h256:warm2"",""candidates"":[]},{""label"":""single-legal-move:mt100-mpv2-t2-h256:warm3"",""candidates"":[]}]"
sparse-endgame,l+P1+S5/+B1+B4sl/5r+N1n/l3p3p/2g1kS2P/2P3PG1/2S5L/+n1G4pK/P+p1G1R3 b 7Pn2p 1,100,2,2,256,3,3,898,945.4,1232.5,101.667,176838.7,1740311.9,186.7,45.33,"{""mate"":3}",0,0,"[{""label"":""sparse-endgame:mt100-mpv2-t2-h256:warm1"",""candidates"":[{""move"":""7b5d"",""pvUsi"":[""7b5d""],""scoreMate"":1},{""move"":""4e5f"",""pvUsi"":[""4e5f"",""5e6d"",""4i4c+"",""N*4b"",""R*6c""],""scoreMate"":5}]},{""label"":""sparse-endgame:mt100-mpv2-t2-h256:warm2"",""candidates"":[{""move"":""7b5d"",""pvUsi"":[""7b5d""],""scoreMate"":1},{""move"":""4e5f"",""pvUsi"":[""4e5f"",""5e6d"",""4i4c+"",""N*4b"",""7b7c""],""scoreMate"":5}]},{""label"":""sparse-endgame:mt100-mpv2-t2-h256:warm3"",""candidates"":[{""move"":""7b5d"",""pvUsi"":[""7b5d""],""scoreMate"":1},{""move"":""4e5f"",""pvUsi"":[""4e5f"",""5e6d"",""4i4c+"",""N*4b"",""R*6c""],""scoreMate"":5}]}]"
initial-position,lnsgkgsnl/1r5b1/ppppppppp/9/9/9/PPPPPPPPP/1B5R1/LNSGKGSNL b - 1,100,3,1,256,3,3,552.933,569.3,600.7,99.667,75056.3,753033.8,150,0,"{""incomplete"":3}",3,0,"[{""label"":""initial-position:mt100-mpv3-t1-h256:warm1"",""candidates"":[]},{""label"":""initial-position:mt100-mpv3-t1-h256:warm2"",""candidates"":[]},{""label"":""initial-position:mt100-mpv3-t1-h256:warm3"",""candidates"":[]}]"
quiet-no-mate,1n1g1ksn1/l1rsg2b1/p1pp1p+Bpl/1p2p4/8p/2P3P1P/PP1PPPSP1/3S4R/LNG1KG1NL b P 1,100,3,1,256,3,3,555.4,589.2,598.9,100.667,61531,611248.5,143.3,14,"{""ok"":3}",0,0,"[{""label"":""quiet-no-mate:mt100-mpv3-t1-h256:warm1"",""candidates"":[{""move"":""3c2b"",""pvUsi"":[""3c2b"",""3a2b"",""1f1e"",""B*3c"",""1e1d"",""3c9i+"",""1d1c+"",""2b1c"",""B*8c"",""7c7d"",""8c7b+"",""6a7b"",""R*6a"",""5b5a"",""6a8a+""],""scoreCp"":1521},{""move"":""3c2c"",""pvUsi"":[""3c2c"",""4a5a"",""2c2b"",""3a2b"",""1f1e"",""B*4d"",""6h7g"",""6b5c""],""scoreCp"":1468},{""move"":""3c3d"",""pvUsi"":[""3c3d"",""2b9i+"",""1f1e"",""9i2b"",""1e1d"",""1c1d"",""1h1d"",""L*1c"",""1d1c+"",""2a1c"",""P*1d"",""P*1b"",""5i5h""],""scoreCp"":776}]},{""label"":""quiet-no-mate:mt100-mpv3-t1-h256:warm2"",""candidates"":[{""move"":""3c2b"",""pvUsi"":[""3c2b"",""3a2b"",""1f1e"",""B*3c"",""1e1d"",""3c9i+"",""1d1c+"",""2b1c"",""B*8c"",""7c7d"",""8c7b+"",""6a7b"",""R*6a"",""5b5a"",""6a8a+""],""scoreCp"":1521},{""move"":""3c2c"",""pvUsi"":[""3c2c"",""4a5a"",""2c2b"",""3a2b"",""1f1e"",""B*4d"",""6h7g"",""6b5c""],""scoreCp"":1468},{""move"":""3c3d"",""pvUsi"":[""3c3d"",""2b9i+"",""1f1e"",""9i2b"",""1e1d"",""1c1d"",""1h1d"",""L*1c"",""1d1c+"",""2a1c"",""P*1d"",""P*1b"",""5i5h""],""scoreCp"":776}]},{""label"":""quiet-no-mate:mt100-mpv3-t1-h256:warm3"",""candidates"":[{""move"":""3c2b"",""pvUsi"":[""3c2b"",""3a2b"",""1f1e"",""B*3c"",""1e1d"",""3c9i+"",""1d1c+"",""2b1c"",""B*8c"",""7c7d"",""8c7b+"",""6a7b"",""R*6a"",""5b5a"",""6a8a+""],""scoreCp"":1521},{""move"":""3c2c"",""pvUsi"":[""3c2c"",""4a5a"",""2c2b"",""3a2b"",""1f1e"",""B*4d"",""6h7g"",""6b5c""],""scoreCp"":1468},{""move"":""3c3d"",""pvUsi"":[""3c3d"",""2b9i+"",""1f1e"",""9i2b"",""1e1d"",""1c1d"",""1h1d"",""L*1c"",""1d1c+"",""2a1c"",""P*1d"",""P*1b"",""5i5h""],""scoreCp"":776}]}]"
sente-middlegame,1nrg3n1/l2s2k2/p1p1gp1pl/1p1pp2s1/6P1p/b1P5P/PP1PPP1P1/L1KSRSG2/1NG4NL b BP 1,100,3,1,256,3,3,624.033,487.9,900.6,100.333,62802,626009,143.3,14,"{""ok"":3}",0,0,"[{""label"":""sente-middlegame:mt100-mpv3-t1-h256:warm1"",""candidates"":[{""move"":""9g9f"",""pvUsi"":[""9g9f"",""7c7d"",""5g5f"",""7d7e"",""7f7e"",""1e1f"",""3e3d"",""8d8e"",""2g2f"",""7a7e"",""P*7g""],""scoreCp"":1934},{""move"":""1f1e"",""pvUsi"":[""1f1e"",""9f6c"",""1e1d"",""1c1d"",""1i1d"",""P*1c"",""P*1b"",""1c1d"",""1b1a+""],""scoreCp"":1155},{""move"":""3e3d"",""pvUsi"":[""3e3d"",""9f6c"",""1f1e"",""1c1e"",""1i1e"",""2d1e"",""4g4f"",""1e2d"",""4h4g"",""7c7d"",""2i3g"",""3b4b"",""3g4e""],""scoreCp"":1140}]},{""label"":""sente-middlegame:mt100-mpv3-t1-h256:warm2"",""candidates"":[{""move"":""9g9f"",""pvUsi"":[""9g9f"",""7c7d"",""5g5f"",""7d7e"",""7f7e"",""1e1f"",""3e3d"",""8d8e"",""2g2f"",""7a7e"",""P*7g""],""scoreCp"":1934},{""move"":""1f1e"",""pvUsi"":[""1f1e"",""9f6c"",""1e1d"",""1c1d"",""1i1d"",""P*1c"",""P*1b"",""1c1d"",""1b1a+""],""scoreCp"":1155},{""move"":""3e3d"",""pvUsi"":[""3e3d"",""9f6c"",""1f1e"",""1c1e"",""1i1e"",""2d1e"",""4g4f"",""1e2d"",""4h4g"",""7c7d"",""2i3g"",""3b4b"",""3g4e""],""scoreCp"":1140}]},{""label"":""sente-middlegame:mt100-mpv3-t1-h256:warm3"",""candidates"":[{""move"":""9g9f"",""pvUsi"":[""9g9f"",""7c7d"",""5g5f"",""7d7e"",""7f7e"",""1e1f"",""3e3d"",""8d8e"",""2g2f"",""7a7e"",""P*7g""],""scoreCp"":1934},{""move"":""1f1e"",""pvUsi"":[""1f1e"",""9f6c"",""1e1d"",""1c1d"",""1i1d"",""P*1c"",""P*1b"",""1c1d"",""1b1a+""],""scoreCp"":1155},{""move"":""3e3d"",""pvUsi"":[""3e3d"",""9f6c"",""1f1e"",""1c1e"",""1i1e"",""2d1e"",""4g4f"",""1e2d"",""4h4g"",""7c7d"",""2i3g"",""3b4b"",""3g4e""],""scoreCp"":1140}]}]"
gote-middlegame,1nrgB2n1/l2s2k2/p1p1gp1pl/1p1pp2s1/6P1p/b1P5P/PP1PPP1P1/L1KSRSG2/1NG4NL w P 1,100,3,1,256,3,3,667.5,686.9,720.9,100.667,67109.7,666737.4,146.7,0,"{""incomplete"":3}",3,0,"[{""label"":""gote-middlegame:mt100-mpv3-t1-h256:warm1"",""candidates"":[]},{""label"":""gote-middlegame:mt100-mpv3-t1-h256:warm2"",""candidates"":[]},{""label"":""gote-middlegame:mt100-mpv3-t1-h256:warm3"",""candidates"":[]}]"
middlegame-60,1nr1g1kn1/l2sb4/p1p1gpppl/1p2p4/3p2P2/1PP2+B1sp/P1KPPP2P/L1G1RSG2/1N2S2NL b p 1,100,3,1,256,3,3,557.467,579.2,600.5,100,59626,596260,146.7,0,"{""incomplete"":3}",3,0,"[{""label"":""middlegame-60:mt100-mpv3-t1-h256:warm1"",""candidates"":[]},{""label"":""middlegame-60:mt100-mpv3-t1-h256:warm2"",""candidates"":[]},{""label"":""middlegame-60:mt100-mpv3-t1-h256:warm3"",""candidates"":[]}]"
middlegame-80,1nsg3nk/l1r6/p1p1gppp1/1p1+B5/1b1pp1P1l/1PP1PP2p/P2P3GN/LKG1R1S1L/1NS1S4 b 2p 1,100,3,1,256,3,3,555.1,596.8,600.3,100.667,57094.3,567250.2,146.7,0,"{""incomplete"":3}",3,0,"[{""label"":""middlegame-80:mt100-mpv3-t1-h256:warm1"",""candidates"":[]},{""label"":""middlegame-80:mt100-mpv3-t1-h256:warm2"",""candidates"":[]},{""label"":""middlegame-80:mt100-mpv3-t1-h256:warm3"",""candidates"":[]}]"
hand-piece-rich,1n2g4/l1s3k1r/p1+B1gp1pn/Bp7/1PPp5/5P2l/PG1P+pS2N/LK2R3L/1NS1S4 b 2Pg5p 1,100,3,1,256,3,3,558.167,577,598.7,101,51116,506099,146.7,0,"{""incomplete"":3}",3,0,"[{""label"":""hand-piece-rich:mt100-mpv3-t1-h256:warm1"",""candidates"":[]},{""label"":""hand-piece-rich:mt100-mpv3-t1-h256:warm2"",""candidates"":[]},{""label"":""hand-piece-rich:mt100-mpv3-t1-h256:warm3"",""candidates"":[]}]"
middlegame-120,1n2g4/+B1s1k3r/p+P2gp1pn/B8/2Pp2p2/1p2LP2l/PG1P+pS2N/LKR4PL/1NS1S1+p1g b 2P2p 1,100,3,1,256,3,3,700.333,785.3,823.1,100.333,48099,479239,150,8.67,"{""incomplete"":1,""ok"":2}",1,0,"[{""label"":""middlegame-120:mt100-mpv3-t1-h256:warm1"",""candidates"":[]},{""label"":""middlegame-120:mt100-mpv3-t1-h256:warm2"",""candidates"":[{""move"":""9d8e"",""pvUsi"":[""9d8e"",""5b4b"",""8g8f"",""4b3c"",""8c7b"",""3c2d"",""5f5c+"",""1i1h"",""9b8a"",""P*8g"",""8h8g"",""1f1g+"",""5c4c""],""scoreCp"":1664},{""move"":""8g8f"",""pvUsi"":[""8g8f"",""9c9d"",""P*5d"",""5c6c"",""8c7b"",""B*1a"",""8h8g"",""5b4a""],""scoreCp"":1541},{""move"":""5f5c+"",""pvUsi"":[""5f5c+"",""5b5c"",""8g8f"",""9c9d"",""8c7b"",""P*8e"",""8f7f"",""5g6g"",""9b6e"",""5c4b"",""P*3d"",""6g7h"",""7i7h""],""scoreCp"":1376}]},{""label"":""middlegame-120:mt100-mpv3-t1-h256:warm3"",""candidates"":[{""move"":""9d8e"",""pvUsi"":[""9d8e"",""5b4b"",""8g8f"",""4b3c"",""8c7b"",""3c2d"",""5f5c+"",""1i1h"",""9b8a"",""P*8g"",""8h8g"",""1f1g+"",""5c4c""],""scoreCp"":1664},{""move"":""8g8f"",""pvUsi"":[""8g8f"",""9c9d"",""P*5d"",""5c6c"",""8c7b"",""B*1a"",""8h8g"",""5b4a""],""scoreCp"":1541},{""move"":""5f5c+"",""pvUsi"":[""5f5c+"",""5b5c"",""8g8f"",""9c9d"",""8c7b"",""P*8e"",""8f7f"",""5g6g"",""9b6e"",""5c4b"",""P*3d"",""6g7h"",""7i7h""],""scoreCp"":1376}]}]"
middlegame-150,1+Bp6/4+Bgr1p/1P2L1kpn/p4p2n/2Pp2p2/1pG2P3/P2P1S2+l/LKRS+p2PL/1NS1S1+p1g b GN2p 1,100,3,1,256,3,3,665.933,493,1015.7,100.667,56156.7,557881.9,143.3,0,"{""incomplete"":3}",3,0,"[{""label"":""middlegame-150:mt100-mpv3-t1-h256:warm1"",""candidates"":[]},{""label"":""middlegame-150:mt100-mpv3-t1-h256:warm2"",""candidates"":[]},{""label"":""middlegame-150:mt100-mpv3-t1-h256:warm3"",""candidates"":[]}]"
mate-in-one,2p2+B2k/1+B3g2p/1P2L1Gpn/p1P2p3/3p2p2/lpG1NP3/P1KP+p3+l/LS1S2SP+n/1NR1S1+pg1 b RPp 1,100,3,1,256,3,3,523.333,498.2,577.4,100.333,80368,801169.4,146.7,0,"{""incomplete"":3}",3,0,"[{""label"":""mate-in-one:mt100-mpv3-t1-h256:warm1"",""candidates"":[]},{""label"":""mate-in-one:mt100-mpv3-t1-h256:warm2"",""candidates"":[]},{""label"":""mate-in-one:mt100-mpv3-t1-h256:warm3"",""candidates"":[]}]"
single-legal-move,2p5k/4Rg2p/1P2L1Gp1/p1P+B+Bp3/n2p2pnP/l1G2P3/P+pKP1+p2+l/LS1S2SP+n/1NR1S1+pg1 b P 1,100,3,1,256,3,3,515.433,493.8,570.5,100.333,79452,791907.6,146.7,0,"{""incomplete"":3}",3,0,"[{""label"":""single-legal-move:mt100-mpv3-t1-h256:warm1"",""candidates"":[]},{""label"":""single-legal-move:mt100-mpv3-t1-h256:warm2"",""candidates"":[]},{""label"":""single-legal-move:mt100-mpv3-t1-h256:warm3"",""candidates"":[]}]"
sparse-endgame,l+P1+S5/+B1+B4sl/5r+N1n/l3p3p/2g1kS2P/2P3PG1/2S5L/+n1G4pK/P+p1G1R3 b 7Pn2p 1,100,3,1,256,3,3,483.967,486.1,490.8,99.667,139883,1403832.8,146.7,0,"{""incomplete"":3}",3,0,"[{""label"":""sparse-endgame:mt100-mpv3-t1-h256:warm1"",""candidates"":[]},{""label"":""sparse-endgame:mt100-mpv3-t1-h256:warm2"",""candidates"":[]},{""label"":""sparse-endgame:mt100-mpv3-t1-h256:warm3"",""candidates"":[]}]"
initial-position,lnsgkgsnl/1r5b1/ppppppppp/9/9/9/PPPPPPPPP/1B5R1/LNSGKGSNL b - 1,100,3,2,256,3,3,559.433,535.3,625.8,101.333,78674,776428.7,190,4.67,"{""incomplete"":2,""ok"":1}",2,0,"[{""label"":""initial-position:mt100-mpv3-t2-h256:warm1"",""candidates"":[]},{""label"":""initial-position:mt100-mpv3-t2-h256:warm2"",""candidates"":[{""move"":""6i7h"",""pvUsi"":[""6i7h"",""8c8d"",""2g2f"",""8d8e"",""2f2e"",""4a3b"",""5i6h"",""7a7b"",""9g9f"",""8e8f"",""8g8f"",""8b8f"",""P*8g""],""scoreCp"":44},{""move"":""2g2f"",""pvUsi"":[""2g2f"",""8c8d"",""7g7f"",""8d8e"",""8h7g"",""3c3d"",""7i8h"",""4a3b"",""6i7h"",""2b7g+"",""8h7g"",""3a2b"",""3i3h"",""9c9d"",""3g3f"",""2b3c""],""scoreCp"":44},{""move"":""7g7f"",""pvUsi"":[""7g7f"",""8c8d"",""2g2f"",""8d8e"",""8h7g"",""3c3d"",""7i8h"",""2b7g+"",""8h7g"",""3a2b"",""6i7h"",""2b3c"",""3i3h""],""scoreCp"":41}]},{""label"":""initial-position:mt100-mpv3-t2-h256:warm3"",""candidates"":[]}]"
quiet-no-mate,1n1g1ksn1/l1rsg2b1/p1pp1p+Bpl/1p2p4/8p/2P3P1P/PP1PPPSP1/3S4R/LNG1KG1NL b P 1,100,3,2,256,3,3,737.433,735,947,100.667,59892,594805.4,190,4,"{""ok"":1,""incomplete"":2}",2,0,"[{""label"":""quiet-no-mate:mt100-mpv3-t2-h256:warm1"",""candidates"":[{""move"":""3c2b"",""pvUsi"":[""3c2b"",""3a2b"",""1f1e"",""B*3c"",""B*7g"",""3c1e"",""1h1e"",""1c1e"",""1i1e"",""R*1i"",""7g2b+"",""1i2i+""],""scoreCp"":1526},{""move"":""3c2c"",""pvUsi"":[""3c2c"",""4a5a"",""1f1e"",""2b9i+"",""1e1d"",""1c1d"",""1h1d"",""P*1c"",""1d1h"",""7c7d"",""2c1b"",""2a3c"",""1h1c+""],""scoreCp"":1515},{""move"":""3c3d"",""pvUsi"":[""3c3d"",""2b9i+"",""1f1e"",""L*8h"",""8i7g"",""8h8i+"",""7i8i"",""9i8i"",""1e1d""],""scoreCp"":1040}]},{""label"":""quiet-no-mate:mt100-mpv3-t2-h256:warm2"",""candidates"":[]},{""label"":""quiet-no-mate:mt100-mpv3-t2-h256:warm3"",""candidates"":[]}]"
sente-middlegame,1nrg3n1/l2s2k2/p1p1gp1pl/1p1pp2s1/6P1p/b1P5P/PP1PPP1P1/L1KSRSG2/1NG4NL b BP 1,100,3,2,256,3,3,599.133,632,642.2,102.667,58876,573351.4,190,13,"{""ok"":3}",0,0,"[{""label"":""sente-middlegame:mt100-mpv3-t2-h256:warm1"",""candidates"":[{""move"":""9g9f"",""pvUsi"":[""9g9f"",""7c7d"",""1f1e"",""1c1e"",""P*1f"",""7d7e"",""7f7e"",""7a7e"",""P*7g"",""7e7g+"",""6h7g""],""scoreCp"":2055},{""move"":""3e3d"",""pvUsi"":[""3e3d"",""9f8e"",""1f1e"",""7c7d"",""1e1d"",""1c1d"",""1i1d"",""P*1c"",""1d1c"",""2d1c"",""2i3g"",""7d7e"",""3g4e"",""5c4d""],""scoreCp"":1231},{""move"":""1f1e"",""pvUsi"":[""1f1e"",""9f8e"",""1e1d"",""1c1d"",""1i1d"",""P*1c"",""P*1b"",""1c1d"",""1b1a+"",""7c7d"",""1a2a"",""7d7e""],""scoreCp"":1198}]},{""label"":""sente-middlegame:mt100-mpv3-t2-h256:warm2"",""candidates"":[{""move"":""9g9f"",""pvUsi"":[""9g9f"",""7c7d"",""1f1e"",""1c1e"",""P*1f"",""7d7e"",""1f1e"",""7e7f""],""scoreCp"":1951},{""move"":""1f1e"",""pvUsi"":[""1f1e"",""9f8e"",""1e1d"",""1c1d"",""1i1d"",""P*1c"",""1d1c"",""2d1c"",""2i3g""],""scoreCp"":1161},{""move"":""5g5f"",""pvUsi"":[""5g5f"",""9f6c"",""1f1e"",""7c7d"",""1e1d"",""1c1d"",""1i1d"",""7d7e"",""1d1b+"",""7e7f""],""scoreCp"":1124}]},{""label"":""sente-middlegame:mt100-mpv3-t2-h256:warm3"",""candidates"":[{""move"":""9g9f"",""pvUsi"":[""9g9f"",""7c7d"",""B*8c"",""7d7e"",""1f1e"",""7e7f"",""8c9b+"",""7f7g+"",""8i7g"",""P*7f"",""L*7d"",""6a5a"",""7d7a+""],""scoreCp"":2000},{""move"":""1f1e"",""pvUsi"":[""1f1e"",""9f6c"",""1e1d"",""1c1d"",""1i1d"",""7c7d"",""1d1b+"",""7d7e"",""3e3d"",""7e7f"",""2i3g"",""5c4d""],""scoreCp"":1271},{""move"":""3e3d"",""pvUsi"":[""3e3d"",""9f6c"",""1f1e"",""1c1e"",""1i1e"",""2d1e"",""5g5f"",""7c7d""],""scoreCp"":1054}]}]"
gote-middlegame,1nrgB2n1/l2s2k2/p1p1gp1pl/1p1pp2s1/6P1p/b1P5P/PP1PPP1P1/L1KSRSG2/1NG4NL w P 1,100,3,2,256,3,3,586.3,611.4,623.7,102.333,68294.7,667389.2,186.7,3.67,"{""ok"":1,""incomplete"":2}",2,0,"[{""label"":""gote-middlegame:mt100-mpv3-t2-h256:warm1"",""candidates"":[{""move"":""9f8g+"",""pvUsi"":[""9f8g+"",""7h8g"",""6a5a"",""1f1e"",""7c7d"",""8g7h"",""1c1e"",""1i1e"",""2d1e""],""scoreCp"":123},{""move"":""6a5a"",""pvUsi"":[""6a5a"",""9g9f"",""1e1f"",""2i3g"",""5c4d"",""P*1b"",""B*2b"",""B*8b"",""7a6a""],""scoreCp"":193},{""move"":""9f8e"",""pvUsi"":[""9f8e"",""5a2d+"",""2c2d"",""1f1e"",""7c7d"",""1e1d"",""1c1d"",""1i1d"",""7d7e"",""7f7e"",""P*7g"",""8i7g"",""7a7e""],""scoreCp"":285}]},{""label"":""gote-middlegame:mt100-mpv3-t2-h256:warm2"",""candidates"":[]},{""label"":""gote-middlegame:mt100-mpv3-t2-h256:warm3"",""candidates"":[]}]"
middlegame-60,1nr1g1kn1/l2sb4/p1p1gpppl/1p2p4/3p2P2/1PP2+B1sp/P1KPPP2P/L1G1RSG2/1N2S2NL b p 1,100,3,2,256,3,3,648.367,631.4,768.8,101.667,65458.3,644099.3,190,8,"{""ok"":2,""incomplete"":1}",1,0,"[{""label"":""middlegame-60:mt100-mpv3-t2-h256:warm1"",""candidates"":[{""move"":""3h3g"",""pvUsi"":[""3h3g"",""2f1g+"",""2i1g"",""1f1g+"",""S*1b"",""1c1f"",""3e3d"",""3c3d"",""5g5f"",""5a4b"",""5f5e""],""scoreCp"":785},{""move"":""1g1f"",""pvUsi"":[""1g1f"",""5c4d"",""3h3g"",""2f3e"",""4f6d"",""3a3b"",""1f1e"",""3e2d"",""5g5f"",""5a4b"",""1e1d"",""1c1d"",""1i1d""],""scoreCp"":771},{""move"":""4h3g"",""pvUsi"":[""4h3g"",""2f1g+"",""2i1g"",""1f1g+"",""S*1b"",""P*1h"",""3e3d"",""3c3d"",""1b2c+"",""5b4a"",""P*2b"",""3a4b"",""2b2a+"",""4a2c"",""4f1c""],""scoreCp"":717}]},{""label"":""middlegame-60:mt100-mpv3-t2-h256:warm2"",""candidates"":[]},{""label"":""middlegame-60:mt100-mpv3-t2-h256:warm3"",""candidates"":[{""move"":""1g1f"",""pvUsi"":[""1g1f"",""5c4d"",""1f1e"",""2f3e"",""4f3g"",""7c7d"",""1e1d"",""1c1d"",""1i1d"",""7d7e"",""7f7e""],""scoreCp"":766},{""move"":""3h3g"",""pvUsi"":[""3h3g"",""2f1g"",""2i1g"",""1f1g+"",""3e3d"",""3c3d"",""5g5f"",""P*1h""],""scoreCp"":765},{""move"":""4h3g"",""pvUsi"":[""4h3g"",""2f1g+"",""3e3d"",""3c3d"",""2i1g"",""1f1g+"",""5g5f"",""5a4b"",""5f5e"",""5d5e"",""5h5e"",""P*5d""],""scoreCp"":655}]}]"
middlegame-80,1nsg3nk/l1r6/p1p1gppp1/1p1+B5/1b1pp1P1l/1PP1PP2p/P2P3GN/LKG1R1S1L/1NS1S4 b 2p 1,100,3,2,256,3,3,570.133,539.9,644.7,101.667,63425.7,622931.2,190,0,"{""incomplete"":3}",3,0,"[{""label"":""middlegame-80:mt100-mpv3-t2-h256:warm1"",""candidates"":[]},{""label"":""middlegame-80:mt100-mpv3-t2-h256:warm2"",""candidates"":[]},{""label"":""middlegame-80:mt100-mpv3-t2-h256:warm3"",""candidates"":[]}]"
hand-piece-rich,1n2g4/l1s3k1r/p1+B1gp1pn/Bp7/1PPp5/5P2l/PG1P+pS2N/LK2R3L/1NS1S4 b 2Pg5p 1,100,3,2,256,3,3,567.2,540.2,637,101.667,51520.3,506810.3,193.3,0,"{""incomplete"":3}",3,0,"[{""label"":""hand-piece-rich:mt100-mpv3-t2-h256:warm1"",""candidates"":[]},{""label"":""hand-piece-rich:mt100-mpv3-t2-h256:warm2"",""candidates"":[]},{""label"":""hand-piece-rich:mt100-mpv3-t2-h256:warm3"",""candidates"":[]}]"
middlegame-120,1n2g4/+B1s1k3r/p+P2gp1pn/B8/2Pp2p2/1p2LP2l/PG1P+pS2N/LKR4PL/1NS1S1+p1g b 2P2p 1,100,3,2,256,3,3,565.667,533.7,645.1,102.667,52551.3,511589.9,186.7,7.67,"{""incomplete"":1,""ok"":2}",1,0,"[{""label"":""middlegame-120:mt100-mpv3-t2-h256:warm1"",""candidates"":[]},{""label"":""middlegame-120:mt100-mpv3-t2-h256:warm2"",""candidates"":[{""move"":""9d8e"",""pvUsi"":[""9d8e"",""5b4b"",""5f5c+"",""4b3c"",""8g8f"",""3c2d"",""5c4c"",""5g4g"",""8c7b"",""S*2f"",""9b6e""],""scoreCp"":1700},{""move"":""8g8f"",""pvUsi"":[""8g8f"",""9c9d"",""P*5d"",""B*2b"",""8h8g""],""scoreCp"":1531},{""move"":""5f5c+"",""pvUsi"":[""5f5c+"",""5b5c"",""8g8f"",""9c9d"",""8c7b"",""P*8e"",""8f8e"",""5g6g"",""9b6e"",""6g7h"",""8h7h"",""1f1g""],""scoreCp"":1353}]},{""label"":""middlegame-120:mt100-mpv3-t2-h256:warm3"",""candidates"":[{""move"":""9d8e"",""pvUsi"":[""9d8e"",""5b4b"",""8g8f"",""4b3c"",""5f5c"",""3c3d"",""5c5a+"",""5g4g"",""8c7b""],""scoreCp"":1726},{""move"":""8g8f"",""pvUsi"":[""8g8f"",""9c9d"",""8c7b"",""5g5f"",""4g5f"",""3i4i"",""7b8a"",""4i5i"",""N*4e"",""B*4d"",""P*5e"",""P*8e"",""4e5c+"",""4d5c""],""scoreCp"":1526},{""move"":""5f5c+"",""pvUsi"":[""5f5c+"",""5b5c"",""8g8f"",""9c9d"",""8c7b"",""5g6g"",""9b6e"",""6g7h"",""7i7h"",""R*5g"",""P*5d"",""5c4b"",""7b8a"",""5g5i+""],""scoreCp"":1230}]}]"
middlegame-150,1+Bp6/4+Bgr1p/1P2L1kpn/p4p2n/2Pp2p2/1pG2P3/P2P1S2+l/LKRS+p2PL/1NS1S1+p1g b GN2p 1,100,3,2,256,3,3,622.167,615.9,635.7,100.667,61847,614340.4,183.3,7.67,"{""ok"":2,""incomplete"":1}",1,0,"[{""label"":""middlegame-150:mt100-mpv3-t2-h256:warm1"",""candidates"":[{""move"":""G*3d"",""pvUsi"":[""G*3d"",""3c2b"",""5b4b"",""3b4b"",""8a5d"",""B*2a"",""G*3c"",""2b1a"",""5d2a"",""1a2a""],""scoreCp"":2655},{""move"":""N*2f"",""pvUsi"":[""N*2f"",""5h6h"",""5b3d"",""3c2b"",""2f1d"",""2b3a"",""G*2b"",""3b2b"",""1d2b+"",""3a2b"",""3d4d"",""2b3a"",""7f8f"",""6h7h"",""7i7h""],""scoreCp"":1733},{""move"":""8a5d"",""pvUsi"":[""8a5d"",""4b5b"",""5d3b"",""3c3b"",""7f8f"",""5h6h"",""5i6h"",""B*5e"",""6g6f"",""5e6f"",""6h7g""],""scoreCp"":1715}]},{""label"":""middlegame-150:mt100-mpv3-t2-h256:warm2"",""candidates"":[{""move"":""G*3d"",""pvUsi"":[""G*3d"",""3c2b"",""5b4b"",""3b3d"",""7f8f"",""5h6h"",""5i6h"",""P*8e"",""8a5d"",""1c2e"",""8f8e""],""scoreCp"":2338},{""move"":""N*2f"",""pvUsi"":[""N*2f"",""4b5b"",""G*3d"",""3c2b"",""2f1d"",""2b1a""],""scoreCp"":1794},{""move"":""8a5d"",""pvUsi"":[""8a5d"",""4b5b"",""5d3b"",""3c3b"",""7f8f"",""5h6h"",""5i6h"",""5b5c"",""1h1g""],""scoreCp"":1653}]},{""label"":""middlegame-150:mt100-mpv3-t2-h256:warm3"",""candidates"":[]}]"
mate-in-one,2p2+B2k/1+B3g2p/1P2L1Gpn/p1P2p3/3p2p2/lpG1NP3/P1KP+p3+l/LS1S2SP+n/1NR1S1+pg1 b RPp 1,100,3,2,256,3,3,691.367,527.5,1024.1,101.667,106172,1044255.2,183.3,0,"{""incomplete"":3}",3,0,"[{""label"":""mate-in-one:mt100-mpv3-t2-h256:warm1"",""candidates"":[]},{""label"":""mate-in-one:mt100-mpv3-t2-h256:warm2"",""candidates"":[]},{""label"":""mate-in-one:mt100-mpv3-t2-h256:warm3"",""candidates"":[]}]"
single-legal-move,2p5k/4Rg2p/1P2L1Gp1/p1P+B+Bp3/n2p2pnP/l1G2P3/P+pKP1+p2+l/LS1S2SP+n/1NR1S1+pg1 b P 1,100,3,2,256,3,3,556.7,516.4,637.5,101.333,71290,703892.2,190,0,"{""incomplete"":3}",3,0,"[{""label"":""single-legal-move:mt100-mpv3-t2-h256:warm1"",""candidates"":[]},{""label"":""single-legal-move:mt100-mpv3-t2-h256:warm2"",""candidates"":[]},{""label"":""single-legal-move:mt100-mpv3-t2-h256:warm3"",""candidates"":[]}]"
sparse-endgame,l+P1+S5/+B1+B4sl/5r+N1n/l3p3p/2g1kS2P/2P3PG1/2S5L/+n1G4pK/P+p1G1R3 b 7Pn2p 1,100,3,2,256,3,3,846.767,619.5,1391.3,101.667,139357.3,1371250.6,190,12.67,"{""incomplete"":2,""mate"":1}",2,0,"[{""label"":""sparse-endgame:mt100-mpv3-t2-h256:warm1"",""candidates"":[]},{""label"":""sparse-endgame:mt100-mpv3-t2-h256:warm2"",""candidates"":[{""move"":""7b5d"",""pvUsi"":[""7b5d""],""scoreMate"":1},{""move"":""4e5f"",""pvUsi"":[""4e5f"",""5e6d"",""4i4c+"",""7e7f"",""R*6e""],""scoreMate"":5},{""move"":""3c4c"",""pvUsi"":[""3c4c"",""5e6d"",""R*6c"",""6d5e"",""9b5f""],""scoreMate"":5}]},{""label"":""sparse-endgame:mt100-mpv3-t2-h256:warm3"",""candidates"":[]}]"
initial-position,lnsgkgsnl/1r5b1/ppppppppp/9/9/9/PPPPPPPPP/1B5R1/LNSGKGSNL b - 1,250,2,1,256,3,3,676.567,650.5,752.2,250.667,186221.3,742898.8,296.7,18,"{""ok"":3}",0,0,"[{""label"":""initial-position:mt250-mpv2-t1-h256:warm1"",""candidates"":[{""move"":""6i7h"",""pvUsi"":[""6i7h"",""8c8d""],""scoreCp"":68},{""move"":""2g2f"",""pvUsi"":[""2g2f"",""4a3b"",""6i7h"",""8c8d"",""9g9f"",""1c1d"",""2f2e"",""8d8e"",""5i6h"",""7a6b"",""3i3h"",""6a5b"",""1g1f"",""9c9d"",""7g7f""],""scoreCp"":41}]},{""label"":""initial-position:mt250-mpv2-t1-h256:warm2"",""candidates"":[{""move"":""6i7h"",""pvUsi"":[""6i7h"",""8c8d""],""scoreCp"":68},{""move"":""2g2f"",""pvUsi"":[""2g2f"",""4a3b"",""6i7h"",""8c8d"",""9g9f"",""1c1d"",""2f2e"",""8d8e"",""5i6h"",""7a6b"",""3i3h"",""6a5b"",""1g1f"",""9c9d"",""7g7f""],""scoreCp"":41}]},{""label"":""initial-position:mt250-mpv2-t1-h256:warm3"",""candidates"":[{""move"":""6i7h"",""pvUsi"":[""6i7h"",""8c8d""],""scoreCp"":68},{""move"":""2g2f"",""pvUsi"":[""2g2f"",""4a3b"",""6i7h"",""8c8d"",""9g9f"",""1c1d"",""2f2e"",""8d8e"",""5i6h"",""7a6b"",""3i3h"",""6a5b"",""1g1f"",""9c9d"",""7g7f""],""scoreCp"":41}]}]"
quiet-no-mate,1n1g1ksn1/l1rsg2b1/p1pp1p+Bpl/1p2p4/8p/2P3P1P/PP1PPPSP1/3S4R/LNG1KG1NL b P 1,250,2,1,256,3,3,638.633,638.5,643.4,250.333,157030.7,627320,293.3,0,"{""incomplete"":3}",3,0,"[{""label"":""quiet-no-mate:mt250-mpv2-t1-h256:warm1"",""candidates"":[]},{""label"":""quiet-no-mate:mt250-mpv2-t1-h256:warm2"",""candidates"":[]},{""label"":""quiet-no-mate:mt250-mpv2-t1-h256:warm3"",""candidates"":[]}]"
sente-middlegame,1nrg3n1/l2s2k2/p1p1gp1pl/1p1pp2s1/6P1p/b1P5P/PP1PPP1P1/L1KSRSG2/1NG4NL b BP 1,250,2,1,256,3,3,636.633,635.4,642.8,250.667,152450,608200.1,293.3,16,"{""ok"":3}",0,0,"[{""label"":""sente-middlegame:mt250-mpv2-t1-h256:warm1"",""candidates"":[{""move"":""9g9f"",""pvUsi"":[""9g9f"",""1e1f"",""B*8c"",""1f1g+"",""2i1g"",""P*1f"",""1g2e"",""2d2e"",""8c9b+"",""7c7d"",""5g5f"",""7d7e"",""5f5e""],""scoreCp"":2006},{""move"":""1f1e"",""pvUsi"":[""1f1e"",""9f8e"",""1e1d"",""1c1d"",""1i1d"",""P*1c"",""P*1b"",""7c7d"",""1b1a+"",""7d7e"",""1a2a"",""1c1d"",""7h6i"",""3b2a"",""5g5f"",""7e7f""],""scoreCp"":1163}]},{""label"":""sente-middlegame:mt250-mpv2-t1-h256:warm2"",""candidates"":[{""move"":""9g9f"",""pvUsi"":[""9g9f"",""1e1f"",""B*8c"",""1f1g+"",""2i1g"",""P*1f"",""1g2e"",""2d2e"",""8c9b+"",""7c7d"",""5g5f"",""7d7e"",""5f5e""],""scoreCp"":2006},{""move"":""1f1e"",""pvUsi"":[""1f1e"",""9f8e"",""1e1d"",""1c1d"",""1i1d"",""P*1c"",""P*1b"",""7c7d"",""1b1a+"",""7d7e"",""1a2a"",""1c1d"",""7h6i"",""3b2a"",""5g5f"",""7e7f""],""scoreCp"":1163}]},{""label"":""sente-middlegame:mt250-mpv2-t1-h256:warm3"",""candidates"":[{""move"":""9g9f"",""pvUsi"":[""9g9f"",""1e1f"",""B*8c"",""1f1g+"",""2i1g"",""P*1f"",""1g2e"",""2d2e"",""8c9b+"",""7c7d"",""5g5f"",""7d7e"",""5f5e""],""scoreCp"":2006},{""move"":""1f1e"",""pvUsi"":[""1f1e"",""9f8e"",""1e1d"",""1c1d"",""1i1d"",""P*1c"",""P*1b"",""7c7d"",""1b1a+"",""7d7e"",""1a2a"",""1c1d"",""7h6i"",""3b2a"",""5g5f"",""7e7f""],""scoreCp"":1163}]}]"
gote-middlegame,1nrgB2n1/l2s2k2/p1p1gp1pl/1p1pp2s1/6P1p/b1P5P/PP1PPP1P1/L1KSRSG2/1NG4NL w P 1,250,2,1,256,3,3,674.733,645.2,737.3,250,156490.7,625962.7,296.7,0,"{""incomplete"":3}",3,0,"[{""label"":""gote-middlegame:mt250-mpv2-t1-h256:warm1"",""candidates"":[]},{""label"":""gote-middlegame:mt250-mpv2-t1-h256:warm2"",""candidates"":[]},{""label"":""gote-middlegame:mt250-mpv2-t1-h256:warm3"",""candidates"":[]}]"
middlegame-60,1nr1g1kn1/l2sb4/p1p1gpppl/1p2p4/3p2P2/1PP2+B1sp/P1KPPP2P/L1G1RSG2/1N2S2NL b p 1,250,2,1,256,3,3,629.733,630.7,632.7,250.333,151080,603509.7,296.7,10.67,"{""ok"":2,""incomplete"":1}",1,0,"[{""label"":""middlegame-60:mt250-mpv2-t1-h256:warm1"",""candidates"":[{""move"":""1g1f"",""pvUsi"":[""1g1f"",""5c4d"",""1f1e"",""5a4b"",""1e1d"",""1c1d"",""1i1d"",""P*1c"",""1d1c+"",""2a1c"",""4f5f"",""1c2e"",""5f2c"",""7c7d"",""P*2b""],""scoreCp"":793},{""move"":""3h3g"",""pvUsi"":[""3h3g"",""2f1g"",""3e3d"",""3c3d"",""5g5f"",""1g2h"",""5f5e"",""5d5e"",""1i1f"",""1c1f"",""5h5e"",""5a4b"",""5e1e"",""P*1c"",""1e1f""],""scoreCp"":740}]},{""label"":""middlegame-60:mt250-mpv2-t1-h256:warm2"",""candidates"":[{""move"":""1g1f"",""pvUsi"":[""1g1f"",""5c4d"",""1f1e"",""5a4b"",""1e1d"",""1c1d"",""1i1d"",""P*1c"",""1d1c+"",""2a1c"",""4f5f"",""1c2e"",""5f2c"",""7c7d"",""P*2b""],""scoreCp"":793},{""move"":""3h3g"",""pvUsi"":[""3h3g"",""2f1g"",""3e3d"",""3c3d"",""5g5f"",""1g2h"",""5f5e"",""5d5e"",""1i1f"",""1c1f"",""5h5e"",""5a4b"",""5e1e"",""P*1c"",""1e1f""],""scoreCp"":740}]},{""label"":""middlegame-60:mt250-mpv2-t1-h256:warm3"",""candidates"":[]}]"
middlegame-80,1nsg3nk/l1r6/p1p1gppp1/1p1+B5/1b1pp1P1l/1PP1PP2p/P2P3GN/LKG1R1S1L/1NS1S4 b 2p 1,250,2,1,256,3,3,785.7,640.4,1089,250,153444.3,613777.3,293.3,16,"{""ok"":3}",0,0,"[{""label"":""middlegame-80:mt250-mpv2-t1-h256:warm1"",""candidates"":[{""move"":""6d5c"",""pvUsi"":[""6d5c"",""8e7f"",""1g2e"",""6e6f"",""6g6f"",""1f1g+"",""G*7g"",""7f5h+"",""5i5h"",""1g1h"",""5c4c"",""L*7d"",""B*3a"",""7d7g+"",""7h7g""],""scoreCp"":2134},{""move"":""6d7e"",""pvUsi"":[""6d7e"",""1f1g+"",""8f8e"",""6a5b"",""2g1g"",""8d8e"",""P*1c"",""1a2b"",""5f5e""],""scoreCp"":1918}]},{""label"":""middlegame-80:mt250-mpv2-t1-h256:warm2"",""candidates"":[{""move"":""6d5c"",""pvUsi"":[""6d5c"",""8e7f"",""1g2e"",""6e6f"",""6g6f"",""1f1g+"",""G*7g"",""7f5h+"",""5i5h"",""1g1h"",""5c4c"",""L*7d"",""B*3a"",""7d7g+"",""7h7g""],""scoreCp"":2134},{""move"":""6d7e"",""pvUsi"":[""6d7e"",""1f1g+"",""8f8e"",""6a5b"",""2g1g"",""8d8e"",""P*1c"",""1a2b"",""5f5e""],""scoreCp"":1918}]},{""label"":""middlegame-80:mt250-mpv2-t1-h256:warm3"",""candidates"":[{""move"":""6d5c"",""pvUsi"":[""6d5c"",""8e7f"",""1g2e"",""6e6f"",""6g6f"",""1f1g+"",""G*7g"",""7f5h+"",""5i5h"",""1g1h"",""5c4c"",""L*7d"",""B*3a"",""7d7g+"",""7h7g""],""scoreCp"":2134},{""move"":""6d7e"",""pvUsi"":[""6d7e"",""1f1g+"",""8f8e"",""6a5b"",""2g1g"",""8d8e"",""P*1c"",""1a2b"",""5f5e""],""scoreCp"":1918}]}]"
hand-piece-rich,1n2g4/l1s3k1r/p1+B1gp1pn/Bp7/1PPp5/5P2l/PG1P+pS2N/LK2R3L/1NS1S4 b 2Pg5p 1,250,2,1,256,3,3,968.8,630.7,1654.5,251.333,135097.3,537550.6,296.7,16,"{""ok"":3}",0,0,"[{""label"":""hand-piece-rich:mt250-mpv2-t1-h256:warm1"",""candidates"":[{""move"":""7c5a"",""pvUsi"":[""7c5a"",""5g5h"",""9d7b+"",""R*6i"",""P*3c"",""3b2b"",""G*3b"",""2b1a"",""P*2b"",""1b2b"",""3b2b"",""1a2b""],""scoreCp"":2126},{""move"":""9d7b+"",""pvUsi"":[""9d7b+"",""8a7c"",""5h5g"",""P*5f"",""5g5f"",""P*5e"",""5f5e"",""B*4d"",""7b7c"",""1f1g+"",""P*3c"",""4d3c""],""scoreCp"":1528}]},{""label"":""hand-piece-rich:mt250-mpv2-t1-h256:warm2"",""candidates"":[{""move"":""7c5a"",""pvUsi"":[""7c5a"",""5g5h"",""9d7b+"",""R*6i"",""P*3c"",""3b2b"",""G*3b"",""2b1a"",""P*2b"",""1b2b"",""3b2b"",""1a2b""],""scoreCp"":2126},{""move"":""9d7b+"",""pvUsi"":[""9d7b+"",""8a7c"",""5h5g"",""P*5f"",""5g5f"",""P*5e"",""5f5e"",""B*4d"",""7b7c"",""1f1g+"",""P*3c"",""4d3c""],""scoreCp"":1528}]},{""label"":""hand-piece-rich:mt250-mpv2-t1-h256:warm3"",""candidates"":[{""move"":""7c5a"",""pvUsi"":[""7c5a"",""5g5h"",""9d7b+"",""R*6i"",""P*3c"",""3b2b"",""G*3b"",""2b1a"",""P*2b"",""1b2b"",""3b2b"",""1a2b""],""scoreCp"":2126},{""move"":""9d7b+"",""pvUsi"":[""9d7b+"",""8a7c"",""5h5g"",""P*5f"",""5g5f"",""P*5e"",""5f5e"",""B*4d"",""7b7c"",""1f1g+"",""P*3c"",""4d3c""],""scoreCp"":1528}]}]"
middlegame-120,1n2g4/+B1s1k3r/p+P2gp1pn/B8/2Pp2p2/1p2LP2l/PG1P+pS2N/LKR4PL/1NS1S1+p1g b 2P2p 1,250,2,1,256,3,3,641,635.9,657.3,251.333,128846.7,512653.3,293.3,16,"{""ok"":3}",0,0,"[{""label"":""middlegame-120:mt250-mpv2-t1-h256:warm1"",""candidates"":[{""move"":""9d8e"",""pvUsi"":[""9d8e"",""5b4b"",""8g8f"",""4b3c"",""5f5c"",""3c2d"",""5c5a+"",""1i1h"",""8c7b"",""1f1g+"",""8e6c+""],""scoreCp"":1715},{""move"":""8g8f"",""pvUsi"":[""8g8f"",""9c9d"",""8c7b"",""5g6g"",""9b7d"",""5b4b"",""5f5c+"",""4b5c"",""7d6e"",""6g7h"",""7i7h"",""R*5g"",""G*5d"",""5g5d+"",""6e5d"",""5c5d"",""R*5f"",""5d6c"",""5f5a+""],""scoreCp"":1458}]},{""label"":""middlegame-120:mt250-mpv2-t1-h256:warm2"",""candidates"":[{""move"":""9d8e"",""pvUsi"":[""9d8e"",""5b4b"",""8g8f"",""4b3c"",""5f5c"",""3c2d"",""5c5a+"",""1i1h"",""8c7b"",""1f1g+"",""8e6c+""],""scoreCp"":1715},{""move"":""8g8f"",""pvUsi"":[""8g8f"",""9c9d"",""8c7b"",""5g6g"",""9b7d"",""5b4b"",""5f5c+"",""4b5c"",""7d6e"",""6g7h"",""7i7h"",""R*5g"",""G*5d"",""5g5d+"",""6e5d"",""5c5d"",""R*5f"",""5d6c"",""5f5a+""],""scoreCp"":1458}]},{""label"":""middlegame-120:mt250-mpv2-t1-h256:warm3"",""candidates"":[{""move"":""9d8e"",""pvUsi"":[""9d8e"",""5b4b"",""8g8f"",""4b3c"",""5f5c"",""3c2d"",""5c5a+"",""1i1h"",""8c7b"",""1f1g+"",""8e6c+""],""scoreCp"":1715},{""move"":""8g8f"",""pvUsi"":[""8g8f"",""9c9d"",""8c7b"",""5g6g"",""9b7d"",""5b4b"",""5f5c+"",""4b5c"",""7d6e"",""6g7h"",""7i7h"",""R*5g"",""G*5d"",""5g5d+"",""6e5d"",""5c5d"",""R*5f"",""5d6c"",""5f5a+""],""scoreCp"":1458}]}]"
middlegame-150,1+Bp6/4+Bgr1p/1P2L1kpn/p4p2n/2Pp2p2/1pG2P3/P2P1S2+l/LKRS+p2PL/1NS1S1+p1g b GN2p 1,250,2,1,256,3,3,847.267,629.4,1291.6,251,150342.3,598877.4,290,15,"{""ok"":3}",0,0,"[{""label"":""middlegame-150:mt250-mpv2-t1-h256:warm1"",""candidates"":[{""move"":""G*3d"",""pvUsi"":[""G*3d"",""3c2b"",""8a5d"",""1c2e"",""5d4d"",""2b1c"",""4d3e"",""1c2b"",""5b4b"",""3b4b"",""G*3c"",""2b2a"",""3c4b"",""B*5e"",""6h7g"",""5e7g+"",""7h7g""],""scoreCp"":2855},{""move"":""N*2f"",""pvUsi"":[""N*2f"",""1d2f"",""G*3d"",""3c2b"",""5b4b"",""8f8g+"",""8h8g"",""N*9e"",""8g8h"",""3b3d"",""8a5d"",""G*8g"",""8h9i"",""1c2e"",""G*2a"",""2b1c""],""scoreCp"":1687}]},{""label"":""middlegame-150:mt250-mpv2-t1-h256:warm2"",""candidates"":[{""move"":""G*3d"",""pvUsi"":[""G*3d"",""3c2b"",""8a5d"",""1c2e"",""5d4d"",""2b1c"",""4d3e"",""1c2b"",""5b4b"",""3b4b"",""G*3c"",""2b2a"",""3c4b"",""B*5e"",""6h7g"",""5e7g+"",""7h7g""],""scoreCp"":2855},{""move"":""N*2f"",""pvUsi"":[""N*2f"",""1d2f"",""G*3d"",""3c2b"",""5b4b"",""8f8g+"",""8h8g"",""N*9e"",""8g8h"",""3b3d"",""8a5d"",""G*8g"",""8h9i"",""1c2e"",""G*2a"",""2b1c""],""scoreCp"":1687}]},{""label"":""middlegame-150:mt250-mpv2-t1-h256:warm3"",""candidates"":[{""move"":""G*3d"",""pvUsi"":[""G*3d"",""3c2b"",""8a5d"",""1c2e"",""5d4d"",""2b1c"",""4d3e"",""1c2b"",""5b4b"",""3b4b"",""G*3c"",""2b2a"",""3c4b"",""B*5e"",""6h7g"",""5e7g+"",""7h7g""],""scoreCp"":2855},{""move"":""N*2f"",""pvUsi"":[""N*2f"",""1d2f"",""G*3d"",""3c2b"",""5b4b"",""8f8g+"",""8h8g"",""N*9e"",""8g8h"",""3b3d"",""8a5d"",""G*8g"",""8h9i"",""1c2e"",""G*2a"",""2b1c""],""scoreCp"":1687}]}]"
mate-in-one,2p2+B2k/1+B3g2p/1P2L1Gpn/p1P2p3/3p2p2/lpG1NP3/P1KP+p3+l/LS1S2SP+n/1NR1S1+pg1 b RPp 1,250,2,1,256,3,3,766.667,624.7,1053.3,250.667,227179.7,906310,296.7,39,"{""mate"":3}",0,0,"[{""label"":""mate-in-one:mt250-mpv2-t1-h256:warm1"",""candidates"":[{""move"":""R*3a"",""pvUsi"":[""R*3a""],""scoreMate"":1},{""move"":""4a4b"",""pvUsi"":[""4a4b"",""5g6g"",""6h6g"",""8f8g+"",""8h8g"",""3i3h"",""G*2b""],""scoreMate"":7}]},{""label"":""mate-in-one:mt250-mpv2-t1-h256:warm2"",""candidates"":[{""move"":""R*3a"",""pvUsi"":[""R*3a""],""scoreMate"":1},{""move"":""4a4b"",""pvUsi"":[""4a4b"",""5g6g"",""6h6g"",""8f8g+"",""8h8g"",""3i3h"",""G*2b""],""scoreMate"":7}]},{""label"":""mate-in-one:mt250-mpv2-t1-h256:warm3"",""candidates"":[{""move"":""R*3a"",""pvUsi"":[""R*3a""],""scoreMate"":1},{""move"":""4a4b"",""pvUsi"":[""4a4b"",""5g6g"",""6h6g"",""8f8g+"",""8h8g"",""3i3h"",""G*2b""],""scoreMate"":7}]}]"
single-legal-move,2p5k/4Rg2p/1P2L1Gp1/p1P+B+Bp3/n2p2pnP/l1G2P3/P+pKP1+p2+l/LS1S2SP+n/1NR1S1+pg1 b P 1,250,2,1,256,3,3,636.033,643.1,645.9,250,239289,957156,296.7,0,"{""incomplete"":3}",3,0,"[{""label"":""single-legal-move:mt250-mpv2-t1-h256:warm1"",""candidates"":[]},{""label"":""single-legal-move:mt250-mpv2-t1-h256:warm2"",""candidates"":[]},{""label"":""single-legal-move:mt250-mpv2-t1-h256:warm3"",""candidates"":[]}]"
sparse-endgame,l+P1+S5/+B1+B4sl/5r+N1n/l3p3p/2g1kS2P/2P3PG1/2S5L/+n1G4pK/P+p1G1R3 b 7Pn2p 1,250,2,1,256,3,3,862.333,757.8,1085.3,250,518633,2074532,296.7,80.67,"{""mate"":3}",0,0,"[{""label"":""sparse-endgame:mt250-mpv2-t1-h256:warm1"",""candidates"":[{""move"":""7b5d"",""pvUsi"":[""7b5d""],""scoreMate"":1},{""move"":""4e5f"",""pvUsi"":[""4e5f"",""5e6d"",""4i4c+"",""N*4b"",""7b7c""],""scoreMate"":5}]},{""label"":""sparse-endgame:mt250-mpv2-t1-h256:warm2"",""candidates"":[{""move"":""7b5d"",""pvUsi"":[""7b5d""],""scoreMate"":1},{""move"":""4e5f"",""pvUsi"":[""4e5f"",""5e6d"",""4i4c+"",""N*4b"",""7b7c""],""scoreMate"":5}]},{""label"":""sparse-endgame:mt250-mpv2-t1-h256:warm3"",""candidates"":[{""move"":""7b5d"",""pvUsi"":[""7b5d""],""scoreMate"":1},{""move"":""4e5f"",""pvUsi"":[""4e5f"",""5e6d"",""4i4c+"",""N*4b"",""7b7c""],""scoreMate"":5}]}]"
initial-position,lnsgkgsnl/1r5b1/ppppppppp/9/9/9/PPPPPPPPP/1B5R1/LNSGKGSNL b - 1,250,2,2,256,3,3,773.633,770.3,789.3,251.667,184039.3,731248.1,336.7,11.33,"{""ok"":2,""incomplete"":1}",1,0,"[{""label"":""initial-position:mt250-mpv2-t2-h256:warm1"",""candidates"":[{""move"":""7g7f"",""pvUsi"":[""7g7f"",""8c8d"",""2g2f"",""8d8e"",""2f2e"",""4a3b"",""8h7g"",""3c3d"",""6g6f"",""2b3c"",""6i7h"",""1c1d"",""4i5h"",""4c4d"",""7i6h"",""3a4b"",""1g1f"",""6a5b"",""9g9f""],""scoreCp"":44},{""move"":""2g2f"",""pvUsi"":[""2g2f"",""8c8d"",""7g7f"",""8d8e"",""2f2e"",""3c3d"",""6i7h"",""4a3b"",""2e2d"",""2c2d"",""2h2d"",""8e8f"",""8g8f"",""8b8f"",""5i6h"",""8f8b"",""2d3d"",""5a4a"",""3d3e"",""2b8h+"",""7i8h""],""scoreCp"":38}]},{""label"":""initial-position:mt250-mpv2-t2-h256:warm2"",""candidates"":[{""move"":""2g2f"",""pvUsi"":[""2g2f"",""8c8d"",""2f2e"",""4a3b"",""6i7h"",""8d8e"",""9g9f"",""1c1d"",""3i3h"",""5a4b"",""5i6h"",""7a6b"",""3g3f"",""8e8f"",""8g8f"",""8b8f""],""scoreCp"":37},{""move"":""6i7h"",""pvUsi"":[""6i7h"",""8c8d"",""2g2f"",""4a3b"",""2f2e"",""8d8e"",""9g9f"",""5a4b"",""3i3h"",""7a7b"",""5i6h"",""9c9d"",""2e2d"",""2c2d"",""2h2d"",""P*2c"",""2d2f"",""3c3d""],""scoreCp"":32}]},{""label"":""initial-position:mt250-mpv2-t2-h256:warm3"",""candidates"":[]}]"
quiet-no-mate,1n1g1ksn1/l1rsg2b1/p1pp1p+Bpl/1p2p4/8p/2P3P1P/PP1PPPSP1/3S4R/LNG1KG1NL b P 1,250,2,2,256,3,3,970.3,1091.3,1157.1,252.667,151203.3,598603.1,336.7,14.33,"{""ok"":3}",0,0,"[{""label"":""quiet-no-mate:mt250-mpv2-t2-h256:warm1"",""candidates"":[{""move"":""3c2c"",""pvUsi"":[""3c2c"",""4a5a"",""1f1e"",""2b9i+"",""1e1d"",""L*8e"",""1d1c+"",""8e8g+"",""L*8c"",""6b5c"",""8c8a+"",""P*2h"",""1h2h""],""scoreCp"":1486},{""move"":""3c2b"",""pvUsi"":[""3c2b"",""3a2b"",""1f1e"",""B*3c"",""B*6f"",""3c6f"",""6g6f"",""B*8c"",""5i4h"",""8c9d"",""1e1d"",""9d7f"",""1d1c+""],""scoreCp"":1466}]},{""label"":""quiet-no-mate:mt250-mpv2-t2-h256:warm2"",""candidates"":[{""move"":""3c2b"",""pvUsi"":[""3c2b"",""3a2b"",""1f1e"",""B*3c"",""1e1d"",""1c1d"",""1h1d"",""P*1c"",""1d3d"",""3c9i+"",""1i1c+"",""2a1c"",""B*3b"",""4a3a""],""scoreCp"":1557},{""move"":""3c2c"",""pvUsi"":[""3c2c"",""4a5a"",""2c2b"",""3a2b"",""1f1e"",""B*3c"",""B*7g"",""3c1e"",""1h1e"",""1c1e"",""1i1e"",""R*1i"",""7g2b+"",""1i2i+"",""2b2a"",""6b5c""],""scoreCp"":1424}]},{""label"":""quiet-no-mate:mt250-mpv2-t2-h256:warm3"",""candidates"":[{""move"":""3c2b"",""pvUsi"":[""3c2b"",""3a2b"",""1f1e"",""B*4d"",""B*6f"",""4d6f"",""6g6f"",""B*4e"",""1e1d"",""6b5c"",""5i5h""],""scoreCp"":1554},{""move"":""3c2c"",""pvUsi"":[""3c2c"",""4a5a"",""2c2b"",""3a2b"",""1f1e"",""B*4d"",""B*6f"",""4d6f"",""6g6f"",""B*7d"",""1e1d"",""7d4g+"",""1d1c+"",""2a1c"",""B*5f"",""4g5f"",""5g5f""],""scoreCp"":1475}]}]"
sente-middlegame,1nrg3n1/l2s2k2/p1p1gp1pl/1p1pp2s1/6P1p/b1P5P/PP1PPP1P1/L1KSRSG2/1NG4NL b BP 1,250,2,2,256,3,3,797.133,819.5,871.4,252,144574,573716.2,340,5,"{""incomplete"":2,""ok"":1}",2,0,"[{""label"":""sente-middlegame:mt250-mpv2-t2-h256:warm1"",""candidates"":[]},{""label"":""sente-middlegame:mt250-mpv2-t2-h256:warm2"",""candidates"":[{""move"":""9g9f"",""pvUsi"":[""9g9f"",""7c7d"",""B*8c"",""7d7e"",""8c9b+"",""1e1f"",""5g5f"",""1f1g+"",""2i1g"",""7e7f"",""L*7d""],""scoreCp"":1974},{""move"":""1f1e"",""pvUsi"":[""1f1e"",""9f6c"",""1e1d"",""1c1d"",""1i1d"",""P*1c"",""L*2f"",""1c1d"",""2f2d"",""2c2d"",""S*8b"",""7a7b"",""8b8a+"",""7c7d"",""3e3d""],""scoreCp"":1223}]},{""label"":""sente-middlegame:mt250-mpv2-t2-h256:warm3"",""candidates"":[]}]"
gote-middlegame,1nrgB2n1/l2s2k2/p1p1gp1pl/1p1pp2s1/6P1p/b1P5P/PP1PPP1P1/L1KSRSG2/1NG4NL w P 1,250,2,2,256,3,3,745.933,784.5,793.5,251.333,157835,628090,340,3.33,"{""incomplete"":2,""ok"":1}",2,0,"[{""label"":""gote-middlegame:mt250-mpv2-t2-h256:warm1"",""candidates"":[]},{""label"":""gote-middlegame:mt250-mpv2-t2-h256:warm2"",""candidates"":[]},{""label"":""gote-middlegame:mt250-mpv2-t2-h256:warm3"",""candidates"":[{""move"":""9f8g+"",""pvUsi"":[""9f8g+"",""7h8g"",""6a5a"",""B*8b"",""7a6a"",""8b9a+"",""1e1f"",""9a9b"",""1f1g+"",""2i1g"",""B*4i"",""4h5i"",""4i5h+"",""5i5h""],""scoreCp"":317},{""move"":""9f8e"",""pvUsi"":[""9f8e"",""5a2d+"",""2c2d"",""1f1e"",""7c7d"",""1e1d"",""1c1d"",""1i1d"",""7d7e"",""1d1b+"",""6d6e""],""scoreCp"":347}]}]"
middlegame-60,1nr1g1kn1/l2sb4/p1p1gpppl/1p2p4/3p2P2/1PP2+B1sp/P1KPPP2P/L1G1RSG2/1N2S2NL b p 1,250,2,2,256,3,3,746.233,778.9,786.6,250.333,155308.7,620396,340,9.33,"{""ok"":2,""incomplete"":1}",1,0,"[{""label"":""middlegame-60:mt250-mpv2-t2-h256:warm1"",""candidates"":[{""move"":""1g1f"",""pvUsi"":[""1g1f"",""7c7d"",""4h3g"",""2f3g"",""3h3g"",""7d7e"",""5h2h"",""S*5e"",""4f3f"",""7e7f"",""7g6h"",""6e6f"",""2h2c+"",""6f6g+"",""6h6g""],""scoreCp"":774},{""move"":""3h3g"",""pvUsi"":[""3h3g"",""2f1g+"",""2i1g"",""1f1g+"",""5g5f"",""5a4b""],""scoreCp"":667}]},{""label"":""middlegame-60:mt250-mpv2-t2-h256:warm2"",""candidates"":[{""move"":""3h3g"",""pvUsi"":[""3h3g"",""2f1e"",""1g1f"",""1e2d"",""1f1e"",""7c7d"",""4f8b"",""7d7e"",""7g6h"",""7e7f"",""3e3d"",""3c3d"",""8b7a"",""6b7a""],""scoreCp"":773},{""move"":""1g1f"",""pvUsi"":[""1g1f"",""5c4d"",""1f1e"",""5a4b"",""1e1d"",""1c1d"",""1i1d"",""P*1c"",""1d1c"",""2f3e"",""4f6d"",""2a1c"",""P*1d""],""scoreCp"":751}]},{""label"":""middlegame-60:mt250-mpv2-t2-h256:warm3"",""candidates"":[]}]"
middlegame-80,1nsg3nk/l1r6/p1p1gppp1/1p1+B5/1b1pp1P1l/1PP1PP2p/P2P3GN/LKG1R1S1L/1NS1S4 b 2p 1,250,2,2,256,3,3,737.433,752.3,772.5,252,161924.7,642586.3,333.3,15.33,"{""ok"":3}",0,0,"[{""label"":""middlegame-80:mt250-mpv2-t2-h256:warm1"",""candidates"":[{""move"":""6d5c"",""pvUsi"":[""6d5c"",""8e7f"",""G*7g"",""7f9h+"",""8h9h"",""1f1g+"",""5c4c"",""6a5b"",""4c6e"",""1g1h"",""5f5e""],""scoreCp"":2144},{""move"":""6d7e"",""pvUsi"":[""6d7e"",""8e9d"",""7e5c"",""1f1g+"",""3e3d"",""3c3d"",""5c4c"",""6e6f"",""6g6f"",""7b8b""],""scoreCp"":1887}]},{""label"":""middlegame-80:mt250-mpv2-t2-h256:warm2"",""candidates"":[{""move"":""6d5c"",""pvUsi"":[""6d5c"",""8e7f"",""1g2e"",""6e6f"",""G*7g"",""6f6g+"",""7h6g"",""7f6g+"",""7g6g"",""1f1g+"",""2g1g"",""7b8b"",""7i7h"",""8d8e"",""6g7g"",""8e8f""],""scoreCp"":2171},{""move"":""6d7e"",""pvUsi"":[""6d7e"",""1f1g+"",""8f8e"",""6a5b"",""2g1g"",""7c7d"",""7e4h"",""8d8e"",""4h1e"",""8e8f"",""L*2f"",""1a2b"",""2f2c+"",""2b2c"",""B*4e"",""2c1c"",""4e7b+""],""scoreCp"":1885}]},{""label"":""middlegame-80:mt250-mpv2-t2-h256:warm3"",""candidates"":[{""move"":""6d5c"",""pvUsi"":[""6d5c"",""8e7f"",""1g2e"",""6e6f"",""G*7g"",""6a5b"",""5c7e"",""7f9d"",""6g6f""],""scoreCp"":2163},{""move"":""6d7e"",""pvUsi"":[""6d7e"",""8e7d"",""1g2e"",""7a6b"",""5f5e"",""1a2b"",""2g2f"",""7d6c"",""2f1e"",""6c1h+"",""7e6e"",""1f1g+"",""5e5d""],""scoreCp"":1941}]}]"
hand-piece-rich,1n2g4/l1s3k1r/p1+B1gp1pn/Bp7/1PPp5/5P2l/PG1P+pS2N/LK2R3L/1NS1S4 b 2Pg5p 1,250,2,2,256,3,3,709.067,690,780.8,253.333,136554,538868.1,343.3,9.67,"{""ok"":2,""incomplete"":1}",1,0,"[{""label"":""hand-piece-rich:mt250-mpv2-t2-h256:warm1"",""candidates"":[{""move"":""7c5a"",""pvUsi"":[""7c5a"",""5g5h"",""9d7b+"",""R*6i"",""S*3c"",""3b2a"",""P*2b"",""1b2b"",""7b8a"",""6i7i+"",""8h7i""],""scoreCp"":1820},{""move"":""9d7b+"",""pvUsi"":[""9d7b+"",""8a7c"",""5h5g"",""P*5f"",""P*3c"",""3b4a"",""5g5f"",""P*5e"",""S*3b"",""4a4b""],""scoreCp"":1478}]},{""label"":""hand-piece-rich:mt250-mpv2-t2-h256:warm2"",""candidates"":[{""move"":""7c5a"",""pvUsi"":[""7c5a"",""3b2a"",""P*3c"",""P*3a"",""5h5g"",""9c9d"",""P*1d"",""B*4d"",""8h7h""],""scoreCp"":2173},{""move"":""9d7b+"",""pvUsi"":[""9d7b+"",""8a7c"",""5h5g"",""B*2b"",""8h7h"",""P*5f"",""5g5f"",""P*5e"",""5f5h"",""7c8e"",""P*1d"",""1f1g+"",""5h3h"",""P*3c""],""scoreCp"":1542}]},{""label"":""hand-piece-rich:mt250-mpv2-t2-h256:warm3"",""candidates"":[]}]"
middlegame-120,1n2g4/+B1s1k3r/p+P2gp1pn/B8/2Pp2p2/1p2LP2l/PG1P+pS2N/LKR4PL/1NS1S1+p1g b 2P2p 1,250,2,2,256,3,3,697.2,665.8,766.5,252.333,137756.7,545732.8,340,13.67,"{""ok"":3}",0,0,"[{""label"":""middlegame-120:mt250-mpv2-t2-h256:warm1"",""candidates"":[{""move"":""9d8e"",""pvUsi"":[""9d8e"",""5b4b"",""5f5c+"",""4b3c"",""8g8f"",""P*8d"",""8e7f"",""3c2d"",""8c7b"",""1i1h"",""S*2f"",""5g4g"",""9b8a""],""scoreCp"":1752},{""move"":""8g8f"",""pvUsi"":[""8g8f"",""9c9d"",""8c7b"",""5g6g"",""5f5c+"",""5b5c"",""9b6e"",""6g7h"",""7i7h"",""1b7b"",""G*5d"",""5c6b""],""scoreCp"":1501}]},{""label"":""middlegame-120:mt250-mpv2-t2-h256:warm2"",""candidates"":[{""move"":""9d8e"",""pvUsi"":[""9d8e"",""5b4b"",""8g8f"",""4b3c"",""5f5c"",""3c3d"",""5c5a+"",""5g4g"",""8c7b"",""1f1g+"",""1h1g""],""scoreCp"":1734},{""move"":""8g8f"",""pvUsi"":[""8g8f"",""9c9d"",""8c7b"",""5g5f"",""4g5f"",""1i1h"",""9b8a"",""1f1g+"",""P*3d"",""B*4d"",""P*5e""],""scoreCp"":1558}]},{""label"":""middlegame-120:mt250-mpv2-t2-h256:warm3"",""candidates"":[{""move"":""9d8e"",""pvUsi"":[""9d8e"",""5b4b"",""8g8f"",""4b3c"",""5f5c"",""5g4g"",""8c7b"",""3c2d"",""8e6c+"",""S*3g"",""5c5a+"",""1c2e"",""9b6e""],""scoreCp"":1695},{""move"":""8g8f"",""pvUsi"":[""8g8f"",""9c9d"",""P*5d"",""5c6c"",""8c7b"",""B*3c"",""8h8g"",""5b4a"",""5d5c+""],""scoreCp"":1486}]}]"
middlegame-150,1+Bp6/4+Bgr1p/1P2L1kpn/p4p2n/2Pp2p2/1pG2P3/P2P1S2+l/LKRS+p2PL/1NS1S1+p1g b GN2p 1,250,2,2,256,3,3,737.467,759.8,774.4,251.667,139072,552662.1,336.7,13.33,"{""ok"":3}",0,0,"[{""label"":""middlegame-150:mt250-mpv2-t2-h256:warm1"",""candidates"":[{""move"":""G*3d"",""pvUsi"":[""G*3d"",""3c2b"",""5b4b"",""3b3d"",""7f8f"",""G*3b"",""4b3b"",""2b3b"",""8a5d"",""3b3c"",""1h1g"",""P*8g"",""8f8g"",""5h6h"",""5i6h""],""scoreCp"":2432},{""move"":""8a5d"",""pvUsi"":[""8a5d"",""4b5b"",""5d3b"",""3c3b"",""7f8f"",""3b3c"",""5c5b+"",""1i1h""],""scoreCp"":1697}]},{""label"":""middlegame-150:mt250-mpv2-t2-h256:warm2"",""candidates"":[{""move"":""G*3d"",""pvUsi"":[""G*3d"",""3c2b"",""5b4b"",""3b3d"",""4b4c"",""G*8g"",""8h9i"",""1c2e"",""4c3d"",""5h6h"",""5i6h"",""1g1h"",""3d4d"",""S*3c""],""scoreCp"":2604},{""move"":""N*2f"",""pvUsi"":[""N*2f"",""4b5b"",""G*3d"",""3c2b"",""2f1d"",""2b1a"",""8a5d"",""5h6h"",""5d4d"",""1a2a"",""7f8f"",""6h7i"",""8h7i"",""B*5g"",""7i6i"",""5b5c"",""4d5c""],""scoreCp"":1830}]},{""label"":""middlegame-150:mt250-mpv2-t2-h256:warm3"",""candidates"":[{""move"":""G*3d"",""pvUsi"":[""G*3d"",""3c2b"",""5b4b"",""3b3d"",""7f8f"",""1c2e"",""4b4c"",""P*8e"",""4c3d"",""8e8f"",""3d4d"",""2b1c"",""4d3e"",""1c2b""],""scoreCp"":2657},{""move"":""8a5d"",""pvUsi"":[""8a5d"",""4b5b"",""5d3b"",""3c3b"",""7f8f"",""1i1h"",""G*3d"",""P*8g"",""8h8g"",""5b4c"",""R*5b"",""L*4b"",""N*5d"",""4c3d"",""5b4b+"",""3b2a""],""scoreCp"":1677}]}]"
mate-in-one,2p2+B2k/1+B3g2p/1P2L1Gpn/p1P2p3/3p2p2/lpG1NP3/P1KP+p3+l/LS1S2SP+n/1NR1S1+pg1 b RPp 1,250,2,2,256,3,3,707.2,690,783.9,251.333,240335.3,956544.7,340,37.67,"{""mate"":3}",0,0,"[{""label"":""mate-in-one:mt250-mpv2-t2-h256:warm1"",""candidates"":[{""move"":""R*3a"",""pvUsi"":[""R*3a""],""scoreMate"":1},{""move"":""4a4b"",""pvUsi"":[""4a4b"",""8f8g+"",""8h8g"",""5g6g"",""6h6g"",""3i3h"",""G*2b""],""scoreMate"":7}]},{""label"":""mate-in-one:mt250-mpv2-t2-h256:warm2"",""candidates"":[{""move"":""R*3a"",""pvUsi"":[""R*3a""],""scoreMate"":1},{""move"":""4a4b"",""pvUsi"":[""4a4b"",""5g6g"",""6h6g"",""8f8g+"",""8h8g"",""3i3h"",""G*2b""],""scoreMate"":7}]},{""label"":""mate-in-one:mt250-mpv2-t2-h256:warm3"",""candidates"":[{""move"":""R*3a"",""pvUsi"":[""R*3a""],""scoreMate"":1},{""move"":""4a4b"",""pvUsi"":[""4a4b"",""5g6g"",""7g6g"",""6e6f"",""7f6f"",""P*6e"",""G*2b""],""scoreMate"":7}]}]"
single-legal-move,2p5k/4Rg2p/1P2L1Gp1/p1P+B+Bp3/n2p2pnP/l1G2P3/P+pKP1+p2+l/LS1S2SP+n/1NR1S1+pg1 b P 1,250,2,2,256,3,3,668.867,673.8,678.7,250.667,195973.3,781410.4,340,0,"{""incomplete"":3}",3,0,"[{""label"":""single-legal-move:mt250-mpv2-t2-h256:warm1"",""candidates"":[]},{""label"":""single-legal-move:mt250-mpv2-t2-h256:warm2"",""candidates"":[]},{""label"":""single-legal-move:mt250-mpv2-t2-h256:warm3"",""candidates"":[]}]"
sparse-endgame,l+P1+S5/+B1+B4sl/5r+N1n/l3p3p/2g1kS2P/2P3PG1/2S5L/+n1G4pK/P+p1G1R3 b 7Pn2p 1,250,2,2,256,3,3,1044.1,1121.2,1218.5,252.667,520985,2061777.1,340,75,"{""mate"":3}",0,0,"[{""label"":""sparse-endgame:mt250-mpv2-t2-h256:warm1"",""candidates"":[{""move"":""7b5d"",""pvUsi"":[""7b5d""],""scoreMate"":1},{""move"":""4e5f"",""pvUsi"":[""4e5f"",""5e6d"",""4i4c+"",""N*4b"",""R*6c""],""scoreMate"":5}]},{""label"":""sparse-endgame:mt250-mpv2-t2-h256:warm2"",""candidates"":[{""move"":""7b5d"",""pvUsi"":[""7b5d""],""scoreMate"":1},{""move"":""4e5f"",""pvUsi"":[""4e5f"",""5e6d"",""4i4c+"",""N*4b"",""7b7c""],""scoreMate"":5}]},{""label"":""sparse-endgame:mt250-mpv2-t2-h256:warm3"",""candidates"":[{""move"":""7b5d"",""pvUsi"":[""7b5d""],""scoreMate"":1},{""move"":""4e5f"",""pvUsi"":[""4e5f"",""5e6d"",""4i4c+"",""N*4b"",""R*6c""],""scoreMate"":5}]}]"
initial-position,lnsgkgsnl/1r5b1/ppppppppp/9/9/9/PPPPPPPPP/1B5R1/LNSGKGSNL b - 1,250,3,1,256,3,3,721.533,764.2,765,250.667,198950.3,793629.6,290,6,"{""incomplete"":2,""ok"":1}",2,0,"[{""label"":""initial-position:mt250-mpv3-t1-h256:warm1"",""candidates"":[]},{""label"":""initial-position:mt250-mpv3-t1-h256:warm2"",""candidates"":[{""move"":""7g7f"",""pvUsi"":[""7g7f"",""8c8d"",""7i6h"",""3c3d"",""6h7g"",""3a4b"",""2g2f"",""4b3c"",""6i7h"",""5c5d"",""3g3f"",""8d8e"",""5i6i""],""scoreCp"":48},{""move"":""2g2f"",""pvUsi"":[""2g2f"",""8c8d"",""2f2e"",""4a3b"",""7g7f"",""8d8e"",""8h7g"",""3c3d"",""6g6f"",""2b3c"",""7i6h"",""3a4b"",""4i5h"",""1c1d"",""9g9f"",""9c9d"",""1g1f"",""6a5b"",""6i7h"",""7c7d"",""3i4h"",""4c4d"",""5g5f""],""scoreCp"":30},{""move"":""6i7h"",""pvUsi"":[""6i7h"",""8c8d"",""7g7f"",""8d8e"",""8h7g"",""3c3d"",""7i6h"",""9c9d"",""1g1f"",""1c1d"",""2g2f"",""2b7g+"",""6h7g"",""3a2b"",""3i4h""],""scoreCp"":16}]},{""label"":""initial-position:mt250-mpv3-t1-h256:warm3"",""candidates"":[]}]"
quiet-no-mate,1n1g1ksn1/l1rsg2b1/p1pp1p+Bpl/1p2p4/8p/2P3P1P/PP1PPPSP1/3S4R/LNG1KG1NL b P 1,250,3,1,256,3,3,735.767,722.4,858.3,250.333,162409.3,648705.4,293.3,10.67,"{""incomplete"":1,""ok"":2}",1,0,"[{""label"":""quiet-no-mate:mt250-mpv3-t1-h256:warm1"",""candidates"":[]},{""label"":""quiet-no-mate:mt250-mpv3-t1-h256:warm2"",""candidates"":[{""move"":""3c2b"",""pvUsi"":[""3c2b"",""3a2b"",""1f1e"",""B*3c"",""B*6f"",""6b5c"",""1e1d"",""1c1d"",""1h1d"",""3c6f"",""6g6f"",""P*1c"",""1d1h"",""B*8c"",""5i4h"",""7b8b"",""8i7g""],""scoreCp"":1582},{""move"":""3c2c"",""pvUsi"":[""3c2c"",""4a5a"",""2c2b"",""3a2b"",""1f1e"",""B*7d"",""5i4h"",""6b5c"",""1e1d"",""1c1d"",""1h1d"",""P*1c"",""1d1f"",""2a3c"",""7f7e"",""7d8c"",""3f3e"",""3c2e""],""scoreCp"":1578},{""move"":""3c3d"",""pvUsi"":[""3c3d"",""2b9i+"",""1f1e"",""3a2b"",""1e1d"",""1c1d"",""1h1d"",""L*1c"",""1d1c+"",""2a1c"",""P*1d"",""P*3c""],""scoreCp"":920}]},{""label"":""quiet-no-mate:mt250-mpv3-t1-h256:warm3"",""candidates"":[{""move"":""3c2b"",""pvUsi"":[""3c2b"",""3a2b"",""1f1e"",""B*3c"",""B*6f"",""6b5c"",""1e1d"",""1c1d"",""1h1d"",""3c6f"",""6g6f"",""P*1c"",""1d1h"",""B*8c"",""5i4h"",""7b8b"",""8i7g""],""scoreCp"":1582},{""move"":""3c2c"",""pvUsi"":[""3c2c"",""4a5a"",""2c2b"",""3a2b"",""1f1e"",""B*7d"",""5i4h"",""6b5c"",""1e1d"",""1c1d"",""1h1d"",""P*1c"",""1d1f"",""2a3c"",""7f7e"",""7d8c"",""3f3e"",""3c2e""],""scoreCp"":1578},{""move"":""3c3d"",""pvUsi"":[""3c3d"",""2b9i+"",""1f1e"",""3a2b"",""1e1d"",""1c1d"",""1h1d"",""L*1c"",""1d1c+"",""2a1c"",""P*1d"",""P*3c""],""scoreCp"":920}]}]"
sente-middlegame,1nrg3n1/l2s2k2/p1p1gp1pl/1p1pp2s1/6P1p/b1P5P/PP1PPP1P1/L1KSRSG2/1NG4NL b BP 1,250,3,1,256,3,3,736.667,742.4,850.3,250.667,144129.7,575016.5,293.3,15,"{""ok"":3}",0,0,"[{""label"":""sente-middlegame:mt250-mpv3-t1-h256:warm1"",""candidates"":[{""move"":""9g9f"",""pvUsi"":[""9g9f"",""7c7d"",""B*8b"",""7a7b"",""8b9a+"",""8a7c"",""1f1e"",""7d7e"",""B*8c"",""7e7f"",""8c7b+"",""6a7b"",""9a9b"",""1c1e"",""1i1e""],""scoreCp"":1997},{""move"":""1f1e"",""pvUsi"":[""1f1e"",""9f8e"",""1e1d"",""1c1d"",""1i1d"",""P*1c"",""1d1c"",""2d1c"",""3e3d""],""scoreCp"":1192},{""move"":""3e3d"",""pvUsi"":[""3e3d"",""9f8e"",""1f1e"",""3b4b"",""5g5f"",""7c7d"",""5f5e""],""scoreCp"":1155}]},{""label"":""sente-middlegame:mt250-mpv3-t1-h256:warm2"",""candidates"":[{""move"":""9g9f"",""pvUsi"":[""9g9f"",""7c7d"",""B*8b"",""7a7b"",""8b9a+"",""8a7c"",""1f1e"",""7d7e"",""B*8c"",""7e7f"",""8c7b+"",""6a7b"",""9a9b"",""1c1e"",""1i1e""],""scoreCp"":1997},{""move"":""1f1e"",""pvUsi"":[""1f1e"",""9f8e"",""1e1d"",""1c1d"",""1i1d"",""P*1c"",""1d1c"",""2d1c"",""3e3d""],""scoreCp"":1192},{""move"":""3e3d"",""pvUsi"":[""3e3d"",""9f8e"",""1f1e"",""3b4b"",""5g5f"",""7c7d"",""5f5e""],""scoreCp"":1155}]},{""label"":""sente-middlegame:mt250-mpv3-t1-h256:warm3"",""candidates"":[{""move"":""9g9f"",""pvUsi"":[""9g9f"",""7c7d"",""B*8b"",""7a7b"",""8b9a+"",""8a7c"",""1f1e"",""7d7e"",""B*8c"",""7e7f"",""8c7b+"",""6a7b"",""9a9b"",""1c1e"",""1i1e""],""scoreCp"":1997},{""move"":""1f1e"",""pvUsi"":[""1f1e"",""9f8e"",""1e1d"",""1c1d"",""1i1d"",""P*1c"",""1d1c"",""2d1c"",""3e3d""],""scoreCp"":1192},{""move"":""3e3d"",""pvUsi"":[""3e3d"",""9f8e"",""1f1e"",""3b4b"",""5g5f"",""7c7d"",""5f5e""],""scoreCp"":1155}]}]"
gote-middlegame,1nrgB2n1/l2s2k2/p1p1gp1pl/1p1pp2s1/6P1p/b1P5P/PP1PPP1P1/L1KSRSG2/1NG4NL w P 1,250,3,1,256,3,3,659.367,623.4,743.4,250.333,148969,595061.3,300,0,"{""incomplete"":3}",3,0,"[{""label"":""gote-middlegame:mt250-mpv3-t1-h256:warm1"",""candidates"":[]},{""label"":""gote-middlegame:mt250-mpv3-t1-h256:warm2"",""candidates"":[]},{""label"":""gote-middlegame:mt250-mpv3-t1-h256:warm3"",""candidates"":[]}]"
middlegame-60,1nr1g1kn1/l2sb4/p1p1gpppl/1p2p4/3p2P2/1PP2+B1sp/P1KPPP2P/L1G1RSG2/1N2S2NL b p 1,250,3,1,256,3,3,623.067,622.4,632.6,251.333,143901,572570.7,293.3,15,"{""ok"":3}",0,0,"[{""label"":""middlegame-60:mt250-mpv3-t1-h256:warm1"",""candidates"":[{""move"":""1g1f"",""pvUsi"":[""1g1f"",""5c4d"",""3h3g"",""2f3e"",""4f6d"",""3a3b"",""1f1e"",""7c7d"",""1e1d"",""1c1d"",""1i1d"",""7d7e"",""6d7e""],""scoreCp"":811},{""move"":""3h3g"",""pvUsi"":[""3h3g"",""2f1g"",""2i1g"",""1f1g+"",""3e3d"",""3c3d"",""5g5f"",""5a4b"",""5f5e"",""5d5e"",""5h5e"",""P*5d"",""5e2e"",""4b3b"",""P*2d""],""scoreCp"":780},{""move"":""4h3g"",""pvUsi"":[""4h3g"",""2f1g+"",""3e3d"",""3c3d"",""5g5f"",""5a4b"",""5f5e"",""5d5e"",""5h5e"",""5c4d"",""2i1g"",""4d5e"",""4f5e"",""1f1g+""],""scoreCp"":661}]},{""label"":""middlegame-60:mt250-mpv3-t1-h256:warm2"",""candidates"":[{""move"":""1g1f"",""pvUsi"":[""1g1f"",""5c4d"",""3h3g"",""2f3e"",""4f6d"",""3a3b"",""1f1e"",""7c7d"",""1e1d"",""1c1d"",""1i1d"",""7d7e"",""6d7e""],""scoreCp"":811},{""move"":""3h3g"",""pvUsi"":[""3h3g"",""2f1g"",""2i1g"",""1f1g+"",""3e3d"",""3c3d"",""5g5f"",""5a4b"",""5f5e"",""5d5e"",""5h5e"",""P*5d"",""5e2e"",""4b3b"",""P*2d""],""scoreCp"":780},{""move"":""4h3g"",""pvUsi"":[""4h3g"",""2f1g+"",""3e3d"",""3c3d"",""5g5f"",""5a4b"",""5f5e"",""5d5e"",""5h5e"",""5c4d"",""2i1g"",""4d5e"",""4f5e"",""1f1g+""],""scoreCp"":661}]},{""label"":""middlegame-60:mt250-mpv3-t1-h256:warm3"",""candidates"":[{""move"":""1g1f"",""pvUsi"":[""1g1f"",""5c4d"",""3h3g"",""2f3e"",""4f6d"",""3a3b"",""1f1e"",""7c7d"",""1e1d"",""1c1d"",""1i1d"",""7d7e"",""6d7e""],""scoreCp"":811},{""move"":""3h3g"",""pvUsi"":[""3h3g"",""2f1g"",""2i1g"",""1f1g+"",""3e3d"",""3c3d"",""5g5f"",""5a4b"",""5f5e"",""5d5e"",""5h5e"",""P*5d"",""5e2e"",""4b3b"",""P*2d""],""scoreCp"":780},{""move"":""4h3g"",""pvUsi"":[""4h3g"",""2f1g+"",""3e3d"",""3c3d"",""5g5f"",""5a4b"",""5f5e"",""5d5e"",""5h5e"",""5c4d"",""2i1g"",""4d5e"",""4f5e"",""1f1g+""],""scoreCp"":661}]}]"
middlegame-80,1nsg3nk/l1r6/p1p1gppp1/1p1+B5/1b1pp1P1l/1PP1PP2p/P2P3GN/LKG1R1S1L/1NS1S4 b 2p 1,250,3,1,256,3,3,902.533,1032.7,1066.1,250.333,147283.3,588333,293.3,0,"{""incomplete"":3}",3,0,"[{""label"":""middlegame-80:mt250-mpv3-t1-h256:warm1"",""candidates"":[]},{""label"":""middlegame-80:mt250-mpv3-t1-h256:warm2"",""candidates"":[]},{""label"":""middlegame-80:mt250-mpv3-t1-h256:warm3"",""candidates"":[]}]"
hand-piece-rich,1n2g4/l1s3k1r/p1+B1gp1pn/Bp7/1PPp5/5P2l/PG1P+pS2N/LK2R3L/1NS1S4 b 2Pg5p 1,250,3,1,256,3,3,684.467,707.6,732.1,250.667,138479,552463.4,296.7,15,"{""ok"":3}",0,0,"[{""label"":""hand-piece-rich:mt250-mpv3-t1-h256:warm1"",""candidates"":[{""move"":""7c5a"",""pvUsi"":[""7c5a"",""9c9d"",""P*3c"",""3b2a"",""G*3b"",""1b3b"",""3c3b+"",""2a3b"",""P*3c"",""3b2a"",""5h5g"",""B*4d"",""8h7h"",""P*7g"",""8i7g"",""6e6f"",""3c3b+"",""2a3b""],""scoreCp"":2096},{""move"":""9d7b+"",""pvUsi"":[""9d7b+"",""8a7c"",""5h5g"",""B*3c"",""8h7h"",""P*7g"",""7h6h"",""6e6f"",""6g6f"",""3c6f"",""5g5c+"",""G*5g"",""5c5g"",""6f5g+"",""6h5g""],""scoreCp"":1536},{""move"":""P*3c"",""pvUsi"":[""P*3c"",""3b4a"",""9d7b+"",""1b7b"",""7c7b"",""5g5h"",""5i5h"",""R*1i"",""8h7h"",""P*3a""],""scoreCp"":1298}]},{""label"":""hand-piece-rich:mt250-mpv3-t1-h256:warm2"",""candidates"":[{""move"":""7c5a"",""pvUsi"":[""7c5a"",""9c9d"",""P*3c"",""3b2a"",""G*3b"",""1b3b"",""3c3b+"",""2a3b"",""P*3c"",""3b2a"",""5h5g"",""B*4d"",""8h7h"",""P*7g"",""8i7g"",""6e6f"",""3c3b+"",""2a3b""],""scoreCp"":2096},{""move"":""9d7b+"",""pvUsi"":[""9d7b+"",""8a7c"",""5h5g"",""B*3c"",""8h7h"",""P*7g"",""7h6h"",""6e6f"",""6g6f"",""3c6f"",""5g5c+"",""G*5g"",""5c5g"",""6f5g+"",""6h5g""],""scoreCp"":1536},{""move"":""P*3c"",""pvUsi"":[""P*3c"",""3b4a"",""9d7b+"",""1b7b"",""7c7b"",""5g5h"",""5i5h"",""R*1i"",""8h7h"",""P*3a""],""scoreCp"":1298}]},{""label"":""hand-piece-rich:mt250-mpv3-t1-h256:warm3"",""candidates"":[{""move"":""7c5a"",""pvUsi"":[""7c5a"",""9c9d"",""P*3c"",""3b2a"",""G*3b"",""1b3b"",""3c3b+"",""2a3b"",""P*3c"",""3b2a"",""5h5g"",""B*4d"",""8h7h"",""P*7g"",""8i7g"",""6e6f"",""3c3b+"",""2a3b""],""scoreCp"":2096},{""move"":""9d7b+"",""pvUsi"":[""9d7b+"",""8a7c"",""5h5g"",""B*3c"",""8h7h"",""P*7g"",""7h6h"",""6e6f"",""6g6f"",""3c6f"",""5g5c+"",""G*5g"",""5c5g"",""6f5g+"",""6h5g""],""scoreCp"":1536},{""move"":""P*3c"",""pvUsi"":[""P*3c"",""3b4a"",""9d7b+"",""1b7b"",""7c7b"",""5g5h"",""5i5h"",""R*1i"",""8h7h"",""P*3a""],""scoreCp"":1298}]}]"
middlegame-120,1n2g4/+B1s1k3r/p+P2gp1pn/B8/2Pp2p2/1p2LP2l/PG1P+pS2N/LKR4PL/1NS1S1+p1g b 2P2p 1,250,3,1,256,3,3,645.3,611.5,716.6,251.667,129104.7,512998.3,296.7,14,"{""ok"":3}",0,0,"[{""label"":""middlegame-120:mt250-mpv3-t1-h256:warm1"",""candidates"":[{""move"":""9d8e"",""pvUsi"":[""9d8e"",""5b4b"",""8g8f"",""4b3c"",""8c7b"",""3c2d"",""5f5c+"",""1i1h"",""9b8a"",""P*8g"",""8h8g"",""1f1g+"",""5c4c""],""scoreCp"":1664},{""move"":""8g8f"",""pvUsi"":[""8g8f"",""9c9d"",""P*5d"",""5c6c"",""8c7b"",""B*1a"",""8h8g"",""5b4a""],""scoreCp"":1541},{""move"":""5f5c"",""pvUsi"":[""5f5c"",""5b5c"",""8g8f"",""9c9d"",""8c7b"",""P*8e"",""8f7f"",""5g6g"",""9b6e"",""6g7h"",""7i7h"",""1b7b"",""S*5d"",""5c4d""],""scoreCp"":1474}]},{""label"":""middlegame-120:mt250-mpv3-t1-h256:warm2"",""candidates"":[{""move"":""9d8e"",""pvUsi"":[""9d8e"",""5b4b"",""8g8f"",""4b3c"",""8c7b"",""3c2d"",""5f5c+"",""1i1h"",""9b8a"",""P*8g"",""8h8g"",""1f1g+"",""5c4c""],""scoreCp"":1664},{""move"":""8g8f"",""pvUsi"":[""8g8f"",""9c9d"",""P*5d"",""5c6c"",""8c7b"",""B*1a"",""8h8g"",""5b4a""],""scoreCp"":1541},{""move"":""5f5c"",""pvUsi"":[""5f5c"",""5b5c"",""8g8f"",""9c9d"",""8c7b"",""P*8e"",""8f7f"",""5g6g"",""9b6e"",""6g7h"",""7i7h"",""1b7b"",""S*5d"",""5c4d""],""scoreCp"":1474}]},{""label"":""middlegame-120:mt250-mpv3-t1-h256:warm3"",""candidates"":[{""move"":""9d8e"",""pvUsi"":[""9d8e"",""5b4b"",""8g8f"",""4b3c"",""8c7b"",""3c2d"",""5f5c+"",""1i1h"",""9b8a"",""P*8g"",""8h8g"",""1f1g+"",""5c4c""],""scoreCp"":1664},{""move"":""8g8f"",""pvUsi"":[""8g8f"",""9c9d"",""P*5d"",""5c6c"",""8c7b"",""B*1a"",""8h8g"",""5b4a""],""scoreCp"":1541},{""move"":""5f5c"",""pvUsi"":[""5f5c"",""5b5c"",""8g8f"",""9c9d"",""8c7b"",""P*8e"",""8f7f"",""5g6g"",""9b6e"",""6g7h"",""7i7h"",""1b7b"",""S*5d"",""5c4d""],""scoreCp"":1474}]}]"
middlegame-150,1+Bp6/4+Bgr1p/1P2L1kpn/p4p2n/2Pp2p2/1pG2P3/P2P1S2+l/LKRS+p2PL/1NS1S1+p1g b GN2p 1,250,3,1,256,3,3,707.067,644.3,843.7,251.333,143889,572494.7,296.7,15,"{""ok"":3}",0,0,"[{""label"":""middlegame-150:mt250-mpv3-t1-h256:warm1"",""candidates"":[{""move"":""G*3d"",""pvUsi"":[""G*3d"",""3c2b"",""5b4b"",""3b3d"",""4b4c"",""1c2e"",""4c3d"",""5h6h"",""G*3c"",""2b1a"",""R*3a"",""S*2a"",""3a2a+"",""1a2a""],""scoreCp"":2496},{""move"":""N*4e"",""pvUsi"":[""N*4e"",""3c2d"",""1h1g"",""4b5b"",""L*2g"",""2d3d"",""5c5b+"",""B*1a"",""6h7g"",""8f8g+"",""8h8g"",""P*8f"",""7f8f""],""scoreCp"":1821},{""move"":""8a5d"",""pvUsi"":[""8a5d"",""4b5b"",""5d3b"",""3c3b"",""5c5b+"",""5h6h"",""7f8f"",""6h6g"",""1h1g"",""6g7h"",""7i7h"",""P*8g"",""8f8g"",""B*6f"",""N*7g""],""scoreCp"":1712}]},{""label"":""middlegame-150:mt250-mpv3-t1-h256:warm2"",""candidates"":[{""move"":""G*3d"",""pvUsi"":[""G*3d"",""3c2b"",""5b4b"",""3b3d"",""4b4c"",""1c2e"",""4c3d"",""5h6h"",""G*3c"",""2b1a"",""R*3a"",""S*2a"",""3a2a+"",""1a2a""],""scoreCp"":2496},{""move"":""N*4e"",""pvUsi"":[""N*4e"",""3c2d"",""1h1g"",""4b5b"",""L*2g"",""2d3d"",""5c5b+"",""B*1a"",""6h7g"",""8f8g+"",""8h8g"",""P*8f"",""7f8f""],""scoreCp"":1821},{""move"":""8a5d"",""pvUsi"":[""8a5d"",""4b5b"",""5d3b"",""3c3b"",""5c5b+"",""5h6h"",""7f8f"",""6h6g"",""1h1g"",""6g7h"",""7i7h"",""P*8g"",""8f8g"",""B*6f"",""N*7g""],""scoreCp"":1712}]},{""label"":""middlegame-150:mt250-mpv3-t1-h256:warm3"",""candidates"":[{""move"":""G*3d"",""pvUsi"":[""G*3d"",""3c2b"",""5b4b"",""3b3d"",""4b4c"",""1c2e"",""4c3d"",""5h6h"",""G*3c"",""2b1a"",""R*3a"",""S*2a"",""3a2a+"",""1a2a""],""scoreCp"":2496},{""move"":""N*4e"",""pvUsi"":[""N*4e"",""3c2d"",""1h1g"",""4b5b"",""L*2g"",""2d3d"",""5c5b+"",""B*1a"",""6h7g"",""8f8g+"",""8h8g"",""P*8f"",""7f8f""],""scoreCp"":1821},{""move"":""8a5d"",""pvUsi"":[""8a5d"",""4b5b"",""5d3b"",""3c3b"",""5c5b+"",""5h6h"",""7f8f"",""6h6g"",""1h1g"",""6g7h"",""7i7h"",""P*8g"",""8f8g"",""B*6f"",""N*7g""],""scoreCp"":1712}]}]"
mate-in-one,2p2+B2k/1+B3g2p/1P2L1Gpn/p1P2p3/3p2p2/lpG1NP3/P1KP+p3+l/LS1S2SP+n/1NR1S1+pg1 b RPp 1,250,3,1,256,3,3,697.233,717.6,725.9,250,242624,970496,296.7,0,"{""incomplete"":3}",3,0,"[{""label"":""mate-in-one:mt250-mpv3-t1-h256:warm1"",""candidates"":[]},{""label"":""mate-in-one:mt250-mpv3-t1-h256:warm2"",""candidates"":[]},{""label"":""mate-in-one:mt250-mpv3-t1-h256:warm3"",""candidates"":[]}]"
single-legal-move,2p5k/4Rg2p/1P2L1Gp1/p1P+B+Bp3/n2p2pnP/l1G2P3/P+pKP1+p2+l/LS1S2SP+n/1NR1S1+pg1 b P 1,250,3,1,256,3,3,733.767,745.2,747.3,250,244178.3,976713.3,293.3,0,"{""incomplete"":3}",3,0,"[{""label"":""single-legal-move:mt250-mpv3-t1-h256:warm1"",""candidates"":[]},{""label"":""single-legal-move:mt250-mpv3-t1-h256:warm2"",""candidates"":[]},{""label"":""single-legal-move:mt250-mpv3-t1-h256:warm3"",""candidates"":[]}]"
sparse-endgame,l+P1+S5/+B1+B4sl/5r+N1n/l3p3p/2g1kS2P/2P3PG1/2S5L/+n1G4pK/P+p1G1R3 b 7Pn2p 1,250,3,1,256,3,3,715.667,626.4,912.6,249.667,432510.7,1732365,300,20.67,"{""incomplete"":2,""mate"":1}",2,0,"[{""label"":""sparse-endgame:mt250-mpv3-t1-h256:warm1"",""candidates"":[]},{""label"":""sparse-endgame:mt250-mpv3-t1-h256:warm2"",""candidates"":[]},{""label"":""sparse-endgame:mt250-mpv3-t1-h256:warm3"",""candidates"":[{""move"":""7b5d"",""pvUsi"":[""7b5d""],""scoreMate"":1},{""move"":""4e5f"",""pvUsi"":[""4e5f"",""5e6d"",""4i4c+"",""7e7f"",""R*6e""],""scoreMate"":5},{""move"":""3c4c"",""pvUsi"":[""3c4c"",""5e6d"",""R*6c"",""6d5e"",""9b5f""],""scoreMate"":5}]}]"
initial-position,lnsgkgsnl/1r5b1/ppppppppp/9/9/9/PPPPPPPPP/1B5R1/LNSGKGSNL b - 1,250,3,2,256,3,3,716.467,684.1,783.2,250.333,191177.3,763706.8,333.3,5,"{""ok"":1,""incomplete"":2}",2,0,"[{""label"":""initial-position:mt250-mpv3-t2-h256:warm1"",""candidates"":[{""move"":""7g7f"",""pvUsi"":[""7g7f"",""8c8d"",""2g2f"",""4a3b"",""2f2e"",""3c3d"",""6i7h"",""8d8e"",""2e2d"",""2c2d"",""2h2d"",""8e8f"",""8g8f"",""8b8f"",""5i6h"",""5a5b"",""3g3f"",""8f7f"",""3i3h"",""7f3f""],""scoreCp"":47},{""move"":""6i7h"",""pvUsi"":[""6i7h""],""scoreCp"":46},{""move"":""2g2f"",""pvUsi"":[""2g2f"",""4a3b"",""7g7f"",""8c8d"",""2f2e"",""8d8e"",""8h7g"",""3c3d"",""7i6h"",""2b7g+"",""6h7g"",""3a2b"",""1g1f"",""1c1d"",""3i3h"",""2b3c"",""6i7h"",""7a7b"",""9g9f"",""9c9d""],""scoreCp"":43}]},{""label"":""initial-position:mt250-mpv3-t2-h256:warm2"",""candidates"":[]},{""label"":""initial-position:mt250-mpv3-t2-h256:warm3"",""candidates"":[]}]"
quiet-no-mate,1n1g1ksn1/l1rsg2b1/p1pp1p+Bpl/1p2p4/8p/2P3P1P/PP1PPPSP1/3S4R/LNG1KG1NL b P 1,250,3,2,256,3,3,708.333,668.3,788.8,251.333,157958,628410.9,340,9.33,"{""incomplete"":1,""ok"":2}",1,0,"[{""label"":""quiet-no-mate:mt250-mpv3-t2-h256:warm1"",""candidates"":[]},{""label"":""quiet-no-mate:mt250-mpv3-t2-h256:warm2"",""candidates"":[{""move"":""3c2b"",""pvUsi"":[""3c2b"",""3a2b"",""1f1e"",""B*6e"",""5i5h"",""6e7f"",""B*6f"",""P*3c"",""1e1d"",""1c1d"",""1h1d"",""P*1c""],""scoreCp"":1560},{""move"":""3c2c"",""pvUsi"":[""3c2c"",""4a5a"",""1f1e"",""2b9i+"",""1e1d"",""3a2b"",""1d1c+"",""2b2c"",""1c2c"",""6b5c"",""1h1b+"",""L*8h"",""1b2a"",""5a6b"",""8i7g"",""8h8i+"",""7i8i"",""9i8i"",""L*7i""],""scoreCp"":1511},{""move"":""3c3d"",""pvUsi"":[""3c3d"",""2b9i+"",""1f1e"",""L*1a"",""3d2c"",""3a3b"",""2c2d"",""1c1e"",""2d1e"",""1a1e"",""1h1e"",""4a5a""],""scoreCp"":751}]},{""label"":""quiet-no-mate:mt250-mpv3-t2-h256:warm3"",""candidates"":[{""move"":""3c2b"",""pvUsi"":[""3c2b"",""3a2b"",""1f1e"",""B*3c"",""B*6f"",""3c6f"",""6g6f"",""B*7d"",""5i4h"",""6b5c"",""1e1d"",""6c6d"",""1d1c+"",""2a1c""],""scoreCp"":1576},{""move"":""3c2c"",""pvUsi"":[""3c2c"",""4a5a"",""1f1e"",""2b9i+"",""1e1d"",""1c1d"",""1h1d"",""6b5c"",""1d1b+"",""L*2b"",""1b2a"",""2b2c"",""2a3a"",""5a6b""],""scoreCp"":1507},{""move"":""3c3d"",""pvUsi"":[""3c3d"",""2b9i+"",""1f1e"",""4a5a"",""1e1d"",""1c1d"",""P*1e"",""L*8h"",""6g6f"",""7c7d"",""1e1d"",""7d7e"",""1d1c+"",""7e7f"",""1c2c""],""scoreCp"":797}]}]"
sente-middlegame,1nrg3n1/l2s2k2/p1p1gp1pl/1p1pp2s1/6P1p/b1P5P/PP1PPP1P1/L1KSRSG2/1NG4NL b BP 1,250,3,2,256,3,3,1007.767,1109.9,1162.6,253.333,154722.7,610877.5,340,10.33,"{""incomplete"":1,""ok"":2}",1,0,"[{""label"":""sente-middlegame:mt250-mpv3-t2-h256:warm1"",""candidates"":[]},{""label"":""sente-middlegame:mt250-mpv3-t2-h256:warm2"",""candidates"":[{""move"":""9g9f"",""pvUsi"":[""9g9f"",""7c7d"",""1f1e"",""7d7e"",""1e1d"",""1c1d"",""1i1d"",""P*1c"",""1d1c"",""2d1c"",""7f7e"",""1c2b"",""2i3g"",""L*7f"",""L*7g"",""7f7g+"",""6h7g""],""scoreCp"":2007},{""move"":""1f1e"",""pvUsi"":[""1f1e"",""9f8e"",""1e1d"",""1c1d"",""1i1d"",""P*1c"",""P*1b"",""1c1d"",""1b1a+"",""2a1c"",""1a1b"",""1c2e"",""3e3d"",""3b4b"",""5h5i"",""7c7d"",""1b2b""],""scoreCp"":1267},{""move"":""3e3d"",""pvUsi"":[""3e3d"",""9f6c"",""1f1e"",""7c7d"",""1e1d"",""1c1d"",""1i1d"",""P*1c"",""P*1b"",""7d7e"",""1b1a+"",""7e7f"",""1a2a"",""1c1d"",""7h6i"",""6a5b"",""7i7h""],""scoreCp"":1221}]},{""label"":""sente-middlegame:mt250-mpv3-t2-h256:warm3"",""candidates"":[{""move"":""9g9f"",""pvUsi"":[""9g9f"",""7c7d"",""B*8c"",""7d7e"",""8c9b+"",""7e7f"",""5g5f"",""6a5b"",""L*7d""],""scoreCp"":1986},{""move"":""1f1e"",""pvUsi"":[""1f1e"",""9f6c"",""1e1d"",""1c1d"",""1i1d"",""P*1c"",""P*1b"",""1c1d"",""1b1a+"",""7c7d"",""3e3d""],""scoreCp"":1312},{""move"":""3e3d"",""pvUsi"":[""3e3d"",""9f8e"",""1f1e"",""7c7d"",""1e1d"",""1c1d"",""1i1d"",""7d7e"",""1d1b+"",""7e7f"",""7h6i"",""5c4d"",""5g5f""],""scoreCp"":1280}]}]"
gote-middlegame,1nrgB2n1/l2s2k2/p1p1gp1pl/1p1pp2s1/6P1p/b1P5P/PP1PPP1P1/L1KSRSG2/1NG4NL w P 1,250,3,2,256,3,3,710,686.5,764.8,252.667,173037.3,684767.8,336.7,4,"{""incomplete"":2,""ok"":1}",2,0,"[{""label"":""gote-middlegame:mt250-mpv3-t2-h256:warm1"",""candidates"":[]},{""label"":""gote-middlegame:mt250-mpv3-t2-h256:warm2"",""candidates"":[{""move"":""9f8g+"",""pvUsi"":[""9f8g+"",""7h8g"",""6a5a"",""B*8b"",""7a6a"",""8b9a+"",""1e1f"",""9a9b"",""B*7d"",""9b8b"",""1f1g+"",""2i1g"",""P*1f"",""1g2e"",""2d2e"",""P*1b""],""scoreCp"":266},{""move"":""9f8e"",""pvUsi"":[""9f8e""],""scoreCp"":337},{""move"":""9f6c"",""pvUsi"":[""9f6c"",""5a2d+"",""2c2d"",""1f1e"",""7c7d"",""1e1d"",""1c1d"",""1i1d"",""7d7e"",""1d1b+"",""B*4i"",""4h5i"",""4i5h+"",""5i5h""],""scoreCp"":380}]},{""label"":""gote-middlegame:mt250-mpv3-t2-h256:warm3"",""candidates"":[]}]"
middlegame-60,1nr1g1kn1/l2sb4/p1p1gpppl/1p2p4/3p2P2/1PP2+B1sp/P1KPPP2P/L1G1RSG2/1N2S2NL b p 1,250,3,2,256,3,3,793.5,681.5,1046,251.333,162958.3,648331.8,333.3,4.67,"{""ok"":1,""incomplete"":2}",2,0,"[{""label"":""middlegame-60:mt250-mpv3-t2-h256:warm1"",""candidates"":[{""move"":""1g1f"",""pvUsi"":[""1g1f"",""5c4d"",""4f6d"",""3a2b"",""3h3g"",""2f3e"",""1f1e"",""3e2d"",""1e1d"",""1c1d"",""1i1d"",""P*1c"",""1d1c"",""2d1c""],""scoreCp"":794},{""move"":""3h3g"",""pvUsi"":[""3h3g"",""2f1g"",""2i1g"",""1f1g+"",""5g5f"",""4c4d"",""5f5e"",""5d5e"",""5h5e"",""P*5d"",""5e6e"",""P*6d"",""6e6f"",""7c7d"",""P*1b"",""7d7e"",""7f7e""],""scoreCp"":714},{""move"":""4h3g"",""pvUsi"":[""4h3g"",""2f1g"",""5g5f"",""5a4b"",""5f5e"",""5d5e"",""4f5e"",""P*5d"",""5e4f"",""7c7d"",""7g6h""],""scoreCp"":663}]},{""label"":""middlegame-60:mt250-mpv3-t2-h256:warm2"",""candidates"":[]},{""label"":""middlegame-60:mt250-mpv3-t2-h256:warm3"",""candidates"":[]}]"
middlegame-80,1nsg3nk/l1r6/p1p1gppp1/1p1+B5/1b1pp1P1l/1PP1PP2p/P2P3GN/LKG1R1S1L/1NS1S4 b 2p 1,250,3,2,256,3,3,733.267,761.9,770.8,250.667,150542.7,600560.2,340,9.67,"{""incomplete"":1,""ok"":2}",1,0,"[{""label"":""middlegame-80:mt250-mpv3-t2-h256:warm1"",""candidates"":[]},{""label"":""middlegame-80:mt250-mpv3-t2-h256:warm2"",""candidates"":[{""move"":""6d5c"",""pvUsi"":[""6d5c"",""8e7f"",""1g2e"",""6e6f"",""G*7g"",""6f6g+"",""7h6g"",""7f9d"",""5c4c"",""8d8e"",""8f8e"",""2c2d"",""4c6a""],""scoreCp"":2221},{""move"":""6d7e"",""pvUsi"":[""6d7e"",""8e9d"",""7e5c"",""1f1g+"",""5c4c"",""6e6f"",""6g6f"",""8d8e"",""4c6a"",""8e8f"",""6a7b"",""7a7b"",""G*3b""],""scoreCp"":1905},{""move"":""6d5e"",""pvUsi"":[""6d5e"",""1f1g+"",""8f8e"",""1g1h"",""8h9i"",""5c4d"",""5e7g"",""8d8e"",""5f5e"",""1a1b"",""P*2d"",""7c7d"",""2d2c+"",""1b2c""],""scoreCp"":1686}]},{""label"":""middlegame-80:mt250-mpv3-t2-h256:warm3"",""candidates"":[{""move"":""6d5c"",""pvUsi"":[""6d5c"",""8e7f"",""1g2e"",""8d8e"",""5c7e"",""7f9h+"",""8h9h"",""L*7d"",""7e3a"",""7d7h+"",""7i7h""],""scoreCp"":2182},{""move"":""6d7e"",""pvUsi"":[""6d7e"",""1f1g+"",""8f8e"",""5c6c"",""2g1g"",""1a2b"",""B*4e"",""7c7d"",""7e8f""],""scoreCp"":1951},{""move"":""6d5e"",""pvUsi"":[""6d5e"",""1f1g+"",""8f8e"",""1g1h"",""8h9i"",""8d8e"",""2g2f"",""1e1g+"",""3e3d"",""5c4d"",""5e7g"",""4d3d""],""scoreCp"":1611}]}]"
hand-piece-rich,1n2g4/l1s3k1r/p1+B1gp1pn/Bp7/1PPp5/5P2l/PG1P+pS2N/LK2R3L/1NS1S4 b 2Pg5p 1,250,3,2,256,3,3,717,744.2,746.7,251,135382.7,539373.9,333.3,0,"{""incomplete"":3}",3,0,"[{""label"":""hand-piece-rich:mt250-mpv3-t2-h256:warm1"",""candidates"":[]},{""label"":""hand-piece-rich:mt250-mpv3-t2-h256:warm2"",""candidates"":[]},{""label"":""hand-piece-rich:mt250-mpv3-t2-h256:warm3"",""candidates"":[]}]"
middlegame-120,1n2g4/+B1s1k3r/p+P2gp1pn/B8/2Pp2p2/1p2LP2l/PG1P+pS2N/LKR4PL/1NS1S1+p1g b 2P2p 1,250,3,2,256,3,3,708.033,676.4,785.5,251,123964.3,493881.8,340,13.33,"{""ok"":3}",0,0,"[{""label"":""middlegame-120:mt250-mpv3-t2-h256:warm1"",""candidates"":[{""move"":""9d8e"",""pvUsi"":[""9d8e"",""5b4b"",""8g8f"",""4b3c"",""5f5c"",""3c2d"",""8c7b"",""1i1h"",""8e6c+"",""1f1g+"",""9b6e"",""P*8g"",""8f8g""],""scoreCp"":1702},{""move"":""5f5c"",""pvUsi"":[""5f5c"",""5b5c"",""8g8f"",""P*8g"",""8f8g"",""9c9d"",""8c7b"",""5g6g"",""9b6e"",""6g7h"",""7i7h"",""5c4d"",""S*4e"",""4d3c"",""G*3d"",""3c2b"",""6e4c""],""scoreCp"":1582},{""move"":""5f5c+"",""pvUsi"":[""5f5c+"",""5b5c"",""8g8f"",""P*8g"",""8f8g"",""9c9d"",""8c7b"",""B*1a"",""P*5e"",""1a5e"",""S*7g"",""5c4d"",""9b6e""],""scoreCp"":1551}]},{""label"":""middlegame-120:mt250-mpv3-t2-h256:warm2"",""candidates"":[{""move"":""9d8e"",""pvUsi"":[""9d8e"",""5b4b"",""8g8f"",""4b3c"",""5f5c"",""3c2d"",""8c7b"",""1i1h"",""9b6e"",""1f1g+"",""5c5a+"",""1h2h"",""7h2h"",""1g2h"",""6e4c"",""5g4g"",""S*3c"",""2d1d"",""G*1f""],""scoreCp"":1701},{""move"":""8g8f"",""pvUsi"":[""8g8f"",""9c9d"",""P*5d"",""5c6c"",""8c7b"",""5g6g"",""5d5c+"",""5b4a"",""5c6c"",""B*6f"",""8h8g"",""6g7h"",""5f5a+"",""4a5a""],""scoreCp"":1474},{""move"":""5f5c"",""pvUsi"":[""5f5c"",""5b5c"",""8g8f"",""9c9d"",""8c7b"",""5g6g"",""9b6e"",""5c4b"",""7b8a"",""6g7h"",""7i7h"",""R*5g"",""P*3d"",""B*4d"",""P*5e"",""5g5i+"",""N*5d"",""4b3b""],""scoreCp"":1448}]},{""label"":""middlegame-120:mt250-mpv3-t2-h256:warm3"",""candidates"":[{""move"":""9d8e"",""pvUsi"":[""9d8e"",""5b4b"",""8g8f"",""5g5f"",""P*3d"",""5f4g"",""8c7b"",""L*8d"",""9b6e"",""8d8e"",""8f8e"",""B*2b"",""8h8g"",""1i1h"",""P*5d""],""scoreCp"":1700},{""move"":""8g8f"",""pvUsi"":[""8g8f"",""9c9d"",""8c7b"",""5g5f"",""4g5f"",""1i1h"",""9b7d"",""5c6c""],""scoreCp"":1457},{""move"":""8c9c"",""pvUsi"":[""8c9c"",""8f8g+"",""8h8g"",""1f1g+"",""9d7b+"",""P*8f"",""8g8f"",""5g5f"",""4g5f"",""P*8e"",""8f9e"",""5b4b"",""S*3d""],""scoreCp"":1250}]}]"
middlegame-150,1+Bp6/4+Bgr1p/1P2L1kpn/p4p2n/2Pp2p2/1pG2P3/P2P1S2+l/LKRS+p2PL/1NS1S1+p1g b GN2p 1,250,3,2,256,3,3,929.8,786.8,1240.1,251,142545.7,567911,336.7,4.33,"{""incomplete"":2,""ok"":1}",2,0,"[{""label"":""middlegame-150:mt250-mpv3-t2-h256:warm1"",""candidates"":[]},{""label"":""middlegame-150:mt250-mpv3-t2-h256:warm2"",""candidates"":[]},{""label"":""middlegame-150:mt250-mpv3-t2-h256:warm3"",""candidates"":[{""move"":""G*3d"",""pvUsi"":[""G*3d"",""3c2b"",""5b4b"",""3b3d"",""7f8f"",""5h6h"",""5i6h"",""P*8e"",""8a5d"",""1c2e"",""8f8g"",""1g1h"",""8h9i"",""2b1c""],""scoreCp"":2164},{""move"":""N*2f"",""pvUsi"":[""N*2f"",""1d2f"",""G*3d"",""3c2b"",""5b4b"",""8f8g+"",""8h8g"",""N*9e"",""8g8h"",""3b3d"",""G*2a"",""2b2a"",""8a5d"",""2a2b""],""scoreCp"":1742},{""move"":""N*4e"",""pvUsi"":[""N*4e"",""3c2d"",""1h1g"",""4b5b"",""L*2g"",""2d3d"",""5i5h"",""5b5c"",""4e5c+"",""L*8g"",""8h7g""],""scoreCp"":1517}]}]"
mate-in-one,2p2+B2k/1+B3g2p/1P2L1Gpn/p1P2p3/3p2p2/lpG1NP3/P1KP+p3+l/LS1S2SP+n/1NR1S1+pg1 b RPp 1,250,3,2,256,3,3,686.4,670.7,746.5,251.667,233608,928439.9,336.7,23.33,"{""incomplete"":1,""mate"":2}",1,0,"[{""label"":""mate-in-one:mt250-mpv3-t2-h256:warm1"",""candidates"":[]},{""label"":""mate-in-one:mt250-mpv3-t2-h256:warm2"",""candidates"":[{""move"":""R*3a"",""pvUsi"":[""R*3a""],""scoreMate"":1},{""move"":""4a4b"",""pvUsi"":[""4a4b"",""8f8g+"",""7g8g"",""P*8f"",""8g8f"",""3i3h"",""G*2b""],""scoreMate"":7},{""move"":""4a3a"",""pvUsi"":[""4a3a"",""5g6g"",""6h6g"",""8f8g+"",""8h8g"",""4b3c"",""R*2a""],""scoreMate"":7}]},{""label"":""mate-in-one:mt250-mpv3-t2-h256:warm3"",""candidates"":[{""move"":""R*3a"",""pvUsi"":[""R*3a""],""scoreMate"":1},{""move"":""4a3a"",""pvUsi"":[""4a3a"",""5g6g"",""6h6g"",""8f8g+"",""8h8g"",""4b3c"",""R*2a""],""scoreMate"":7},{""move"":""4a4b"",""pvUsi"":[""4a4b"",""8f8g+"",""7g8g"",""9f9g+"",""8g9g"",""P*8f"",""G*2b""],""scoreMate"":7}]}]"
single-legal-move,2p5k/4Rg2p/1P2L1Gp1/p1P+B+Bp3/n2p2pnP/l1G2P3/P+pKP1+p2+l/LS1S2SP+n/1NR1S1+pg1 b P 1,250,3,2,256,3,3,706.033,674.4,777.4,250.333,213832,854027.4,323.3,0,"{""incomplete"":3}",3,0,"[{""label"":""single-legal-move:mt250-mpv3-t2-h256:warm1"",""candidates"":[]},{""label"":""single-legal-move:mt250-mpv3-t2-h256:warm2"",""candidates"":[]},{""label"":""single-legal-move:mt250-mpv3-t2-h256:warm3"",""candidates"":[]}]"
sparse-endgame,l+P1+S5/+B1+B4sl/5r+N1n/l3p3p/2g1kS2P/2P3PG1/2S5L/+n1G4pK/P+p1G1R3 b 7Pn2p 1,250,3,2,256,3,3,771.8,747.8,882.7,252,443887.7,1760781.2,336.7,0,"{""incomplete"":3}",3,0,"[{""label"":""sparse-endgame:mt250-mpv3-t2-h256:warm1"",""candidates"":[]},{""label"":""sparse-endgame:mt250-mpv3-t2-h256:warm2"",""candidates"":[]},{""label"":""sparse-endgame:mt250-mpv3-t2-h256:warm3"",""candidates"":[]}]"
initial-position,lnsgkgsnl/1r5b1/ppppppppp/9/9/9/PPPPPPPPP/1B5R1/LNSGKGSNL b - 1,500,2,1,256,3,3,929.467,883.3,1023.2,500.333,383057.3,765583,543.3,21.33,"{""ok"":3}",0,0,"[{""label"":""initial-position:mt500-mpv2-t1-h256:warm1"",""candidates"":[{""move"":""6i7h"",""pvUsi"":[""6i7h"",""8c8d"",""2g2f"",""8d8e"",""2f2e"",""4a3b"",""5i6h"",""1c1d"",""9g9f"",""7a7b"",""3i3h"",""5a5b"",""1g1f"",""9c9d"",""2e2d"",""2c2d"",""2h2d"",""P*2c"",""2d2f"",""3c3d"",""7g7f"",""8e8f"",""8g8f"",""8b8f""],""scoreCp"":56},{""move"":""2g2f"",""pvUsi"":[""2g2f"",""8c8d"",""6i7h"",""8d8e"",""2f2e"",""4a3b"",""5i6h"",""1c1d"",""9g9f"",""7a7b"",""3i3h"",""5a5b"",""3g3f"",""8e8f"",""8g8f"",""8b8f"",""2e2d"",""2c2d"",""2h2d"",""P*2c"",""2d2f"",""7c7d"",""P*8g"",""8f8b""],""scoreCp"":47}]},{""label"":""initial-position:mt500-mpv2-t1-h256:warm2"",""candidates"":[{""move"":""6i7h"",""pvUsi"":[""6i7h"",""8c8d"",""2g2f"",""8d8e"",""2f2e"",""4a3b"",""5i6h"",""1c1d"",""9g9f"",""7a6b"",""3i3h"",""8e8f"",""8g8f"",""8b8f"",""P*8g"",""8f8b"",""3g3f"",""5c5d"",""2i3g"",""6b5c"",""7g7f"",""5c6d"",""2e2d"",""2c2d"",""2h2d""],""scoreCp"":48},{""move"":""2g2f"",""pvUsi"":[""2g2f"",""8c8d"",""6i7h"",""8d8e"",""2f2e"",""4a3b"",""5i6h"",""1c1d"",""9g9f"",""7a7b"",""3i3h"",""5a5b"",""3g3f"",""8e8f"",""8g8f"",""8b8f"",""2e2d"",""2c2d"",""2h2d"",""P*2c"",""2d2f"",""7c7d"",""P*8g"",""8f8b""],""scoreCp"":47}]},{""label"":""initial-position:mt500-mpv2-t1-h256:warm3"",""candidates"":[{""move"":""6i7h"",""pvUsi"":[""6i7h"",""8c8d"",""2g2f"",""8d8e"",""2f2e"",""4a3b"",""5i6h"",""1c1d"",""9g9f"",""7a6b"",""3i3h"",""8e8f"",""8g8f"",""8b8f"",""P*8g"",""8f8b"",""3g3f"",""5c5d"",""2i3g"",""6b5c"",""7g7f"",""5c6d"",""2e2d"",""2c2d"",""2h2d""],""scoreCp"":48},{""move"":""2g2f"",""pvUsi"":[""2g2f"",""8c8d"",""6i7h"",""8d8e"",""2f2e"",""4a3b"",""5i6h"",""1c1d"",""9g9f"",""7a7b"",""3i3h"",""5a5b"",""3g3f"",""8e8f"",""8g8f"",""8b8f"",""2e2d"",""2c2d"",""2h2d"",""P*2c"",""2d2f"",""7c7d"",""P*8g"",""8f8b""],""scoreCp"":47}]}]"
quiet-no-mate,1n1g1ksn1/l1rsg2b1/p1pp1p+Bpl/1p2p4/8p/2P3P1P/PP1PPPSP1/3S4R/LNG1KG1NL b P 1,500,2,1,256,3,3,876.367,875,889.3,500.333,326737.7,653046.5,540,18,"{""ok"":3}",0,0,"[{""label"":""quiet-no-mate:mt500-mpv2-t1-h256:warm1"",""candidates"":[{""move"":""3c2b"",""pvUsi"":[""3c2b"",""3a2b"",""1f1e"",""B*3c"",""B*6f"",""3c6f"",""6g6f"",""B*3c"",""1e1d"",""1c1d"",""1h1d"",""P*1c"",""1d1f"",""3c6f"",""B*7g"",""6f7g+"",""8i7g"",""7b8b""],""scoreCp"":1562},{""move"":""3c2c"",""pvUsi"":[""3c2c"",""4a5a"",""2c2b"",""3a2b"",""1f1e"",""B*2c"",""1h2h"",""6b5c"",""1e1d"",""1c1d"",""P*1e"",""1d1e"",""1i1e"",""2b3c""],""scoreCp"":1465}]},{""label"":""quiet-no-mate:mt500-mpv2-t1-h256:warm2"",""candidates"":[{""move"":""3c2b"",""pvUsi"":[""3c2b"",""3a2b"",""1f1e"",""B*3c"",""B*6f"",""3c6f"",""6g6f"",""B*3c"",""1e1d"",""1c1d"",""1h1d"",""P*1c"",""1d1f"",""3c6f"",""B*7g"",""6f7g+"",""8i7g"",""7b8b""],""scoreCp"":1562},{""move"":""3c2c"",""pvUsi"":[""3c2c"",""4a5a"",""2c2b"",""3a2b"",""1f1e"",""B*2c"",""1h2h"",""6b5c"",""1e1d"",""1c1d"",""P*1e"",""1d1e"",""1i1e"",""2b3c""],""scoreCp"":1465}]},{""label"":""quiet-no-mate:mt500-mpv2-t1-h256:warm3"",""candidates"":[{""move"":""3c2b"",""pvUsi"":[""3c2b"",""3a2b"",""1f1e"",""B*3c"",""B*6f"",""3c6f"",""6g6f"",""B*3c"",""1e1d"",""1c1d"",""1h1d"",""P*1c"",""1d1f"",""3c6f"",""B*7g"",""6f7g+"",""8i7g"",""7b8b""],""scoreCp"":1562},{""move"":""3c2c"",""pvUsi"":[""3c2c"",""4a5a"",""2c2b"",""3a2b"",""1f1e"",""B*2c"",""1h2h"",""6b5c"",""1e1d"",""1c1d"",""P*1e"",""1d1e"",""1i1e"",""2b3c""],""scoreCp"":1465}]}]"
sente-middlegame,1nrg3n1/l2s2k2/p1p1gp1pl/1p1pp2s1/6P1p/b1P5P/PP1PPP1P1/L1KSRSG2/1NG4NL b BP 1,500,2,1,256,3,3,909.333,882.6,991.3,500,297827,595654,543.3,17,"{""ok"":3}",0,0,"[{""label"":""sente-middlegame:mt500-mpv2-t1-h256:warm1"",""candidates"":[{""move"":""9g9f"",""pvUsi"":[""9g9f"",""1e1f"",""B*8c"",""6a7b"",""8c9b+"",""7c7d"",""P*1b"",""1f1g+"",""1b1a+"",""1g2g"",""3h2g"",""1c1i+"",""1a2a"",""1i2i""],""scoreCp"":2044},{""move"":""1f1e"",""pvUsi"":[""1f1e"",""9f8e"",""1e1d"",""1c1d"",""1i1d"",""P*1c"",""P*1b"",""7c7d"",""1b1a+"",""7d7e"",""1a2a"",""1c1d"",""3e3d"",""7e7f"",""7h6i"",""3b2a"",""3h3i"",""P*3b"",""5g5f"",""7f7g+"",""8i7g"",""8e9d""],""scoreCp"":1175}]},{""label"":""sente-middlegame:mt500-mpv2-t1-h256:warm2"",""candidates"":[{""move"":""9g9f"",""pvUsi"":[""9g9f"",""1e1f"",""B*8c"",""6a7b"",""8c9b+"",""7c7d"",""P*1b"",""1f1g+"",""1b1a+"",""1g2g"",""3h2g"",""1c1i+"",""1a2a"",""1i2i""],""scoreCp"":2044},{""move"":""1f1e"",""pvUsi"":[""1f1e"",""9f8e"",""1e1d"",""1c1d"",""1i1d"",""P*1c"",""P*1b"",""7c7d"",""1b1a+"",""7d7e"",""1a2a"",""1c1d"",""3e3d"",""7e7f"",""7h6i"",""3b2a"",""3h3i"",""P*3b"",""5g5f"",""7f7g+"",""8i7g"",""8e9d""],""scoreCp"":1175}]},{""label"":""sente-middlegame:mt500-mpv2-t1-h256:warm3"",""candidates"":[{""move"":""9g9f"",""pvUsi"":[""9g9f"",""1e1f"",""B*8c"",""6a7b"",""8c9b+"",""7c7d"",""P*1b"",""1f1g+"",""1b1a+"",""1g2g"",""3h2g"",""1c1i+"",""1a2a"",""1i2i""],""scoreCp"":2044},{""move"":""1f1e"",""pvUsi"":[""1f1e"",""9f8e"",""1e1d"",""1c1d"",""1i1d"",""P*1c"",""P*1b"",""7c7d"",""1b1a+"",""7d7e"",""1a2a"",""1c1d"",""3e3d"",""7e7f"",""7h6i"",""3b2a"",""3h3i"",""P*3b"",""5g5f"",""7f7g+"",""8i7g"",""8e9d""],""scoreCp"":1175}]}]"
gote-middlegame,1nrgB2n1/l2s2k2/p1p1gp1pl/1p1pp2s1/6P1p/b1P5P/PP1PPP1P1/L1KSRSG2/1NG4NL w P 1,500,2,1,256,3,3,869.7,879.4,882.5,499.667,315641.7,631711.2,536.7,0,"{""incomplete"":3}",3,0,"[{""label"":""gote-middlegame:mt500-mpv2-t1-h256:warm1"",""candidates"":[]},{""label"":""gote-middlegame:mt500-mpv2-t1-h256:warm2"",""candidates"":[]},{""label"":""gote-middlegame:mt500-mpv2-t1-h256:warm3"",""candidates"":[]}]"
middlegame-60,1nr1g1kn1/l2sb4/p1p1gpppl/1p2p4/3p2P2/1PP2+B1sp/P1KPPP2P/L1G1RSG2/1N2S2NL b p 1,500,2,1,256,3,3,936.167,956,974,500.333,318451.3,636475.2,543.3,17,"{""ok"":3}",0,0,"[{""label"":""middlegame-60:mt500-mpv2-t1-h256:warm1"",""candidates"":[{""move"":""3h3g"",""pvUsi"":[""3h3g"",""2f1g"",""2i1g"",""1f1g+"",""3e3d"",""3c3d"",""5g5f"",""5c4d"",""5f5e"",""5d5e"",""S*1b"",""1c1d"",""5h5e"",""N*5d"",""4f5f"",""3a2b"",""1b2a+"",""2b2a""],""scoreCp"":847},{""move"":""1g1f"",""pvUsi"":[""1g1f"",""5c4d"",""1f1e"",""1c1e"",""4f6d"",""5a4b"",""1i1e"",""6b6c"",""6d4b"",""3a4b"",""G*6b"",""B*5e"",""7g6h"",""5e9i+"",""6b7a"",""9i8i"",""1e1a+"",""4b5c"",""6h6i"",""6e6f"",""6g6f""],""scoreCp"":766}]},{""label"":""middlegame-60:mt500-mpv2-t1-h256:warm2"",""candidates"":[{""move"":""3h3g"",""pvUsi"":[""3h3g"",""2f1g"",""2i1g"",""1f1g+"",""3e3d"",""3c3d"",""5g5f"",""5c4d"",""5f5e"",""5d5e"",""S*1b"",""1c1d"",""5h5e"",""N*5d"",""4f5f"",""3a2b"",""1b2a+"",""2b2a""],""scoreCp"":847},{""move"":""1g1f"",""pvUsi"":[""1g1f"",""5c4d"",""1f1e"",""1c1e"",""4f6d"",""5a4b"",""1i1e"",""6b6c"",""6d4b"",""3a4b"",""G*6b"",""B*5e"",""7g6h"",""5e9i+"",""6b7a"",""9i8i"",""1e1a+"",""4b5c"",""6h6i"",""6e6f"",""6g6f""],""scoreCp"":766}]},{""label"":""middlegame-60:mt500-mpv2-t1-h256:warm3"",""candidates"":[{""move"":""3h3g"",""pvUsi"":[""3h3g"",""2f1g"",""2i1g"",""1f1g+"",""3e3d"",""3c3d"",""5g5f"",""5c4d"",""5f5e"",""5d5e"",""S*1b"",""1c1d"",""5h5e"",""N*5d"",""4f5f"",""3a2b"",""1b2a+"",""2b2a""],""scoreCp"":847},{""move"":""1g1f"",""pvUsi"":[""1g1f"",""5c4d"",""1f1e"",""1c1e"",""4f6d"",""5a4b"",""1i1e"",""6b6c"",""6d4b"",""3a4b"",""G*6b"",""B*5e"",""7g6h"",""5e9i+"",""6b7a"",""9i8i"",""1e1a+"",""4b5c"",""6h6i"",""6e6f"",""6g6f""],""scoreCp"":766}]}]"
middlegame-80,1nsg3nk/l1r6/p1p1gppp1/1p1+B5/1b1pp1P1l/1PP1PP2p/P2P3GN/LKG1R1S1L/1NS1S4 b 2p 1,500,2,1,256,3,3,926.7,951.7,957.9,500,311858,623716,546.7,0,"{""incomplete"":3}",3,0,"[{""label"":""middlegame-80:mt500-mpv2-t1-h256:warm1"",""candidates"":[]},{""label"":""middlegame-80:mt500-mpv2-t1-h256:warm2"",""candidates"":[]},{""label"":""middlegame-80:mt500-mpv2-t1-h256:warm3"",""candidates"":[]}]"
hand-piece-rich,1n2g4/l1s3k1r/p1+B1gp1pn/Bp7/1PPp5/5P2l/PG1P+pS2N/LK2R3L/1NS1S4 b 2Pg5p 1,500,2,1,256,3,3,906.933,871.9,993.3,500.333,263863.3,527365.9,540,17,"{""ok"":3}",0,0,"[{""label"":""hand-piece-rich:mt500-mpv2-t1-h256:warm1"",""candidates"":[{""move"":""7c5a"",""pvUsi"":[""7c5a"",""9c9d"",""P*3c"",""3b2b"",""G*3b"",""2b1a"",""5h5g"",""P*3a"",""P*2b"",""B*4d"",""8h7h"",""P*7g"",""8i7g"",""3a3b"",""3c3b+"",""1b2b"",""3b2b"",""1a2b"",""5g5c+"",""4d5c""],""scoreCp"":2164},{""move"":""9d7b+"",""pvUsi"":[""9d7b+"",""8a7c"",""5h5g"",""P*5f"",""5g5f"",""P*5e"",""5f5e"",""B*4d"",""7b7c"",""1f1g+"",""8h7h"",""4d5e"",""7c5e"",""P*7g"",""7h7g""],""scoreCp"":1422}]},{""label"":""hand-piece-rich:mt500-mpv2-t1-h256:warm2"",""candidates"":[{""move"":""7c5a"",""pvUsi"":[""7c5a"",""9c9d"",""P*3c"",""3b2b"",""G*3b"",""2b1a"",""5h5g"",""P*3a"",""P*2b"",""B*4d"",""8h7h"",""P*7g"",""8i7g"",""3a3b"",""3c3b+"",""1b2b"",""3b2b"",""1a2b"",""5g5c+"",""4d5c""],""scoreCp"":2164},{""move"":""9d7b+"",""pvUsi"":[""9d7b+"",""8a7c"",""5h5g"",""P*5f"",""5g5f"",""P*5e"",""5f5e"",""B*4d"",""7b7c"",""1f1g+"",""8h7h"",""4d5e"",""7c5e"",""P*7g"",""7h7g""],""scoreCp"":1422}]},{""label"":""hand-piece-rich:mt500-mpv2-t1-h256:warm3"",""candidates"":[{""move"":""7c5a"",""pvUsi"":[""7c5a"",""9c9d"",""P*3c"",""3b2b"",""G*3b"",""2b1a"",""5h5g"",""P*3a"",""P*2b"",""B*4d"",""8h7h"",""P*7g"",""8i7g"",""3a3b"",""3c3b+"",""1b2b"",""3b2b"",""1a2b"",""5g5c+"",""4d5c""],""scoreCp"":2164},{""move"":""9d7b+"",""pvUsi"":[""9d7b+"",""8a7c"",""5h5g"",""P*5f"",""5g5f"",""P*5e"",""5f5e"",""B*4d"",""7b7c"",""1f1g+"",""8h7h"",""4d5e"",""7c5e"",""P*7g"",""7h7g""],""scoreCp"":1422}]}]"
middlegame-120,1n2g4/+B1s1k3r/p+P2gp1pn/B8/2Pp2p2/1p2LP2l/PG1P+pS2N/LKR4PL/1NS1S1+p1g b 2P2p 1,500,2,1,256,3,3,911.033,891.8,985.6,501.333,305822,609976.8,546.7,17,"{""ok"":3}",0,0,"[{""label"":""middlegame-120:mt500-mpv2-t1-h256:warm1"",""candidates"":[{""move"":""9d8e"",""pvUsi"":[""9d8e"",""5b4b"",""8g8f"",""4b3c"",""5f5c"",""3c2d"",""5c5a+"",""1i1h"",""8c7b"",""1f1g+"",""8e6c+""],""scoreCp"":1715},{""move"":""8g8f"",""pvUsi"":[""8g8f"",""9c9d"",""8c7b"",""5g6g"",""9b7d"",""5b4b"",""5f5c+"",""4b5c"",""7d6e"",""6g7h"",""7i7h"",""R*5g"",""G*5d"",""5g5d+"",""6e5d"",""5c5d"",""R*5f"",""5d6c"",""5f5a+""],""scoreCp"":1458}]},{""label"":""middlegame-120:mt500-mpv2-t1-h256:warm2"",""candidates"":[{""move"":""9d8e"",""pvUsi"":[""9d8e"",""5b4b"",""8g8f"",""4b3c"",""5f5c"",""3c2d"",""5c5a+"",""1i1h"",""8c7b"",""1f1g+"",""8e6c+""],""scoreCp"":1715},{""move"":""8g8f"",""pvUsi"":[""8g8f"",""9c9d"",""8c7b"",""5g6g"",""9b7d"",""5b4b"",""5f5c+"",""4b5c"",""7d6e"",""6g7h"",""7i7h"",""R*5g"",""G*5d"",""5g5d+"",""6e5d"",""5c5d"",""R*5f"",""5d6c"",""5f5a+""],""scoreCp"":1458}]},{""label"":""middlegame-120:mt500-mpv2-t1-h256:warm3"",""candidates"":[{""move"":""9d8e"",""pvUsi"":[""9d8e"",""5b4b"",""8g8f"",""4b3c"",""5f5c"",""3c2d"",""5c5a+"",""1i1h"",""8c7b"",""1f1g+"",""8e6c+""],""scoreCp"":1715},{""move"":""8g8f"",""pvUsi"":[""8g8f"",""9c9d"",""8c7b"",""5g6g"",""9b7d"",""5b4b"",""5f5c+"",""4b5c"",""7d6e"",""6g7h"",""7i7h"",""R*5g"",""G*5d"",""5g5d+"",""6e5d"",""5c5d"",""R*5f"",""5d6c"",""5f5a+""],""scoreCp"":1458}]}]"
middlegame-150,1+Bp6/4+Bgr1p/1P2L1kpn/p4p2n/2Pp2p2/1pG2P3/P2P1S2+l/LKRS+p2PL/1NS1S1+p1g b GN2p 1,500,2,1,256,3,3,944.733,969.5,971.9,500.667,322035,643235.7,536.7,0,"{""incomplete"":3}",3,0,"[{""label"":""middlegame-150:mt500-mpv2-t1-h256:warm1"",""candidates"":[]},{""label"":""middlegame-150:mt500-mpv2-t1-h256:warm2"",""candidates"":[]},{""label"":""middlegame-150:mt500-mpv2-t1-h256:warm3"",""candidates"":[]}]"
mate-in-one,2p2+B2k/1+B3g2p/1P2L1Gpn/p1P2p3/3p2p2/lpG1NP3/P1KP+p3+l/LS1S2SP+n/1NR1S1+pg1 b RPp 1,500,2,1,256,3,3,903.8,879.6,977.5,500,595264,1190528,543.3,45,"{""mate"":3}",0,0,"[{""label"":""mate-in-one:mt500-mpv2-t1-h256:warm1"",""candidates"":[{""move"":""R*3a"",""pvUsi"":[""R*3a""],""scoreMate"":1},{""move"":""4a4b"",""pvUsi"":[""4a4b"",""5g6g"",""6h6g"",""8f8g+"",""8h8g"",""3i3h"",""G*2b""],""scoreMate"":7}]},{""label"":""mate-in-one:mt500-mpv2-t1-h256:warm2"",""candidates"":[{""move"":""R*3a"",""pvUsi"":[""R*3a""],""scoreMate"":1},{""move"":""4a4b"",""pvUsi"":[""4a4b"",""5g6g"",""6h6g"",""8f8g+"",""8h8g"",""3i3h"",""G*2b""],""scoreMate"":7}]},{""label"":""mate-in-one:mt500-mpv2-t1-h256:warm3"",""candidates"":[{""move"":""R*3a"",""pvUsi"":[""R*3a""],""scoreMate"":1},{""move"":""4a4b"",""pvUsi"":[""4a4b"",""5g6g"",""6h6g"",""8f8g+"",""8h8g"",""3i3h"",""G*2b""],""scoreMate"":7}]}]"
single-legal-move,2p5k/4Rg2p/1P2L1Gp1/p1P+B+Bp3/n2p2pnP/l1G2P3/P+pKP1+p2+l/LS1S2SP+n/1NR1S1+pg1 b P 1,500,2,1,256,3,3,911.7,889.5,981.8,499.667,492448.7,985554.1,540,0,"{""incomplete"":3}",3,0,"[{""label"":""single-legal-move:mt500-mpv2-t1-h256:warm1"",""candidates"":[]},{""label"":""single-legal-move:mt500-mpv2-t1-h256:warm2"",""candidates"":[]},{""label"":""single-legal-move:mt500-mpv2-t1-h256:warm3"",""candidates"":[]}]"
sparse-endgame,l+P1+S5/+B1+B4sl/5r+N1n/l3p3p/2g1kS2P/2P3PG1/2S5L/+n1G4pK/P+p1G1R3 b 7Pn2p 1,500,2,1,256,3,3,911.533,877.4,987.1,500,1129839,2259678,543.3,141.67,"{""mate"":3}",0,0,"[{""label"":""sparse-endgame:mt500-mpv2-t1-h256:warm1"",""candidates"":[{""move"":""7b5d"",""pvUsi"":[""7b5d""],""scoreMate"":1},{""move"":""4e5f"",""pvUsi"":[""4e5f"",""5e6d"",""4i4c+"",""N*4b"",""7b7c""],""scoreMate"":5}]},{""label"":""sparse-endgame:mt500-mpv2-t1-h256:warm2"",""candidates"":[{""move"":""7b5d"",""pvUsi"":[""7b5d""],""scoreMate"":1},{""move"":""4e5f"",""pvUsi"":[""4e5f"",""5e6d"",""4i4c+"",""N*4b"",""7b7c""],""scoreMate"":5}]},{""label"":""sparse-endgame:mt500-mpv2-t1-h256:warm3"",""candidates"":[{""move"":""7b5d"",""pvUsi"":[""7b5d""],""scoreMate"":1},{""move"":""4e5f"",""pvUsi"":[""4e5f"",""5e6d"",""4i4c+"",""N*4b"",""7b7c""],""scoreMate"":5}]}]"
initial-position,lnsgkgsnl/1r5b1/ppppppppp/9/9/9/PPPPPPPPP/1B5R1/LNSGKGSNL b - 1,500,2,2,256,3,3,948.933,912.3,1025.7,499.667,364800,730045.9,583.3,6.33,"{""incomplete"":2,""ok"":1}",2,0,"[{""label"":""initial-position:mt500-mpv2-t2-h256:warm1"",""candidates"":[]},{""label"":""initial-position:mt500-mpv2-t2-h256:warm2"",""candidates"":[{""move"":""7g7f"",""pvUsi"":[""7g7f"",""8c8d""],""scoreCp"":46},{""move"":""2g2f"",""pvUsi"":[""2g2f"",""8c8d"",""2f2e"",""8d8e"",""7g7f"",""4a3b"",""8h7g"",""3c3d"",""6g6f"",""2b3c"",""4i5h"",""3a4b"",""3i4h"",""4c4d"",""6i7h"",""6a5b"",""7i6h"",""7a6b"",""6h6g"",""4b4c"",""4g4f"",""1c1d"",""3g3f"",""7c7d"",""5i6h""],""scoreCp"":45}]},{""label"":""initial-position:mt500-mpv2-t2-h256:warm3"",""candidates"":[]}]"
quiet-no-mate,1n1g1ksn1/l1rsg2b1/p1pp1p+Bpl/1p2p4/8p/2P3P1P/PP1PPPSP1/3S4R/LNG1KG1NL b P 1,500,2,2,256,3,3,1017.633,944.9,1205.3,501.667,304848,607586.2,596.7,16,"{""ok"":3}",0,0,"[{""label"":""quiet-no-mate:mt500-mpv2-t2-h256:warm1"",""candidates"":[{""move"":""3c2c"",""pvUsi"":[""3c2c"",""4a5a"",""1f1e"",""2b9i+"",""1e1d"",""1c1d"",""1h1d"",""L*1c"",""1d3d"",""P*3c"",""3d2d"",""1c1i+"",""2c1b"",""1i2i"",""2d2a+"",""5a4b"",""5i5h"",""N*5e""],""scoreCp"":1544},{""move"":""3c2b"",""pvUsi"":[""3c2b"",""3a2b"",""1f1e"",""B*6e"",""1e1d"",""1c1d"",""1h1d"",""P*1c"",""1d1h"",""6b5c"",""P*1b"",""6e4g+""],""scoreCp"":1490}]},{""label"":""quiet-no-mate:mt500-mpv2-t2-h256:warm2"",""candidates"":[{""move"":""3c2b"",""pvUsi"":[""3c2b"",""3a2b"",""1f1e"",""B*4d"",""B*6f"",""4d6f"",""6g6f"",""B*7d"",""5i5h"",""6c6d"",""1e1d"",""1c1d"",""1h1d"",""P*1c"",""1d3d""],""scoreCp"":1587},{""move"":""3c2c"",""pvUsi"":[""3c2c"",""4a5a"",""2c2b"",""3a2b"",""1f1e"",""B*3c"",""1e1d"",""3c9i+"",""1d1c+"",""2a1c"",""B*7g"",""9i7g"",""8i7g"",""7c7d"",""B*8c"",""7b8b"",""8c7d+""],""scoreCp"":1446}]},{""label"":""quiet-no-mate:mt500-mpv2-t2-h256:warm3"",""candidates"":[{""move"":""3c2b"",""pvUsi"":[""3c2b"",""3a2b"",""1f1e"",""B*3c"",""B*6f"",""3c6f"",""6g6f"",""B*9d"",""B*1b"",""9d7f"",""1b2a+"",""P*1g"",""1h1g"",""7f4i+"",""5i4i""],""scoreCp"":1570},{""move"":""3c2c"",""pvUsi"":[""3c2c"",""4a5a"",""2c2b"",""3a2b"",""1f1e"",""B*3c"",""1e1d"",""3c9i+"",""1d1c+"",""2a1c"",""L*8c"",""9i3c"",""3g4f"",""1c2e"",""1h1b+"",""7c7d"",""8c8a+""],""scoreCp"":1534}]}]"
sente-middlegame,1nrg3n1/l2s2k2/p1p1gp1pl/1p1pp2s1/6P1p/b1P5P/PP1PPP1P1/L1KSRSG2/1NG4NL b BP 1,500,2,2,256,3,3,943.433,936.7,995.2,502,295547,588691.8,583.3,10.67,"{""incomplete"":1,""ok"":2}",1,0,"[{""label"":""sente-middlegame:mt500-mpv2-t2-h256:warm1"",""candidates"":[]},{""label"":""sente-middlegame:mt500-mpv2-t2-h256:warm2"",""candidates"":[{""move"":""9g9f"",""pvUsi"":[""9g9f"",""7c7d"",""B*8c"",""7d7e"",""8c9b+"",""7e7f"",""L*7d"",""8a7c"",""9b8b"",""1e1f"",""5g5f"",""5c6c"",""7d7c+"",""7a7c"",""8b7c"",""6b7c""],""scoreCp"":1997},{""move"":""1f1e"",""pvUsi"":[""1f1e"",""9f8e"",""1e1d"",""1c1d"",""1i1d"",""P*1c"",""P*1b"",""1c1d"",""1b1a+"",""7c7d"",""1a2a"",""7d7e"",""7h6i"",""8e7f"",""3e3d"",""7f8g+"",""6i5i"",""3b4b""],""scoreCp"":1204}]},{""label"":""sente-middlegame:mt500-mpv2-t2-h256:warm3"",""candidates"":[{""move"":""9g9f"",""pvUsi"":[""9g9f"",""7c7d"",""B*8b"",""7a7b"",""8b9a+"",""8a7c"",""9a8a"",""7d7e"",""7f7e"",""7c6e"",""8a7b"",""6a7b"",""B*1a""],""scoreCp"":2032},{""move"":""1f1e"",""pvUsi"":[""1f1e"",""9f8e"",""1e1d"",""1c1d"",""1i1d"",""P*1c"",""P*1b"",""1c1d"",""1b1a+"",""7c7d"",""1a2a"",""7d7e"",""3e3d"",""7e7f"",""7h6i"",""3b4b"",""N*4e"",""4b5b""],""scoreCp"":1290}]}]"
gote-middlegame,1nrgB2n1/l2s2k2/p1p1gp1pl/1p1pp2s1/6P1p/b1P5P/PP1PPP1P1/L1KSRSG2/1NG4NL w P 1,500,2,2,256,3,3,1110.767,924.2,1484.7,501.333,317334.7,633014.1,586.7,4,"{""ok"":1,""incomplete"":2}",2,0,"[{""label"":""gote-middlegame:mt500-mpv2-t2-h256:warm1"",""candidates"":[{""move"":""9f8g+"",""pvUsi"":[""9f8g+"",""7h8g"",""6a5a"",""B*8b"",""B*5e"",""8b7a+"",""6b7a"",""2i3g"",""5e9i+""],""scoreCp"":256},{""move"":""9f8e"",""pvUsi"":[""9f8e"",""5a2d+"",""2c2d"",""1f1e"",""7c7d"",""1e1d"",""1c1d"",""1i1d"",""7d7e"",""S*8b"",""7a7b"",""8b8a"",""7b8b"",""8a9b"",""8b9b""],""scoreCp"":415}]},{""label"":""gote-middlegame:mt500-mpv2-t2-h256:warm2"",""candidates"":[]},{""label"":""gote-middlegame:mt500-mpv2-t2-h256:warm3"",""candidates"":[]}]"
middlegame-60,1nr1g1kn1/l2sb4/p1p1gpppl/1p2p4/3p2P2/1PP2+B1sp/P1KPPP2P/L1G1RSG2/1N2S2NL b p 1,500,2,2,256,3,3,921.8,923.5,944.7,503,307240.7,610804,586.7,15.33,"{""ok"":3}",0,0,"[{""label"":""middlegame-60:mt500-mpv2-t2-h256:warm1"",""candidates"":[{""move"":""1g1f"",""pvUsi"":[""1g1f"",""5c4d"",""1f1e"",""2f3e"",""4f3g"",""3a3b"",""5g5f"",""7c7d"",""3g8b"",""7d7e"",""7f7e""],""scoreCp"":812},{""move"":""4h3g"",""pvUsi"":[""4h3g"",""2f1e"",""1g1f"",""1e2d"",""3g3f"",""4c4d"",""1f1e"",""7c7d"",""1e1d"",""1c1d"",""1i1d""],""scoreCp"":748}]},{""label"":""middlegame-60:mt500-mpv2-t2-h256:warm2"",""candidates"":[{""move"":""1g1f"",""pvUsi"":[""1g1f"",""5c4d"",""4f6d"",""3a2b"",""3h3g"",""2f3e"",""1f1e"",""6b6c"",""6d6e"",""7c7d"",""4g4f"",""8d8e"",""6e4g"",""7d7e"",""7g6h"",""7e7f"",""4g9b"",""6c6d"",""1e1d"",""1c1d"",""P*1e"",""7f7g+"",""7h7g""],""scoreCp"":784},{""move"":""4h3g"",""pvUsi"":[""4h3g"",""2f1g+"",""5g5f"",""5a4b"",""5f5e"",""5d5e"",""4f5e"",""P*5d"",""5e4f"",""8d8e"",""2i1g"",""1f1g+""],""scoreCp"":725}]},{""label"":""middlegame-60:mt500-mpv2-t2-h256:warm3"",""candidates"":[{""move"":""1g1f"",""pvUsi"":[""1g1f"",""5c4d"",""4f6d"",""3a3b"",""1f1e"",""1c1e"",""P*1f"",""6b6c"",""6d2h"",""7c7d"",""2h8b"",""7a6a"",""1f1e"",""7d7e"",""7f7e""],""scoreCp"":794},{""move"":""3h3g"",""pvUsi"":[""3h3g"",""2f1g+"",""5g5f"",""5a4b"",""5f5e"",""5d5e"",""2i1g"",""1f1g+"",""3e3d"",""3c3d"",""4f5e"",""5c4d"",""5e4f"",""P*1h""],""scoreCp"":726}]}]"
middlegame-80,1nsg3nk/l1r6/p1p1gppp1/1p1+B5/1b1pp1P1l/1PP1PP2p/P2P3GN/LKG1R1S1L/1NS1S4 b 2p 1,500,2,2,256,3,3,991.133,1003.7,1043.8,502.333,284828.7,567002.6,586.7,16.33,"{""ok"":3}",0,0,"[{""label"":""middlegame-80:mt500-mpv2-t2-h256:warm1"",""candidates"":[{""move"":""6d5c"",""pvUsi"":[""6d5c"",""8e7f"",""G*7g"",""7f9d"",""1g2e"",""6e6f"",""6g6f"",""2c2d"",""5c4c"",""6a5b"",""4c6e"",""2d2e"",""5f5e"",""8d8e"",""P*2c""],""scoreCp"":2177},{""move"":""6d7e"",""pvUsi"":[""6d7e"",""1f1g+"",""8f8e"",""6a5b"",""2g1g"",""7c7d"",""7e6e"",""7b6b"",""6e6f"",""1e1g"",""1h1g"",""1a2b"",""B*1a"",""2b3a""],""scoreCp"":1894}]},{""label"":""middlegame-80:mt500-mpv2-t2-h256:warm2"",""candidates"":[{""move"":""6d5c"",""pvUsi"":[""6d5c"",""8e7f"",""1g2e"",""6e6f"",""G*7g"",""7f9d"",""6g6f"",""2c2d"",""5f5e"",""2d2e"",""5c4c"",""6a5b"",""4c6e"",""1f1g+"",""2g1g"",""1e1g"",""1h1g"",""1a2b""],""scoreCp"":2162},{""move"":""6d7e"",""pvUsi"":[""6d7e"",""8e9d"",""1g2e"",""7a6b"",""5f5e"",""1a2b"",""5e5d"",""7c7d"",""7e5c""],""scoreCp"":1954}]},{""label"":""middlegame-80:mt500-mpv2-t2-h256:warm3"",""candidates"":[{""move"":""6d5c"",""pvUsi"":[""6d5c"",""8e7f"",""G*7g"",""7f9d"",""1g2e"",""1f1g+"",""2g1g"",""8d8e"",""3e3d"",""8e8f"",""3d3c+"",""2a3c"",""2e3c+"",""6e6f"",""6g6f""],""scoreCp"":2161},{""move"":""6d7e"",""pvUsi"":[""6d7e"",""6a5b"",""8f8e"",""1f1g+"",""2g1g"",""7c7d"",""7e6e"",""1e1g+"",""1h1g"",""1a2b"",""5f5e"",""8a7c"",""6e6f"",""P*5g"",""6f5g""],""scoreCp"":1880}]}]"
hand-piece-rich,1n2g4/l1s3k1r/p1+B1gp1pn/Bp7/1PPp5/5P2l/PG1P+pS2N/LK2R3L/1NS1S4 b 2Pg5p 1,500,2,2,256,3,3,941.9,936.1,989.8,501.333,263916.3,526449.9,590,15.33,"{""ok"":3}",0,0,"[{""label"":""hand-piece-rich:mt500-mpv2-t2-h256:warm1"",""candidates"":[{""move"":""7c5a"",""pvUsi"":[""7c5a"",""3b2a"",""5h5g"",""P*5f"",""5g5f"",""P*5e"",""P*2b"",""1b2b"",""G*3c"",""5e5f"",""3c2b"",""2a2b"",""9d7b+""],""scoreCp"":2246},{""move"":""9d7b+"",""pvUsi"":[""9d7b+"",""8a7c"",""5h5g"",""P*5f"",""5g5f"",""P*5e"",""5f5h"",""7c8e"",""P*1d"",""P*7g"",""1d1c+"",""1b1c"",""P*3c"",""3b4b"",""N*3d"",""4b3c""],""scoreCp"":1526}]},{""label"":""hand-piece-rich:mt500-mpv2-t2-h256:warm2"",""candidates"":[{""move"":""7c5a"",""pvUsi"":[""7c5a"",""9c9d"",""P*3c"",""3b2b"",""5h5g"",""B*4d"",""8h7h"",""P*3a"",""3c3b+"",""2b3b"",""P*1d""],""scoreCp"":1972},{""move"":""9d7b+"",""pvUsi"":[""9d7b+"",""8a7c"",""5h5g"",""B*3c"",""P*5e"",""7c8e"",""P*1d"",""1f1g+"",""1d1c+"",""N*9e""],""scoreCp"":1516}]},{""label"":""hand-piece-rich:mt500-mpv2-t2-h256:warm3"",""candidates"":[{""move"":""7c5a"",""pvUsi"":[""7c5a"",""3b2a"",""5h5g"",""P*5d"",""P*3c"",""9c9d"",""G*3b"",""2a1a"",""P*2b"",""B*4d"",""8h7h""],""scoreCp"":2220},{""move"":""9d7b+"",""pvUsi"":[""9d7b+"",""8a7c"",""5h5g"",""P*5f"",""5g5f"",""P*5e"",""5f5h"",""7c8e"",""P*3c"",""3b4a"",""7b4e"",""1f1g"",""4e2c"",""4a5b"",""2c1b""],""scoreCp"":1532}]}]"
middlegame-120,1n2g4/+B1s1k3r/p+P2gp1pn/B8/2Pp2p2/1p2LP2l/PG1P+pS2N/LKR4PL/1NS1S1+p1g b 2P2p 1,500,2,2,256,3,3,967.3,950.6,1016.5,503.333,270082.3,536579,590,15,"{""ok"":3}",0,0,"[{""label"":""middlegame-120:mt500-mpv2-t2-h256:warm1"",""candidates"":[{""move"":""9d8e"",""pvUsi"":[""9d8e"",""5b4b"",""5f5c+"",""4b3c"",""8g8f"",""P*8d"",""8e7f"",""3c2d"",""8c7b"",""1c2e"",""7f6e"",""1f1g+"",""6e4c+"",""1b1f"",""1h1g"",""1f1g+"",""9b8a""],""scoreCp"":1783},{""move"":""8g8f"",""pvUsi"":[""8g8f"",""9c9d"",""P*5d"",""5c6c"",""8c7b"",""5g6g"",""5d5c+"",""5b4a"",""5c6c"",""B*6f"",""8h8g"",""6g7h""],""scoreCp"":1508}]},{""label"":""middlegame-120:mt500-mpv2-t2-h256:warm2"",""candidates"":[{""move"":""9d8e"",""pvUsi"":[""9d8e"",""5b4b"",""8g8f"",""4b3c"",""5f5c"",""3c2d"",""8c7b"",""5g4g"",""9b6e"",""1c2e"",""S*2f""],""scoreCp"":1700},{""move"":""8g8f"",""pvUsi"":[""8g8f"",""9c9d"",""8c7b"",""B*3c"",""P*5e"",""1i1h"",""P*3d"",""L*8d"",""9b7d"",""5c6c""],""scoreCp"":1536}]},{""label"":""middlegame-120:mt500-mpv2-t2-h256:warm3"",""candidates"":[{""move"":""9d8e"",""pvUsi"":[""9d8e"",""5b4b"",""5f5c+"",""4b3c"",""8g8f"",""3c2d"",""8c7b"",""1i1h"",""S*2f"",""1h1g"",""8e6c+"",""P*8g"",""8h8g"",""N*9e"",""8f9e"",""P*8d"",""9b6e""],""scoreCp"":1808},{""move"":""8g8f"",""pvUsi"":[""8g8f"",""9c9d"",""8c7b"",""5g5f"",""4g5f"",""1i1h"",""7b8a"",""P*8e""],""scoreCp"":1478}]}]"
middlegame-150,1+Bp6/4+Bgr1p/1P2L1kpn/p4p2n/2Pp2p2/1pG2P3/P2P1S2+l/LKRS+p2PL/1NS1S1+p1g b GN2p 1,500,2,2,256,3,3,1436.367,955.4,2437.2,501,280893.3,560663,580,15,"{""ok"":3}",0,0,"[{""label"":""middlegame-150:mt500-mpv2-t2-h256:warm1"",""candidates"":[{""move"":""G*3d"",""pvUsi"":[""G*3d"",""3c2b"",""5b4b"",""3b3d"",""4b4c"",""G*8g"",""8h9i"",""8g9h"",""7h9h"",""L*3b"",""4c3d"",""3b3d"",""8a5d"",""2b3c"",""1h1g""],""scoreCp"":2800},{""move"":""N*2f"",""pvUsi"":[""N*2f"",""4b5b"",""G*3d"",""3c2b"",""2f1d"",""2b1a"",""7f8f"",""5h6h"",""5c5b+"",""B*5e"",""8i7g"",""6h7i"",""8h7i"",""3b5b""],""scoreCp"":1820}]},{""label"":""middlegame-150:mt500-mpv2-t2-h256:warm2"",""candidates"":[{""move"":""G*3d"",""pvUsi"":[""G*3d"",""3c2b"",""5b4b"",""3b3d"",""4b4c"",""G*8g"",""8h9i"",""8g9h"",""7h9h"",""L*3b"",""8a5d"",""1c2e"",""4c3d"",""3b3d"",""R*3b"",""2b1c"",""3b3d+"",""B*1e"",""1h1g"",""5h6h""],""scoreCp"":3146},{""move"":""N*2f"",""pvUsi"":[""N*2f"",""4b5b"",""G*3d"",""3c2b"",""2f1d"",""2b1a"",""8a5d"",""5h6h"",""5d4d"",""1a2a"",""7f8f"",""6h7h"",""7i7h""],""scoreCp"":1732}]},{""label"":""middlegame-150:mt500-mpv2-t2-h256:warm3"",""candidates"":[{""move"":""G*3d"",""pvUsi"":[""G*3d"",""3c2b"",""8a5d"",""1c2e"",""4g5h"",""1i1h"",""5d4d"",""2b1c"",""4d3e"",""1c2b"",""7f8f"",""4b5b"",""5c5b+"",""B*5e"",""6g6f"",""5e6f"",""6h7g"",""P*8g"",""8f8g""],""scoreCp"":2597},{""move"":""N*2f"",""pvUsi"":[""N*2f"",""4b5b"",""G*3d"",""3c2b"",""2f1d"",""2b1a"",""8a5d"",""5h6h"",""5d4d"",""1a2a"",""7f8f"",""6h7h"",""7i7h"",""B*5g"",""5c5b+""],""scoreCp"":1820}]}]"
mate-in-one,2p2+B2k/1+B3g2p/1P2L1Gpn/p1P2p3/3p2p2/lpG1NP3/P1KP+p3+l/LS1S2SP+n/1NR1S1+pg1 b RPp 1,500,2,2,256,3,3,1139.3,1004.7,1472.4,500.667,537341.7,1073318.7,590,43.67,"{""mate"":3}",0,0,"[{""label"":""mate-in-one:mt500-mpv2-t2-h256:warm1"",""candidates"":[{""move"":""R*3a"",""pvUsi"":[""R*3a""],""scoreMate"":1},{""move"":""4a4b"",""pvUsi"":[""4a4b"",""5g6g"",""6h6g"",""8f8g+"",""8h8g"",""3i3h"",""G*2b""],""scoreMate"":7}]},{""label"":""mate-in-one:mt500-mpv2-t2-h256:warm2"",""candidates"":[{""move"":""R*3a"",""pvUsi"":[""R*3a""],""scoreMate"":1},{""move"":""4a4b"",""pvUsi"":[""4a4b"",""8f8g+"",""7g8g"",""P*8f"",""8g8f"",""9d9e"",""G*2b""],""scoreMate"":7}]},{""label"":""mate-in-one:mt500-mpv2-t2-h256:warm3"",""candidates"":[{""move"":""R*3a"",""pvUsi"":[""R*3a""],""scoreMate"":1},{""move"":""4a4b"",""pvUsi"":[""4a4b"",""5g6g"",""6h6g"",""8f8g+"",""8h8g"",""3i3h"",""G*2b""],""scoreMate"":7}]}]"
single-legal-move,2p5k/4Rg2p/1P2L1Gp1/p1P+B+Bp3/n2p2pnP/l1G2P3/P+pKP1+p2+l/LS1S2SP+n/1NR1S1+pg1 b P 1,500,2,2,256,3,3,961.567,935.9,1027.1,500.667,424651,848211.2,590,0,"{""incomplete"":3}",3,0,"[{""label"":""single-legal-move:mt500-mpv2-t2-h256:warm1"",""candidates"":[]},{""label"":""single-legal-move:mt500-mpv2-t2-h256:warm2"",""candidates"":[]},{""label"":""single-legal-move:mt500-mpv2-t2-h256:warm3"",""candidates"":[]}]"
sparse-endgame,l+P1+S5/+B1+B4sl/5r+N1n/l3p3p/2g1kS2P/2P3PG1/2S5L/+n1G4pK/P+p1G1R3 b 7Pn2p 1,500,2,2,256,3,3,1030.467,1025.3,1129.9,500.333,1014613,2027908,586.7,117,"{""mate"":3}",0,0,"[{""label"":""sparse-endgame:mt500-mpv2-t2-h256:warm1"",""candidates"":[{""move"":""7b5d"",""pvUsi"":[""7b5d""],""scoreMate"":1},{""move"":""4e5f"",""pvUsi"":[""4e5f"",""5e6d"",""4i4c+"",""N*4b"",""R*6c""],""scoreMate"":5}]},{""label"":""sparse-endgame:mt500-mpv2-t2-h256:warm2"",""candidates"":[{""move"":""7b5d"",""pvUsi"":[""7b5d""],""scoreMate"":1},{""move"":""4e5f"",""pvUsi"":[""4e5f"",""5e6d"",""4i4c+"",""N*4b"",""R*6c""],""scoreMate"":5}]},{""label"":""sparse-endgame:mt500-mpv2-t2-h256:warm3"",""candidates"":[{""move"":""7b5d"",""pvUsi"":[""7b5d""],""scoreMate"":1},{""move"":""4e5f"",""pvUsi"":[""4e5f"",""5e6d"",""4i4c+"",""N*4b"",""R*6c""],""scoreMate"":5}]}]"
initial-position,lnsgkgsnl/1r5b1/ppppppppp/9/9/9/PPPPPPPPP/1B5R1/LNSGKGSNL b - 1,500,3,1,256,3,3,1195.067,1252.5,1357.1,500.333,364935,729392.4,543.3,19.67,"{""ok"":3}",0,0,"[{""label"":""initial-position:mt500-mpv3-t1-h256:warm1"",""candidates"":[{""move"":""7g7f"",""pvUsi"":[""7g7f"",""8c8d"",""6i7h"",""8d8e"",""8h7g"",""4a3b"",""2g2f"",""3c3d"",""7i8h"",""4c4d"",""2f2e"",""2b3c"",""9g9f"",""7a6b"",""3i4h""],""scoreCp"":37},{""move"":""6i7h"",""pvUsi"":[""6i7h"",""8c8d"",""7g7f"",""8d8e"",""8h7g"",""4a3b"",""2g2f"",""3c3d"",""7i6h"",""1c1d"",""2f2e"",""2b7g+"",""6h7g"",""3a2b"",""1g1f"",""2b3c"",""6g6f"",""9c9d"",""9g9f"",""6a5b"",""4g4f"",""B*4g""],""scoreCp"":34},{""move"":""2g2f"",""pvUsi"":[""2g2f"",""8c8d"",""2f2e"",""4a3b"",""7g7f"",""8d8e"",""8h7g"",""3c3d"",""6g6f"",""2b3c"",""7i6h"",""9c9d"",""9g9f"",""7a6b"",""4i5h"",""3a4b"",""3i4h"",""4c4d"",""6i7h"",""6a5b"",""6h6g"",""4b4c""],""scoreCp"":31}]},{""label"":""initial-position:mt500-mpv3-t1-h256:warm2"",""candidates"":[{""move"":""6i7h"",""pvUsi"":[""6i7h"",""8c8d"",""7g7f"",""8d8e"",""8h7g"",""4a3b"",""2g2f"",""1c1d"",""2f2e"",""3c3d"",""2e2d"",""2b7g+"",""8i7g"",""2c2d"",""2h2d"",""3a2b"",""2d3d"",""2b3c""],""scoreCp"":51},{""move"":""7g7f"",""pvUsi"":[""7g7f"",""8c8d"",""7i6h"",""3c3d"",""6h7g"",""3a4b"",""2g2f"",""4a3b"",""6i7h"",""8d8e"",""2f2e"",""4b3c"",""4i5h"",""5c5d"",""5g5f"",""6a5b"",""3g3f"",""2b3a"",""2i3g""],""scoreCp"":46},{""move"":""2g2f"",""pvUsi"":[""2g2f"",""8c8d"",""2f2e"",""4a3b"",""7g7f"",""8d8e"",""8h7g"",""3c3d"",""6g6f"",""2b3c"",""7i6h"",""1c1d"",""4i5h"",""9c9d"",""5g5f""],""scoreCp"":31}]},{""label"":""initial-position:mt500-mpv3-t1-h256:warm3"",""candidates"":[{""move"":""7g7f"",""pvUsi"":[""7g7f"",""8c8d"",""6i7h"",""8d8e"",""8h7g"",""4a3b"",""2g2f"",""3c3d"",""7i8h"",""4c4d"",""2f2e"",""2b3c"",""9g9f"",""7a6b"",""3i4h""],""scoreCp"":37},{""move"":""6i7h"",""pvUsi"":[""6i7h"",""8c8d"",""7g7f"",""8d8e"",""8h7g"",""4a3b"",""2g2f"",""3c3d"",""7i6h"",""1c1d"",""2f2e"",""2b7g+"",""6h7g"",""3a2b"",""1g1f"",""2b3c"",""6g6f"",""9c9d"",""9g9f"",""6a5b"",""4g4f"",""B*4g""],""scoreCp"":34},{""move"":""2g2f"",""pvUsi"":[""2g2f"",""8c8d"",""2f2e"",""4a3b"",""7g7f"",""8d8e"",""8h7g"",""3c3d"",""6g6f"",""2b3c"",""7i6h"",""9c9d"",""9g9f"",""7a6b"",""4i5h"",""3a4b"",""3i4h"",""4c4d"",""6i7h"",""6a5b"",""6h6g"",""4b4c""],""scoreCp"":31}]}]"
quiet-no-mate,1n1g1ksn1/l1rsg2b1/p1pp1p+Bpl/1p2p4/8p/2P3P1P/PP1PPPSP1/3S4R/LNG1KG1NL b P 1,500,3,1,256,3,3,1578.633,1071.5,2772.3,500.333,331605,662777.9,546.7,17,"{""ok"":3}",0,0,"[{""label"":""quiet-no-mate:mt500-mpv3-t1-h256:warm1"",""candidates"":[{""move"":""3c2c"",""pvUsi"":[""3c2c"",""4a5a"",""2c2b"",""3a2b"",""1f1e"",""B*2c"",""2g2f"",""6b5c"",""1h2h"",""7b8b"",""2f2e"",""2a3c"",""4g4f""],""scoreCp"":1571},{""move"":""3c2b"",""pvUsi"":[""3c2b"",""3a2b"",""1f1e"",""B*3c"",""B*6f"",""6b5c"",""6f3c+"",""2a3c"",""1e1d"",""1c1d"",""1h1d"",""3c4e"",""3g4h"",""B*5e""],""scoreCp"":1558},{""move"":""3c3d"",""pvUsi"":[""3c3d"",""2b9i+"",""1f1e"",""9i2b"",""1e1d"",""1c1d"",""1h1d"",""L*1c"",""1d1c+"",""2a1c"",""P*1d"",""P*1b"",""1d1c+"",""1b1c"",""5i4h"",""6b5c"",""3d5f"",""7c7d""],""scoreCp"":853}]},{""label"":""quiet-no-mate:mt500-mpv3-t1-h256:warm2"",""candidates"":[{""move"":""3c2c"",""pvUsi"":[""3c2c"",""4a5a"",""2c2b"",""3a2b"",""1f1e"",""B*2c"",""2g2f"",""6b5c"",""1h2h"",""7b8b"",""2f2e"",""2a3c"",""4g4f""],""scoreCp"":1571},{""move"":""3c2b"",""pvUsi"":[""3c2b"",""3a2b"",""1f1e"",""B*3c"",""B*6f"",""6b5c"",""6f3c+"",""2a3c"",""1e1d"",""1c1d"",""1h1d"",""3c4e"",""3g4h"",""B*5e""],""scoreCp"":1558},{""move"":""3c3d"",""pvUsi"":[""3c3d"",""2b9i+"",""1f1e"",""9i2b"",""1e1d"",""1c1d"",""1h1d"",""L*1c"",""1d1c+"",""2a1c"",""P*1d"",""P*1b"",""1d1c+"",""1b1c"",""5i4h"",""6b5c"",""3d5f"",""7c7d""],""scoreCp"":853}]},{""label"":""quiet-no-mate:mt500-mpv3-t1-h256:warm3"",""candidates"":[{""move"":""3c2c"",""pvUsi"":[""3c2c"",""4a5a"",""2c2b"",""3a2b"",""1f1e"",""B*2c"",""2g2f"",""6b5c"",""1h2h"",""7b8b"",""2f2e"",""2a3c"",""4g4f""],""scoreCp"":1571},{""move"":""3c2b"",""pvUsi"":[""3c2b"",""3a2b"",""1f1e"",""B*3c"",""B*6f"",""6b5c"",""6f3c+"",""2a3c"",""1e1d"",""1c1d"",""1h1d"",""3c4e"",""3g4h"",""B*5e""],""scoreCp"":1558},{""move"":""3c3d"",""pvUsi"":[""3c3d"",""2b9i+"",""1f1e"",""9i2b"",""1e1d"",""1c1d"",""1h1d"",""L*1c"",""1d1c+"",""2a1c"",""P*1d"",""P*1b"",""1d1c+"",""1b1c"",""5i4h"",""6b5c"",""3d5f"",""7c7d""],""scoreCp"":853}]}]"
sente-middlegame,1nrg3n1/l2s2k2/p1p1gp1pl/1p1pp2s1/6P1p/b1P5P/PP1PPP1P1/L1KSRSG2/1NG4NL b BP 1,500,3,1,256,3,3,886.567,886.3,897.5,500.333,281694,563024.9,546.7,16,"{""ok"":3}",0,0,"[{""label"":""sente-middlegame:mt500-mpv3-t1-h256:warm1"",""candidates"":[{""move"":""9g9f"",""pvUsi"":[""9g9f"",""8d8e"",""1f1e"",""1c1e"",""1i1e"",""2d1e"",""P*1b"",""1e1f"",""1b1a+"",""4c4d"",""1a1b"",""1f2g+"",""3h2g""],""scoreCp"":2066},{""move"":""1f1e"",""pvUsi"":[""1f1e"",""9f8e"",""1e1d"",""1c1d"",""1i1d"",""P*1c"",""P*1b"",""7c7d"",""1b1a+"",""1c1d"",""3e3d""],""scoreCp"":1284},{""move"":""3e3d"",""pvUsi"":[""3e3d"",""9f8e"",""1f1e"",""7c7d"",""1e1d"",""1c1d"",""1i1d"",""P*1c"",""P*1b"",""1c1d"",""1b1a+"",""7d7e"",""1a2a"",""7e7f""],""scoreCp"":1225}]},{""label"":""sente-middlegame:mt500-mpv3-t1-h256:warm2"",""candidates"":[{""move"":""9g9f"",""pvUsi"":[""9g9f"",""8d8e"",""1f1e"",""7c7d"",""B*8b"",""7a7b"",""8b9a+"",""6a7a"",""B*8c"",""8e8f"",""8g8f"",""1c1e"",""8c7b+"",""7a7b"",""9a8a"",""1e1i+"",""R*1b"",""B*2b"",""8a7b""],""scoreCp"":2117},{""move"":""1f1e"",""pvUsi"":[""1f1e"",""9f8e"",""1e1d"",""1c1d"",""1i1d"",""P*1c"",""P*1b"",""7c7d"",""1b1a+"",""1c1d"",""3e3d""],""scoreCp"":1284},{""move"":""3e3d"",""pvUsi"":[""3e3d"",""9f8e"",""1f1e"",""7c7d"",""1e1d"",""1c1d"",""1i1d"",""P*1c"",""P*1b"",""1c1d"",""1b1a+"",""7d7e"",""1a2a"",""7e7f""],""scoreCp"":1225}]},{""label"":""sente-middlegame:mt500-mpv3-t1-h256:warm3"",""candidates"":[{""move"":""9g9f"",""pvUsi"":[""9g9f"",""8d8e"",""1f1e"",""7c7d"",""B*8b"",""7a7b"",""8b9a+"",""6a7a"",""B*8c"",""8e8f"",""8g8f"",""1c1e"",""8c7b+"",""7a7b"",""9a8a"",""1e1i+"",""R*1b"",""B*2b"",""8a7b""],""scoreCp"":2117},{""move"":""1f1e"",""pvUsi"":[""1f1e"",""9f8e"",""1e1d"",""1c1d"",""1i1d"",""P*1c"",""P*1b"",""7c7d"",""1b1a+"",""1c1d"",""3e3d""],""scoreCp"":1284},{""move"":""3e3d"",""pvUsi"":[""3e3d"",""9f8e"",""1f1e"",""7c7d"",""1e1d"",""1c1d"",""1i1d"",""P*1c"",""P*1b"",""1c1d"",""1b1a+"",""7d7e"",""1a2a"",""7e7f""],""scoreCp"":1225}]}]"
gote-middlegame,1nrgB2n1/l2s2k2/p1p1gp1pl/1p1pp2s1/6P1p/b1P5P/PP1PPP1P1/L1KSRSG2/1NG4NL w P 1,500,3,1,256,3,3,1072.9,992.2,1236.7,500,288068.3,576136.7,543.3,5,"{""incomplete"":2,""ok"":1}",2,0,"[{""label"":""gote-middlegame:mt500-mpv3-t1-h256:warm1"",""candidates"":[]},{""label"":""gote-middlegame:mt500-mpv3-t1-h256:warm2"",""candidates"":[]},{""label"":""gote-middlegame:mt500-mpv3-t1-h256:warm3"",""candidates"":[{""move"":""9f8g+"",""pvUsi"":[""9f8g+"",""7h8g"",""6a5a"",""B*8b"",""8d8e"",""8b7a+"",""6b7a"",""P*8h"",""1e1f"",""5g5f"",""7a6b"",""4h5i"",""8e8f"",""8g7h"",""3b2b"",""5f5e"",""5d5e"",""5h5e""],""scoreCp"":243},{""move"":""9f8e"",""pvUsi"":[""9f8e"",""5a2d+"",""2c2d"",""1f1e"",""7c7d"",""1e1d"",""1c1d"",""1i1d"",""7d7e"",""1d1a+"",""B*4i"",""4h5i"",""4i5h+"",""5i5h"",""R*1h"",""1a2a"",""1h3h+"",""N*3d"",""7e7f"",""S*4b"",""3b2a""],""scoreCp"":285},{""move"":""6a5a"",""pvUsi"":[""6a5a"",""9g9f"",""1e1f"",""B*8b"",""7a6a"",""8b9a+"",""1f1g+"",""2i1g"",""P*1f"",""1g2e"",""2d2e"",""9a9b"",""1f1g+"",""9b8c""],""scoreCp"":423}]}]"
middlegame-60,1nr1g1kn1/l2sb4/p1p1gpppl/1p2p4/3p2P2/1PP2+B1sp/P1KPPP2P/L1G1RSG2/1N2S2NL b p 1,500,3,1,256,3,3,884.933,873.8,913.1,500.333,307215,614014,543.3,16,"{""ok"":3}",0,0,"[{""label"":""middlegame-60:mt500-mpv3-t1-h256:warm1"",""candidates"":[{""move"":""3h3g"",""pvUsi"":[""3h3g"",""2f1e"",""1g1f"",""1e2d"",""1f1e"",""5a4b"",""3g2f"",""8d8e"",""8f8e"",""7c7d"",""4f8b"",""7d7e"",""8b7a"",""6b7a""],""scoreCp"":791},{""move"":""1g1f"",""pvUsi"":[""1g1f"",""5c4d"",""4f6d"",""3a3b"",""1f1e"",""2f3e"",""1e1d"",""1c1d"",""1i1d"",""P*1c"",""1d1c+"",""2a1c"",""P*1d"",""1c2e"",""1d1c+"",""5b7d"",""6d7e""],""scoreCp"":810},{""move"":""4h3g"",""pvUsi"":[""4h3g"",""2f1g+"",""3e3d"",""3c3d"",""5g5f"",""5a4b"",""5f5e"",""5d5e"",""5h5e"",""5c4d"",""2i1g"",""1f1g+"",""5e5h"",""N*5d""],""scoreCp"":707}]},{""label"":""middlegame-60:mt500-mpv3-t1-h256:warm2"",""candidates"":[{""move"":""3h3g"",""pvUsi"":[""3h3g"",""2f1e"",""1g1f"",""1e2d"",""1f1e"",""5a4b"",""3g2f"",""8d8e"",""8f8e"",""7c7d"",""4f8b"",""7d7e"",""8b7a"",""6b7a""],""scoreCp"":791},{""move"":""1g1f"",""pvUsi"":[""1g1f"",""5c4d"",""4f6d"",""3a3b"",""1f1e"",""2f3e"",""1e1d"",""1c1d"",""1i1d"",""P*1c"",""1d1c+"",""2a1c"",""P*1d"",""1c2e"",""1d1c+"",""5b7d"",""6d7e""],""scoreCp"":810},{""move"":""4h3g"",""pvUsi"":[""4h3g"",""2f1g+"",""3e3d"",""3c3d"",""5g5f"",""5a4b"",""5f5e"",""5d5e"",""5h5e"",""5c4d"",""2i1g"",""1f1g+"",""5e5h"",""N*5d""],""scoreCp"":707}]},{""label"":""middlegame-60:mt500-mpv3-t1-h256:warm3"",""candidates"":[{""move"":""3h3g"",""pvUsi"":[""3h3g"",""2f1e"",""1g1f"",""1e2d"",""1f1e"",""5a4b"",""3g2f"",""8d8e"",""8f8e"",""7c7d"",""4f8b"",""7d7e"",""8b7a"",""6b7a""],""scoreCp"":791},{""move"":""1g1f"",""pvUsi"":[""1g1f"",""5c4d"",""4f6d"",""3a3b"",""1f1e"",""2f3e"",""1e1d"",""1c1d"",""1i1d"",""P*1c"",""1d1c+"",""2a1c"",""P*1d"",""1c2e"",""1d1c+"",""5b7d"",""6d7e""],""scoreCp"":810},{""move"":""4h3g"",""pvUsi"":[""4h3g"",""2f1g+"",""3e3d"",""3c3d"",""5g5f"",""5a4b"",""5f5e"",""5d5e"",""5h5e"",""5c4d"",""2i1g"",""1f1g+"",""5e5h"",""N*5d""],""scoreCp"":707}]}]"
middlegame-80,1nsg3nk/l1r6/p1p1gppp1/1p1+B5/1b1pp1P1l/1PP1PP2p/P2P3GN/LKG1R1S1L/1NS1S4 b 2p 1,500,3,1,256,3,3,982.033,990.2,990.3,500.333,283144.3,565913.6,543.3,17,"{""ok"":3}",0,0,"[{""label"":""middlegame-80:mt500-mpv3-t1-h256:warm1"",""candidates"":[{""move"":""6d5c"",""pvUsi"":[""6d5c"",""8e7f"",""G*7g"",""1f1g+"",""7g7f"",""1g1h"",""5f5e"",""8d8e"",""8f8e"",""1a1b"",""3e3d"",""3c3d"",""5e5d"",""L*7d"",""P*7e"",""1e1g+""],""scoreCp"":2153},{""move"":""6d7e"",""pvUsi"":[""6d7e"",""6a5b"",""8f8e"",""1f1g+"",""2g1g"",""1a2b"",""5f5e"",""7c7d"",""7e4h"",""1e1g+"",""1h1g"",""8d8e"",""3e3d"",""8e8f"",""3d3c+"",""2b3c""],""scoreCp"":1820},{""move"":""6d5e"",""pvUsi"":[""6d5e"",""1f1g+"",""8f8e"",""1g1h"",""8h9i"",""5c4d"",""5e7g"",""8d8e"",""2g2f"",""1e1g+"",""5f5e"",""1a1b"",""5e5d"",""1h2h""],""scoreCp"":1677}]},{""label"":""middlegame-80:mt500-mpv3-t1-h256:warm2"",""candidates"":[{""move"":""6d5c"",""pvUsi"":[""6d5c"",""8e7f"",""G*7g"",""1f1g+"",""7g7f"",""1g1h"",""5f5e"",""8d8e"",""8f8e"",""1a1b"",""3e3d"",""3c3d"",""5e5d"",""L*7d"",""P*7e"",""1e1g+""],""scoreCp"":2153},{""move"":""6d7e"",""pvUsi"":[""6d7e"",""6a5b"",""8f8e"",""1f1g+"",""2g1g"",""1a2b"",""5f5e"",""7c7d"",""7e4h"",""1e1g+"",""1h1g"",""8d8e"",""3e3d"",""8e8f"",""3d3c+"",""2b3c""],""scoreCp"":1820},{""move"":""6d5e"",""pvUsi"":[""6d5e"",""1f1g+"",""8f8e"",""1g1h"",""8h9i"",""5c4d"",""5e7g"",""8d8e"",""2g2f"",""1e1g+"",""5f5e"",""1a1b"",""5e5d"",""1h2h""],""scoreCp"":1677}]},{""label"":""middlegame-80:mt500-mpv3-t1-h256:warm3"",""candidates"":[{""move"":""6d5c"",""pvUsi"":[""6d5c"",""8e7f"",""G*7g"",""1f1g+"",""7g7f"",""1g1h"",""5f5e"",""8d8e"",""8f8e"",""1a1b"",""3e3d"",""3c3d"",""5e5d"",""L*7d"",""P*7e"",""1e1g+""],""scoreCp"":2153},{""move"":""6d7e"",""pvUsi"":[""6d7e"",""6a5b"",""8f8e"",""1f1g+"",""2g1g"",""1a2b"",""5f5e"",""7c7d"",""7e4h"",""1e1g+"",""1h1g"",""8d8e"",""3e3d"",""8e8f"",""3d3c+"",""2b3c""],""scoreCp"":1820},{""move"":""6d5e"",""pvUsi"":[""6d5e"",""1f1g+"",""8f8e"",""1g1h"",""8h9i"",""5c4d"",""5e7g"",""8d8e"",""2g2f"",""1e1g+"",""5f5e"",""1a1b"",""5e5d"",""1h2h""],""scoreCp"":1677}]}]"
hand-piece-rich,1n2g4/l1s3k1r/p1+B1gp1pn/Bp7/1PPp5/5P2l/PG1P+pS2N/LK2R3L/1NS1S4 b 2Pg5p 1,500,3,1,256,3,3,917.667,898.7,975.7,500,266659.7,533316.2,540,0,"{""incomplete"":3}",3,0,"[{""label"":""hand-piece-rich:mt500-mpv3-t1-h256:warm1"",""candidates"":[]},{""label"":""hand-piece-rich:mt500-mpv3-t1-h256:warm2"",""candidates"":[]},{""label"":""hand-piece-rich:mt500-mpv3-t1-h256:warm3"",""candidates"":[]}]"
middlegame-120,1n2g4/+B1s1k3r/p+P2gp1pn/B8/2Pp2p2/1p2LP2l/PG1P+pS2N/LKR4PL/1NS1S1+p1g b 2P2p 1,500,3,1,256,3,3,881.2,876.6,891.1,501,256541,512086.9,546.7,15,"{""ok"":3}",0,0,"[{""label"":""middlegame-120:mt500-mpv3-t1-h256:warm1"",""candidates"":[{""move"":""9d8e"",""pvUsi"":[""9d8e"",""5b4b"",""5f5c+"",""4b3c"",""8g8f"",""3c2d"",""8c7b"",""1i1h"",""S*2f"",""1f1g+"",""G*1e"",""2d3d"",""8e6c+"",""P*8g"",""8f8g"",""L*4d"",""9b8a"",""N*9e""],""scoreCp"":1797},{""move"":""8g8f"",""pvUsi"":[""8g8f"",""9c9d"",""5f5c"",""5b5c"",""8c7b"",""P*8e"",""8f7f"",""5g6g"",""9b6e"",""6g7h"",""7i7h"",""L*8f"",""7f8f"",""8e8f"",""G*5d"",""5c4b"",""5d4c"",""4b4a""],""scoreCp"":1487},{""move"":""5f5c+"",""pvUsi"":[""5f5c+"",""5b5c"",""8g8f"",""9c9d"",""8c7b"",""5g6g"",""9b6e"",""6g7h"",""7i7h"",""P*5d"",""P*5e"",""5c4d"",""6e5d"",""4d3c""],""scoreCp"":1473}]},{""label"":""middlegame-120:mt500-mpv3-t1-h256:warm2"",""candidates"":[{""move"":""9d8e"",""pvUsi"":[""9d8e"",""5b4b"",""5f5c+"",""4b3c"",""8g8f"",""3c2d"",""8c7b"",""1i1h"",""S*2f"",""1f1g+"",""G*1e"",""2d3d"",""8e6c+"",""P*8g"",""8f8g"",""L*4d"",""9b8a"",""N*9e""],""scoreCp"":1797},{""move"":""8g8f"",""pvUsi"":[""8g8f"",""9c9d"",""5f5c"",""5b5c"",""8c7b"",""P*8e"",""8f7f"",""5g6g"",""9b6e"",""6g7h"",""7i7h"",""L*8f"",""7f8f"",""8e8f"",""G*5d"",""5c4b"",""5d4c"",""4b4a""],""scoreCp"":1487},{""move"":""5f5c+"",""pvUsi"":[""5f5c+"",""5b5c"",""8g8f"",""9c9d"",""8c7b"",""5g6g"",""9b6e"",""6g7h"",""7i7h"",""P*5d"",""P*5e"",""5c4d"",""6e5d"",""4d3c""],""scoreCp"":1473}]},{""label"":""middlegame-120:mt500-mpv3-t1-h256:warm3"",""candidates"":[{""move"":""9d8e"",""pvUsi"":[""9d8e"",""5b4b"",""5f5c+"",""4b3c"",""8g8f"",""3c2d"",""8c7b"",""1i1h"",""S*2f"",""1f1g+"",""G*1e"",""2d3d"",""8e6c+"",""P*8g"",""8f8g"",""L*4d"",""9b8a"",""N*9e""],""scoreCp"":1797},{""move"":""8g8f"",""pvUsi"":[""8g8f"",""9c9d"",""5f5c"",""5b5c"",""8c7b"",""P*8e"",""8f7f"",""5g6g"",""9b6e"",""6g7h"",""7i7h"",""L*8f"",""7f8f"",""8e8f"",""G*5d"",""5c4b"",""5d4c"",""4b4a""],""scoreCp"":1487},{""move"":""5f5c+"",""pvUsi"":[""5f5c+"",""5b5c"",""8g8f"",""9c9d"",""8c7b"",""5g6g"",""9b6e"",""6g7h"",""7i7h"",""P*5d"",""P*5e"",""5c4d"",""6e5d"",""4d3c""],""scoreCp"":1473}]}]"
middlegame-150,1+Bp6/4+Bgr1p/1P2L1kpn/p4p2n/2Pp2p2/1pG2P3/P2P1S2+l/LKRS+p2PL/1NS1S1+p1g b GN2p 1,500,3,1,256,3,3,947.633,964,990.3,500.667,281811.7,562873.8,546.7,0,"{""incomplete"":3}",3,0,"[{""label"":""middlegame-150:mt500-mpv3-t1-h256:warm1"",""candidates"":[]},{""label"":""middlegame-150:mt500-mpv3-t1-h256:warm2"",""candidates"":[]},{""label"":""middlegame-150:mt500-mpv3-t1-h256:warm3"",""candidates"":[]}]"
mate-in-one,2p2+B2k/1+B3g2p/1P2L1Gpn/p1P2p3/3p2p2/lpG1NP3/P1KP+p3+l/LS1S2SP+n/1NR1S1+pg1 b RPp 1,500,3,1,256,3,3,908.733,881.2,975.8,500,506956,1013912,543.3,40,"{""mate"":3}",0,0,"[{""label"":""mate-in-one:mt500-mpv3-t1-h256:warm1"",""candidates"":[{""move"":""R*3a"",""pvUsi"":[""R*3a""],""scoreMate"":1},{""move"":""4a3a"",""pvUsi"":[""4a3a"",""5g6g"",""6h6g"",""8f8g+"",""8h8g"",""4b3c"",""R*2a""],""scoreMate"":7},{""move"":""4a4b"",""pvUsi"":[""4a4b"",""8f8g+"",""7g8g"",""9f9g+"",""8g9g"",""P*8f"",""G*2b""],""scoreMate"":7}]},{""label"":""mate-in-one:mt500-mpv3-t1-h256:warm2"",""candidates"":[{""move"":""R*3a"",""pvUsi"":[""R*3a""],""scoreMate"":1},{""move"":""4a3a"",""pvUsi"":[""4a3a"",""5g6g"",""6h6g"",""8f8g+"",""8h8g"",""4b3c"",""R*2a""],""scoreMate"":7},{""move"":""4a4b"",""pvUsi"":[""4a4b"",""8f8g+"",""7g8g"",""9f9g+"",""8g9g"",""P*8f"",""G*2b""],""scoreMate"":7}]},{""label"":""mate-in-one:mt500-mpv3-t1-h256:warm3"",""candidates"":[{""move"":""R*3a"",""pvUsi"":[""R*3a""],""scoreMate"":1},{""move"":""4a3a"",""pvUsi"":[""4a3a"",""5g6g"",""6h6g"",""8f8g+"",""8h8g"",""4b3c"",""R*2a""],""scoreMate"":7},{""move"":""4a4b"",""pvUsi"":[""4a4b"",""8f8g+"",""7g8g"",""9f9g+"",""8g9g"",""P*8f"",""G*2b""],""scoreMate"":7}]}]"
single-legal-move,2p5k/4Rg2p/1P2L1Gp1/p1P+B+Bp3/n2p2pnP/l1G2P3/P+pKP1+p2+l/LS1S2SP+n/1NR1S1+pg1 b P 1,500,3,1,256,3,3,872.733,874.2,880.4,500,479927.3,959854.7,543.3,0,"{""incomplete"":3}",3,0,"[{""label"":""single-legal-move:mt500-mpv3-t1-h256:warm1"",""candidates"":[]},{""label"":""single-legal-move:mt500-mpv3-t1-h256:warm2"",""candidates"":[]},{""label"":""single-legal-move:mt500-mpv3-t1-h256:warm3"",""candidates"":[]}]"
sparse-endgame,l+P1+S5/+B1+B4sl/5r+N1n/l3p3p/2g1kS2P/2P3PG1/2S5L/+n1G4pK/P+p1G1R3 b 7Pn2p 1,500,3,1,256,3,3,913,890.5,974.8,500,956851.3,1913702.7,543.3,93,"{""mate"":3}",0,0,"[{""label"":""sparse-endgame:mt500-mpv3-t1-h256:warm1"",""candidates"":[{""move"":""7b5d"",""pvUsi"":[""7b5d""],""scoreMate"":1},{""move"":""4e5f"",""pvUsi"":[""4e5f"",""5e6d"",""4i4c+"",""7e7f"",""R*6e""],""scoreMate"":5},{""move"":""3c4c"",""pvUsi"":[""3c4c"",""5e6d"",""R*6c"",""6d5e"",""9b5f""],""scoreMate"":5}]},{""label"":""sparse-endgame:mt500-mpv3-t1-h256:warm2"",""candidates"":[{""move"":""7b5d"",""pvUsi"":[""7b5d""],""scoreMate"":1},{""move"":""4e5f"",""pvUsi"":[""4e5f"",""5e6d"",""4i4c+"",""7e7f"",""R*6e""],""scoreMate"":5},{""move"":""3c4c"",""pvUsi"":[""3c4c"",""5e6d"",""R*6c"",""6d5e"",""9b5f""],""scoreMate"":5}]},{""label"":""sparse-endgame:mt500-mpv3-t1-h256:warm3"",""candidates"":[{""move"":""7b5d"",""pvUsi"":[""7b5d""],""scoreMate"":1},{""move"":""4e5f"",""pvUsi"":[""4e5f"",""5e6d"",""4i4c+"",""7e7f"",""R*6e""],""scoreMate"":5},{""move"":""3c4c"",""pvUsi"":[""3c4c"",""5e6d"",""R*6c"",""6d5e"",""9b5f""],""scoreMate"":5}]}]"
initial-position,lnsgkgsnl/1r5b1/ppppppppp/9/9/9/PPPPPPPPP/1B5R1/LNSGKGSNL b - 1,500,3,2,256,3,3,1190.533,945.7,1707.4,500.333,383902.7,767304.1,586.7,11.33,"{""incomplete"":1,""ok"":2}",1,0,"[{""label"":""initial-position:mt500-mpv3-t2-h256:warm1"",""candidates"":[]},{""label"":""initial-position:mt500-mpv3-t2-h256:warm2"",""candidates"":[{""move"":""6i7h"",""pvUsi"":[""6i7h"",""3c3d"",""2g2f"",""2b3c"",""2f2e"",""9c9d"",""9g9f"",""8c8d"",""7g7f"",""3a4b"",""6g6f"",""6c6d"",""7i6h"",""7a6b"",""4i5h"",""6b6c"",""3i4h"",""6a5b"",""1g1f"",""6c5d"",""1f1e""],""scoreCp"":63},{""move"":""7g7f"",""pvUsi"":[""7g7f"",""8c8d""],""scoreCp"":58},{""move"":""2g2f"",""pvUsi"":[""2g2f"",""3c3d"",""6i7h"",""2b3c"",""7g7f"",""3a4b"",""2f2e"",""9c9d"",""9g9f"",""8c8d"",""6g6f"",""7a6b"",""7i6h""],""scoreCp"":47}]},{""label"":""initial-position:mt500-mpv3-t2-h256:warm3"",""candidates"":[{""move"":""7g7f"",""pvUsi"":[""7g7f"",""8c8d"",""7i6h"",""3c3d"",""6h7g"",""1c1d"",""2g2f"",""3a4b"",""2f2e"",""4b3c"",""5g5f"",""4a3b"",""6i7h"",""8d8e"",""5i6i"",""5c5d"",""3g3f"",""6a5b""],""scoreCp"":34},{""move"":""6i7h"",""pvUsi"":[""6i7h"",""8c8d"",""7g7f"",""8d8e"",""8h7g"",""3c3d"",""7i6h"",""4a3b"",""2g2f"",""2b7g+"",""6h7g"",""3a2b"",""1g1f"",""1c1d"",""2f2e"",""9c9d"",""9g9f"",""2b3c"",""3g3f"",""6a5b"",""3i3h"",""7c7d""],""scoreCp"":33},{""move"":""6i7h"",""pvUsi"":[""6i7h"",""8c8d"",""7g7f"",""8d8e"",""8h7g"",""3c3d"",""7i6h"",""4c4d"",""1g1f"",""3a4b"",""3i3h"",""5c5d"",""2g2f"",""4b3c""],""scoreCp"":25}]}]"
quiet-no-mate,1n1g1ksn1/l1rsg2b1/p1pp1p+Bpl/1p2p4/8p/2P3P1P/PP1PPPSP1/3S4R/LNG1KG1NL b P 1,500,3,2,256,3,3,989.033,1015.5,1027.9,501.667,296620.3,591252.1,586.7,15,"{""ok"":3}",0,0,"[{""label"":""quiet-no-mate:mt500-mpv3-t2-h256:warm1"",""candidates"":[{""move"":""3c2b"",""pvUsi"":[""3c2b"",""3a2b"",""1f1e"",""B*4d"",""B*6f"",""4d6f"",""6g6f"",""B*9d"",""1e1d"",""9d7f"",""1d1c+"",""2a1c"",""4i4h"",""6b5c"",""B*8c"",""1c2e"",""1h1b+"",""2e3g"",""2i3g""],""scoreCp"":1605},{""move"":""3c2c"",""pvUsi"":[""3c2c"",""4a5a"",""2c2b"",""3a2b"",""1f1e"",""B*3c"",""1e1d"",""3c9i+"",""1d1c+"",""2a1c"",""B*2d"",""5b4b"",""2d1c+"",""2b1c"",""1h1c+"",""6b5c""],""scoreCp"":1407},{""move"":""3c7g"",""pvUsi"":[""3c7g"",""1e1f"",""6g6f"",""7c7d"",""7g6g"",""4a5a"",""3g4f"",""1f1g+"",""2i1g"",""P*1f"",""1g2e""],""scoreCp"":680}]},{""label"":""quiet-no-mate:mt500-mpv3-t2-h256:warm2"",""candidates"":[{""move"":""3c2b"",""pvUsi"":[""3c2b"",""3a2b"",""1f1e"",""B*3c"",""1e1d"",""3c9i+"",""1d1c+"",""2a1c"",""B*8c"",""1c2e"",""1h1b+"",""9i3c"",""1b2a"",""P*3a""],""scoreCp"":1574},{""move"":""3c2c"",""pvUsi"":[""3c2c"",""4a5a"",""2c2b"",""3a2b"",""1f1e"",""B*3c"",""B*7g"",""3c1e"",""P*1d"",""1c1d"",""1h3h"",""1e3c"",""1i1d"",""P*1c"",""7g3c+"",""2b3c""],""scoreCp"":1433},{""move"":""3c3d"",""pvUsi"":[""3c3d"",""2b9i+"",""1f1e"",""4a5a"",""1e1d"",""1c1d"",""P*1e"",""P*1g"",""1h1g"",""L*8h"",""6g6f"",""7c7d"",""1e1d""],""scoreCp"":821}]},{""label"":""quiet-no-mate:mt500-mpv3-t2-h256:warm3"",""candidates"":[{""move"":""3c2b"",""pvUsi"":[""3c2b"",""3a2b"",""1f1e"",""B*3c"",""B*7g"",""3c7g+"",""6h7g"",""B*7d"",""5i5h"",""6b5c"",""1e1d"",""1c1d"",""1h1d"",""P*1c"",""1d1h"",""2b3c"",""P*1d"",""1c1d"",""1h1d""],""scoreCp"":1595},{""move"":""3c2c"",""pvUsi"":[""3c2c"",""4a5a"",""1f1e"",""2b9i+"",""1e1d"",""1c1d"",""1h1d"",""3a2b"",""2c2d"",""2b3c"",""1d1a+"",""3c2d"",""1a2a"",""L*4a"",""2a2d"",""6b7a"",""5i4h"",""7c7d"",""S*8c"",""5a6b"",""8i7g"",""7d7e"",""8c7b+"",""7a7b""],""scoreCp"":1592},{""move"":""3c3d"",""pvUsi"":[""3c3d"",""2b9i+"",""1f1e"",""9i2b"",""1e1d"",""1c1d"",""1h1d"",""L*1c"",""1d1c+"",""2a1c"",""P*1d"",""1c2e"",""3d2e"",""P*1h"",""1d1c+"",""2b1c"",""1i1h""],""scoreCp"":861}]}]"
sente-middlegame,1nrg3n1/l2s2k2/p1p1gp1pl/1p1pp2s1/6P1p/b1P5P/PP1PPP1P1/L1KSRSG2/1NG4NL b BP 1,500,3,2,256,3,3,1022.7,1041.6,1097.7,502,287958,573601.3,590,16,"{""ok"":3}",0,0,"[{""label"":""sente-middlegame:mt500-mpv3-t2-h256:warm1"",""candidates"":[{""move"":""9g9f"",""pvUsi"":[""9g9f"",""1e1f"",""B*8c"",""8d8e"",""8c9b+"",""6a7b"",""3e3d"",""7c7d"",""5g5f"",""1f1g+"",""2i1g"",""1c1g+"",""1i1g""],""scoreCp"":2075},{""move"":""1f1e"",""pvUsi"":[""1f1e"",""9f8e"",""1e1d"",""1c1d"",""1i1d"",""P*1c"",""P*1b"",""7c7d"",""1b1a+"",""7d7e"",""1a2a"",""1c1d"",""7h6i"",""7e7f"",""8g8f"",""8e9d"",""3e3d"",""L*7e"",""P*7h""],""scoreCp"":1248},{""move"":""3e3d"",""pvUsi"":[""3e3d"",""9f8e"",""1f1e"",""7c7d"",""1e1d"",""1c1d"",""1i1d"",""P*1c"",""B*8b"",""1c1d"",""8b7a+"",""6a7a"",""5g5f""],""scoreCp"":1164}]},{""label"":""sente-middlegame:mt500-mpv3-t2-h256:warm2"",""candidates"":[{""move"":""9g9f"",""pvUsi"":[""9g9f"",""7c7d"",""B*8c"",""7d7e"",""8c9b+"",""7e7f"",""L*7d"",""6a7b"",""1f1e"",""8a7c"",""1e1d"",""1c1d"",""1i1d"",""7f7g+"",""6h7g""],""scoreCp"":1997},{""move"":""1f1e"",""pvUsi"":[""1f1e"",""9f8e"",""1e1d"",""1c1d"",""1i1d"",""P*1c"",""1d1c+"",""2d1c"",""3e3d"",""7c7d""],""scoreCp"":1307},{""move"":""3e3d"",""pvUsi"":[""3e3d"",""9f6c"",""1f1e"",""7c7d"",""1e1d"",""1c1d"",""1i1d"",""P*1c"",""P*1b"",""1c1d"",""1b1a+"",""7d7e"",""7f7e""],""scoreCp"":1105}]},{""label"":""sente-middlegame:mt500-mpv3-t2-h256:warm3"",""candidates"":[{""move"":""9g9f"",""pvUsi"":[""9g9f"",""1e1f"",""P*1b"",""7c7d"",""1b1a+"",""7d7e"",""1a2a"",""7e7f"",""B*8c"",""7f7g+"",""6h7g"",""3b2a"",""P*7e""],""scoreCp"":1997},{""move"":""1f1e"",""pvUsi"":[""1f1e"",""9f8e"",""1e1d"",""1c1d"",""1i1d"",""P*1c"",""P*1b"",""1c1d"",""1b1a+"",""7c7d"",""3e3d"",""7d7e"",""1a2a"",""7e7f"",""7h6i"",""7f7g+"",""8i7g"",""8e9d"",""P*7f"",""9d7f""],""scoreCp"":1268},{""move"":""3e3d"",""pvUsi"":[""3e3d"",""9f6c"",""1f1e"",""7c7d"",""1e1d"",""1c1d"",""1i1d"",""P*1c"",""P*1b"",""7d7e"",""1b1a+"",""1c1d"",""7f7e"",""L*7f"",""L*7g"",""7f7g+"",""6h7g""],""scoreCp"":1202}]}]"
gote-middlegame,1nrgB2n1/l2s2k2/p1p1gp1pl/1p1pp2s1/6P1p/b1P5P/PP1PPP1P1/L1KSRSG2/1NG4NL w P 1,500,3,2,256,3,3,1007.567,1040.7,1042.1,501.333,314265,626905.6,586.7,8.33,"{""ok"":2,""incomplete"":1}",1,0,"[{""label"":""gote-middlegame:mt500-mpv3-t2-h256:warm1"",""candidates"":[{""move"":""9f8g+"",""pvUsi"":[""9f8g+"",""7h8g"",""6a5a"",""B*8b"",""8d8e"",""8b7a+"",""6b7a"",""2i3g"",""7a6b"",""1f1e"",""7c7d"",""1e1d"",""1c1d"",""1i1d""],""scoreCp"":294},{""move"":""9f8e"",""pvUsi"":[""9f8e"",""5a2d+"",""2c2d"",""1f1e"",""7c7d"",""1e1d"",""1c1d"",""1i1d"",""7d7e"",""5h5i"",""7e7f"",""1d1b+""],""scoreCp"":330},{""move"":""6a5a"",""pvUsi"":[""6a5a"",""9g9f"",""1e1f"",""B*8b"",""7a6a"",""8b9a+"",""1f1g+"",""2i1g"",""B*4i"",""4h5i"",""4i5h+"",""5i5h"",""R*2i"",""9a9b"",""2i1i+"",""9b8c"",""6a7a""],""scoreCp"":370}]},{""label"":""gote-middlegame:mt500-mpv3-t2-h256:warm2"",""candidates"":[{""move"":""9f8g+"",""pvUsi"":[""9f8g+"",""7h8g"",""6a5a"",""B*8b"",""7a6a"",""8b9a+"",""1e1f"",""9a9b"",""1f1g+"",""9b8c"",""P*1h"",""8c6a"",""5a6a"",""R*1b"",""B*2b""],""scoreCp"":216},{""move"":""9f8e"",""pvUsi"":[""9f8e"",""5a2d+"",""2c2d"",""1f1e"",""7c7d"",""1e1d"",""1c1d"",""1i1d"",""7d7e"",""1d1b+"",""6d6e"",""3e3d"",""6e6f"",""1b2a"",""7e7f"",""P*7c"",""7a7c""],""scoreCp"":294},{""move"":""6a5a"",""pvUsi"":[""6a5a"",""9g9f"",""B*5e"",""2i3g"",""1e1f"",""B*8b"",""7a6a"",""8b9a+"",""5e9i+"",""9a9b"",""9i9h"",""3e3d"",""7c7d"",""9b8c""],""scoreCp"":453}]},{""label"":""gote-middlegame:mt500-mpv3-t2-h256:warm3"",""candidates"":[]}]"
middlegame-60,1nr1g1kn1/l2sb4/p1p1gpppl/1p2p4/3p2P2/1PP2+B1sp/P1KPPP2P/L1G1RSG2/1N2S2NL b p 1,500,3,2,256,3,3,984.933,924,1112.6,501.333,304592.3,607568.1,583.3,10,"{""ok"":2,""incomplete"":1}",1,0,"[{""label"":""middlegame-60:mt500-mpv3-t2-h256:warm1"",""candidates"":[{""move"":""1g1f"",""pvUsi"":[""1g1f"",""5c4d"",""1f1e"",""1c1e"",""P*1f"",""5a4b"",""1f1e"",""4d3e"",""4f6d"",""6b6c"",""6d2h"",""8d8e""],""scoreCp"":814},{""move"":""3h3g"",""pvUsi"":[""3h3g"",""2f1g"",""2i1g"",""1f1g+"",""3e3d"",""3c3d"",""5g5f"",""5a4b"",""5f5e"",""5d5e"",""4f5e"",""4c4d"",""P*1b""],""scoreCp"":777},{""move"":""4h3g"",""pvUsi"":[""4h3g"",""2f1g"",""5g5f"",""4c4d"",""5f5e"",""5d5e"",""4f5e"",""P*5d"",""5e4f"",""7c7d"",""4f8b"",""8a7c"",""2i1g"",""1f1g+"",""8b7a"",""6b7a""],""scoreCp"":668}]},{""label"":""middlegame-60:mt500-mpv3-t2-h256:warm2"",""candidates"":[{""move"":""3h3g"",""pvUsi"":[""3h3g"",""2f1e"",""1g1f"",""1e2d"",""1f1e"",""7c7d"",""5g5f"",""7d7e"",""7g6h"",""8d8e"",""5f5e"",""5b6c"",""1e1d"",""1c1d"",""1i1d"",""8e8f"",""1d1a+"",""6e6f"",""6g6f"",""7e7f"",""5e5d"",""6c5d""],""scoreCp"":825},{""move"":""1g1f"",""pvUsi"":[""1g1f"",""7c7d"",""4h3g"",""2f3g+"",""3h3g"",""7d7e"",""5h2h"",""7e7f"",""7g6h"",""S*5e"",""4f3f"",""6e6f"",""6h5h"",""6f6g+""],""scoreCp"":734},{""move"":""4h3g"",""pvUsi"":[""4h3g"",""2f1g"",""3e3d"",""3c3d"",""5g5f"",""5a4b"",""5f5e"",""5b6c"",""2i1g"",""1f1g+"",""5e5d"",""5c5d"",""P*2b"",""3a2b"",""5h5d"",""6c5d"",""4f5e"",""2b3b"",""5e5d""],""scoreCp"":718}]},{""label"":""middlegame-60:mt500-mpv3-t2-h256:warm3"",""candidates"":[]}]"
middlegame-80,1nsg3nk/l1r6/p1p1gppp1/1p1+B5/1b1pp1P1l/1PP1PP2p/P2P3GN/LKG1R1S1L/1NS1S4 b 2p 1,500,3,2,256,3,3,944.933,915.7,1004.8,503,294990.7,586537.8,586.7,10.33,"{""incomplete"":1,""ok"":2}",1,0,"[{""label"":""middlegame-80:mt500-mpv3-t2-h256:warm1"",""candidates"":[]},{""label"":""middlegame-80:mt500-mpv3-t2-h256:warm2"",""candidates"":[{""move"":""6d5c"",""pvUsi"":[""6d5c"",""8e7f"",""G*7g"",""7f9h+"",""8h9h"",""1f1g+"",""1h1g"",""1e1g+"",""2g1g"",""8d8e"",""B*6c"",""8e8f"",""5c8f"",""7c7d"",""8f3a""],""scoreCp"":2216},{""move"":""6d7e"",""pvUsi"":[""6d7e"",""1f1g+"",""8f8e"",""6a5b"",""2g1g"",""7c7d"",""7e6e"",""8a7c"",""6e5e"",""7d7e"",""7f7e"",""1a2b"",""3e3d"",""N*7f"",""8h9i""],""scoreCp"":1771},{""move"":""6d5e"",""pvUsi"":[""6d5e"",""1f1g+"",""8f8e"",""1g1h"",""8h9i"",""8d8e"",""3e3d"",""5c4d"",""5e7g"",""4d3d"",""2g2f"",""1e1g+""],""scoreCp"":1616}]},{""label"":""middlegame-80:mt500-mpv3-t2-h256:warm3"",""candidates"":[{""move"":""6d5c"",""pvUsi"":[""6d5c"",""8e7f"",""1g2e"",""6e6f"",""6g6f"",""8d8e"",""5h5g"",""8e8f"",""5c8f"",""7f9d"",""3e3d"",""3c3d"",""G*7g"",""P*8g"",""8f8g""],""scoreCp"":2191},{""move"":""6d7e"",""pvUsi"":[""6d7e"",""1f1g+"",""8f8e"",""6a5b"",""1h1g"",""1e1g+"",""2g1g"",""8d8e""],""scoreCp"":1863},{""move"":""6d5e"",""pvUsi"":[""6d5e"",""1f1g+"",""8f8e"",""1g1h"",""3e3d"",""5c4d"",""5e7g"",""4d3d"",""P*1c"",""1a2b"",""2g2f"",""2b1c"",""2f1e"",""1h2h""],""scoreCp"":1581}]}]"
hand-piece-rich,1n2g4/l1s3k1r/p1+B1gp1pn/Bp7/1PPp5/5P2l/PG1P+pS2N/LK2R3L/1NS1S4 b 2Pg5p 1,500,3,2,256,3,3,1104.267,1019.3,1350.4,501.667,247816,493989.5,590,14.33,"{""ok"":3}",0,0,"[{""label"":""hand-piece-rich:mt500-mpv3-t2-h256:warm1"",""candidates"":[{""move"":""7c5a"",""pvUsi"":[""7c5a"",""5g5h"",""P*3c"",""3b3a"",""G*3b"",""1b3b"",""3c3b+"",""3a3b"",""9d7b+"",""3b2a"",""R*4a"",""G*3a""],""scoreCp"":2291},{""move"":""9d7b+"",""pvUsi"":[""9d7b+"",""8a7c"",""5h5g"",""P*5f"",""4g5f"",""7c8e"",""P*3c"",""3b3c"",""5g3g"",""3c4b""],""scoreCp"":1497},{""move"":""P*3c"",""pvUsi"":[""P*3c"",""3b4a"",""9d7b+"",""8a7c"",""5h5g"",""P*5f"",""S*3b"",""4a5b"",""5g5f"",""B*4d"",""8h7h""],""scoreCp"":1151}]},{""label"":""hand-piece-rich:mt500-mpv3-t2-h256:warm2"",""candidates"":[{""move"":""7c5a"",""pvUsi"":[""7c5a"",""9c9d"",""P*3c"",""3b2b"",""5h5g"",""B*4d"",""8h7h"",""P*3a"",""P*1d"",""1f1g"",""1h1g"",""4d1g+"",""3c3b+"",""3a3b"",""1d1c+"",""2b1c"",""N*2e"",""1c2b"",""L*1e"",""P*1c"",""1e1c+"",""1b1c"",""2e1c+"",""2b1c""],""scoreCp"":2056},{""move"":""9d7b+"",""pvUsi"":[""9d7b+"",""8a7c"",""5h5g"",""B*3c"",""8h7h"",""P*5f"",""4g5f"",""P*5e"",""5g3g"",""5e5f"",""7b7c""],""scoreCp"":1307},{""move"":""P*3c"",""pvUsi"":[""P*3c"",""3b4a"",""9d7b+"",""8a7c"",""5h5g"",""1b7b"",""5g5c+"",""G*4b"",""S*3b"",""4b3b"",""3c3b+"",""7b3b"",""P*3c"",""3b3c""],""scoreCp"":1212}]},{""label"":""hand-piece-rich:mt500-mpv3-t2-h256:warm3"",""candidates"":[{""move"":""7c5a"",""pvUsi"":[""7c5a"",""9c9d"",""P*3c"",""3b2a"",""G*3b"",""2a1a"",""P*2b"",""B*4d"",""8i7g"",""1b2b"",""5h5g"",""P*3a"",""3b2b"",""1a2b"",""R*4b"",""2b1a"",""5g5c+""],""scoreCp"":2071},{""move"":""9d7b+"",""pvUsi"":[""9d7b+"",""8a7c"",""5h5g"",""B*1a"",""8h7h"",""P*5f"",""5g5f"",""P*5e"",""5f5h"",""7c8e"",""P*2b"",""3b4a"",""P*1d"",""P*7g"",""8i7g""],""scoreCp"":1525},{""move"":""P*3c"",""pvUsi"":[""P*3c"",""3b4a"",""5h5g"",""P*5f"",""5g5f"",""P*5e"",""5f5e"",""P*5d"",""7c7b"",""9c9d"",""7b5d"",""5c5d"",""5e5d"",""B*4d"",""5d4d"",""B*5e"",""8i7g"",""5e4d""],""scoreCp"":1352}]}]"
middlegame-120,1n2g4/+B1s1k3r/p+P2gp1pn/B8/2Pp2p2/1p2LP2l/PG1P+pS2N/LKR4PL/1NS1S1+p1g b 2P2p 1,500,3,2,256,3,3,1119.7,1042,1323.1,503,257214.7,511324.4,590,14.67,"{""ok"":3}",0,0,"[{""label"":""middlegame-120:mt500-mpv3-t2-h256:warm1"",""candidates"":[{""move"":""9d8e"",""pvUsi"":[""9d8e"",""5b4b"",""5f5c+"",""4b3c"",""8g8f"",""3c2d"",""8c7b"",""1i1h"",""S*2f"",""1f1g+"",""9b8a"",""5g4g"",""8e6c+"",""1g1f""],""scoreCp"":1696},{""move"":""8g8f"",""pvUsi"":[""8g8f"",""9c9d"",""8c7b"",""P*8e"",""9b7d"",""5b4b"",""5f5c+"",""4b3c"",""8f7f""],""scoreCp"":1538},{""move"":""5f5c+"",""pvUsi"":[""5f5c+"",""5b5c"",""8g8f"",""9c9d"",""8c7b"",""P*8e"",""8f7f"",""5g6g"",""9b6e"",""6g7h"",""7i7h"",""1b7b"",""G*5d"",""5c4b"",""5d4c"",""4b4a"",""S*3b"",""7b3b"",""4c3b"",""4a5b"",""R*8b"",""L*6b""],""scoreCp"":1372}]},{""label"":""middlegame-120:mt500-mpv3-t2-h256:warm2"",""candidates"":[{""move"":""9d8e"",""pvUsi"":[""9d8e"",""5b4b"",""8g8f"",""P*8d"",""8e7f"",""4b3c"",""5f5c"",""3c2d"",""G*2f"",""8d8e"",""8c7b"",""8e8f"",""5c5a+""],""scoreCp"":1678},{""move"":""5f5c+"",""pvUsi"":[""5f5c+"",""5b5c"",""8g8f"",""9c9d"",""8c7b"",""P*8e"",""9b6e"",""8e8f"",""G*5d"",""5c5b"",""P*5c"",""5b4a"",""5d4c"",""G*4b"",""8h9i"",""5g6g"",""S*5b"",""4b5b"",""5c5b+"",""5a5b""],""scoreCp"":1566},{""move"":""8g8f"",""pvUsi"":[""8g8f"",""9c9d"",""8c7b"",""5g5f"",""4g5f"",""P*8e"",""8f8e"",""3i4i"",""P*5d"",""5c5d"",""P*5e"",""P*8g"",""8h8g""],""scoreCp"":1542}]},{""label"":""middlegame-120:mt500-mpv3-t2-h256:warm3"",""candidates"":[{""move"":""9d8e"",""pvUsi"":[""9d8e"",""5b4b"",""5f5c+"",""4b3c"",""8g8f"",""P*8d"",""8e7d"",""1i1h"",""8c7b"",""3c2d"",""S*2f"",""1f1g+"",""G*1e"",""2d3d"",""7d6c+"",""L*8g"",""8h8g""],""scoreCp"":1750},{""move"":""8g8f"",""pvUsi"":[""8g8f"",""9c9d"",""P*5d"",""5c6d"",""5d5c+"",""5b4a"",""8c7b"",""P*8e"",""8f8e"",""B*1a"",""P*5e""],""scoreCp"":1475},{""move"":""5f5c+"",""pvUsi"":[""5f5c+"",""5b5c"",""8g8f"",""9c9d"",""8c7b"",""5g6g"",""9b6e"",""6g7h"",""7i7h"",""5c4d"",""7b8a"",""4d3c"",""S*4e""],""scoreCp"":1400}]}]"
middlegame-150,1+Bp6/4+Bgr1p/1P2L1kpn/p4p2n/2Pp2p2/1pG2P3/P2P1S2+l/LKRS+p2PL/1NS1S1+p1g b GN2p 1,500,3,2,256,3,3,1033.067,1032.6,1035.4,502,294421.7,586482.8,590,14.67,"{""ok"":3}",0,0,"[{""label"":""middlegame-150:mt500-mpv3-t2-h256:warm1"",""candidates"":[{""move"":""G*3d"",""pvUsi"":[""G*3d"",""3c2b"",""5b4b"",""3b3d"",""4b4c"",""1c2e"",""4c3d"",""1i1h"",""G*3c"",""2b1a"",""R*3a"",""L*2a"",""8a5d"",""G*8g"",""8h9i""],""scoreCp"":3086},{""move"":""N*2f"",""pvUsi"":[""N*2f"",""1d2f"",""G*3d"",""3c2b"",""5b4b"",""3b4b"",""G*3c"",""2b1a"",""7f8f"",""5h6h"",""5i6h"",""B*5e"",""6h7g""],""scoreCp"":1722},{""move"":""5b6a"",""pvUsi"":[""5b6a"",""5h6h"",""5i6h"",""S*8g"",""8h9i"",""8g7h+"",""7i7h"",""1i1h"",""G*3d"",""3c2b"",""8a5d"",""3b3d"",""6a3d""],""scoreCp"":1682}]},{""label"":""middlegame-150:mt500-mpv3-t2-h256:warm2"",""candidates"":[{""move"":""G*3d"",""pvUsi"":[""G*3d"",""3c2b"",""8a5d"",""4b5b"",""5d4d"",""2b2a"",""5c5b+"",""3b5b"",""N*3c"",""2a3a"",""G*2a"",""3a4b"",""3d4c"",""4b5a"",""4c5b"",""5a5b"",""R*5c"",""5b6b"",""5c5h+"",""6b6a"",""4d4c"",""6a6b"",""4c5c"",""6b5a""],""scoreCp"":2640},{""move"":""N*2f"",""pvUsi"":[""N*2f"",""5h6h"",""5b3d"",""3c2b"",""2f1d"",""2b3a"",""G*2b"",""3b2b"",""1d2b+"",""3a2b"",""3d4d"",""N*3c""],""scoreCp"":1862},{""move"":""5b6a"",""pvUsi"":[""5b6a"",""5h6h"",""5i6h"",""1i1h"",""G*3d"",""3c2b"",""7f8f"",""L*8d"",""6h7g"",""8d8f"",""7g8f"",""P*8e"",""8f8e"",""P*8g"",""8h8g""],""scoreCp"":1603}]},{""label"":""middlegame-150:mt500-mpv3-t2-h256:warm3"",""candidates"":[{""move"":""G*3d"",""pvUsi"":[""G*3d"",""3c2b"",""5b4b"",""3b3d"",""4b4c"",""G*8g"",""8h9i"",""8g9h"",""7h9h"",""L*3b"",""8a5d"",""8f8g+"",""4c3d"",""8g9h"",""9i9h""],""scoreCp"":2675},{""move"":""N*2f"",""pvUsi"":[""N*2f"",""4b5b"",""G*3d"",""3c2b"",""2f1d"",""2b1a"",""8a5d"",""5h6h"",""5d4d"",""1a2a"",""7f8f"",""P*8g"",""8h8g"",""6h7h"",""5c5b+""],""scoreCp"":1827},{""move"":""8a5d"",""pvUsi"":[""8a5d"",""4b5b"",""5d3b"",""3c3b"",""5c5b+"",""5h6h"",""7f8f"",""B*5e"",""N*7g"",""P*8g"",""8f8g"",""6h7h"",""7i7h""],""scoreCp"":1720}]}]"
mate-in-one,2p2+B2k/1+B3g2p/1P2L1Gpn/p1P2p3/3p2p2/lpG1NP3/P1KP+p3+l/LS1S2SP+n/1NR1S1+pg1 b RPp 1,500,3,2,256,3,3,1164.6,1038,1463.5,501.333,473659.7,944829.1,586.7,38,"{""mate"":3}",0,0,"[{""label"":""mate-in-one:mt500-mpv3-t2-h256:warm1"",""candidates"":[{""move"":""R*3a"",""pvUsi"":[""R*3a""],""scoreMate"":1},{""move"":""4a4b"",""pvUsi"":[""4a4b"",""8f8g+"",""7g8g"",""P*8f"",""8g8f"",""3i3h"",""G*2b""],""scoreMate"":7},{""move"":""4a3a"",""pvUsi"":[""4a3a"",""8f8g+"",""8h8g"",""5g6g"",""6h6g"",""4b3c"",""R*2a""],""scoreMate"":7}]},{""label"":""mate-in-one:mt500-mpv3-t2-h256:warm2"",""candidates"":[{""move"":""R*3a"",""pvUsi"":[""R*3a""],""scoreMate"":1},{""move"":""4a4b"",""pvUsi"":[""4a4b"",""5g6g"",""6h6g"",""8f8g+"",""8h8g"",""3i3h"",""G*2b""],""scoreMate"":7},{""move"":""4a3a"",""pvUsi"":[""4a3a"",""8f8g+"",""8h8g"",""5g6g"",""6h6g"",""4b3c"",""R*2a""],""scoreMate"":7}]},{""label"":""mate-in-one:mt500-mpv3-t2-h256:warm3"",""candidates"":[{""move"":""R*3a"",""pvUsi"":[""R*3a""],""scoreMate"":1},{""move"":""4a4b"",""pvUsi"":[""4a4b"",""8f8g+"",""7g8g"",""P*8f"",""8g8f"",""3i3h"",""G*2b""],""scoreMate"":7},{""move"":""4a3a"",""pvUsi"":[""4a3a"",""5g6g"",""7g6g"",""6e6f"",""7f6f"",""4b3c"",""R*2a""],""scoreMate"":7}]}]"
single-legal-move,2p5k/4Rg2p/1P2L1Gp1/p1P+B+Bp3/n2p2pnP/l1G2P3/P+pKP1+p2+l/LS1S2SP+n/1NR1S1+pg1 b P 1,500,3,2,256,3,3,1029.133,1030.8,1035.9,501.333,414109,826004.9,580,0,"{""incomplete"":3}",3,0,"[{""label"":""single-legal-move:mt500-mpv3-t2-h256:warm1"",""candidates"":[]},{""label"":""single-legal-move:mt500-mpv3-t2-h256:warm2"",""candidates"":[]},{""label"":""single-legal-move:mt500-mpv3-t2-h256:warm3"",""candidates"":[]}]"
sparse-endgame,l+P1+S5/+B1+B4sl/5r+N1n/l3p3p/2g1kS2P/2P3PG1/2S5L/+n1G4pK/P+p1G1R3 b 7Pn2p 1,500,3,2,256,3,3,992.767,1009.5,1032.3,500,1002777,2005554,590,69,"{""mate"":3}",0,0,"[{""label"":""sparse-endgame:mt500-mpv3-t2-h256:warm1"",""candidates"":[{""move"":""7b5d"",""pvUsi"":[""7b5d""],""scoreMate"":1},{""move"":""4e5f"",""pvUsi"":[""4e5f"",""5e6d"",""4i4c+"",""7e7f"",""R*6e""],""scoreMate"":5},{""move"":""3c4c"",""pvUsi"":[""3c4c"",""5e6d"",""R*6c"",""6d5e"",""9b5f""],""scoreMate"":5}]},{""label"":""sparse-endgame:mt500-mpv3-t2-h256:warm2"",""candidates"":[{""move"":""7b5d"",""pvUsi"":[""7b5d""],""scoreMate"":1},{""move"":""4e5f"",""pvUsi"":[""4e5f"",""5e6d"",""4i4c+"",""7e7f"",""R*6e""],""scoreMate"":5},{""move"":""3c4c"",""pvUsi"":[""3c4c"",""5e6d"",""R*6c"",""6d5e"",""9b5f""],""scoreMate"":5}]},{""label"":""sparse-endgame:mt500-mpv3-t2-h256:warm3"",""candidates"":[{""move"":""7b5d"",""pvUsi"":[""7b5d""],""scoreMate"":1},{""move"":""4e5f"",""pvUsi"":[""4e5f"",""5e6d"",""4i4c+"",""7e7f"",""R*6e""],""scoreMate"":5},{""move"":""3c4c"",""pvUsi"":[""3c4c"",""5e6d"",""R*6c"",""6d5e"",""9b5f""],""scoreMate"":5}]}]"
initial-position,lnsgkgsnl/1r5b1/ppppppppp/9/9/9/PPPPPPPPP/1B5R1/LNSGKGSNL b - 1,1000,2,1,256,3,3,1408.7,1392.7,1478.3,1000.333,697264,697031.7,1040,21,"{""ok"":3}",0,0,"[{""label"":""initial-position:mt1000-mpv2-t1-h256:warm1"",""candidates"":[{""move"":""6i7h"",""pvUsi"":[""6i7h"",""8c8d"",""2g2f"",""8d8e"",""2f2e"",""4a3b"",""5i6h"",""1c1d"",""9g9f"",""7a6b"",""3i3h"",""8e8f"",""8g8f"",""8b8f"",""P*8g"",""8f8b"",""3g3f"",""5c5d"",""2i3g"",""6b5c"",""7g7f"",""5c6d"",""2e2d"",""2c2d"",""2h2d""],""scoreCp"":48},{""move"":""2g2f"",""pvUsi"":[""2g2f"",""3c3d"",""7g7f"",""8c8d"",""2f2e"",""8d8e"",""6i7h"",""4a3b"",""2e2d"",""2c2d"",""2h2d"",""8e8f"",""8g8f"",""8b8f"",""2d3d"",""2b3c"",""3d3f"",""3a2b"",""3f2f""],""scoreCp"":34}]},{""label"":""initial-position:mt1000-mpv2-t1-h256:warm2"",""candidates"":[{""move"":""6i7h"",""pvUsi"":[""6i7h"",""8c8d"",""2g2f"",""8d8e"",""2f2e"",""4a3b"",""5i6h"",""1c1d"",""9g9f"",""7a6b"",""3i3h"",""8e8f"",""8g8f"",""8b8f"",""P*8g"",""8f8b"",""3g3f"",""5c5d"",""2i3g"",""6b5c"",""7g7f"",""5c6d"",""2e2d"",""2c2d"",""2h2d""],""scoreCp"":48},{""move"":""2g2f"",""pvUsi"":[""2g2f"",""3c3d"",""7g7f"",""8c8d"",""2f2e"",""8d8e"",""6i7h"",""4a3b"",""2e2d"",""2c2d"",""2h2d"",""8e8f"",""8g8f"",""8b8f"",""2d3d"",""2b3c"",""3d3f"",""3a2b"",""3f2f""],""scoreCp"":34}]},{""label"":""initial-position:mt1000-mpv2-t1-h256:warm3"",""candidates"":[{""move"":""6i7h"",""pvUsi"":[""6i7h"",""8c8d"",""2g2f"",""8d8e"",""2f2e"",""4a3b"",""5i6h"",""1c1d"",""9g9f"",""7a6b"",""3i3h"",""8e8f"",""8g8f"",""8b8f"",""P*8g"",""8f8b"",""3g3f"",""5c5d"",""2i3g"",""6b5c"",""7g7f"",""5c6d"",""2e2d"",""2c2d"",""2h2d""],""scoreCp"":48},{""move"":""2g2f"",""pvUsi"":[""2g2f"",""3c3d"",""7g7f"",""8c8d"",""2f2e"",""8d8e"",""6i7h"",""4a3b"",""2e2d"",""2c2d"",""2h2d"",""8e8f"",""8g8f"",""8b8f"",""2d3d"",""2b3c"",""3d3f"",""3a2b"",""3f2f""],""scoreCp"":34}]}]"
quiet-no-mate,1n1g1ksn1/l1rsg2b1/p1pp1p+Bpl/1p2p4/8p/2P3P1P/PP1PPPSP1/3S4R/LNG1KG1NL b P 1,1000,2,1,256,3,3,1610.5,1497.9,1936.5,1000.667,592025.3,591629.5,1043.3,19,"{""ok"":3}",0,0,"[{""label"":""quiet-no-mate:mt1000-mpv2-t1-h256:warm1"",""candidates"":[{""move"":""3c2b"",""pvUsi"":[""3c2b"",""3a2b"",""1f1e"",""B*3c"",""B*7g"",""1c1e"",""1h1e"",""3c1e"",""1i1e"",""2b3c"",""P*1i"",""3c4d"",""B*8c"",""2a3c"",""8c7b+"",""6a7b"",""R*1a"",""4a4b"",""7g8f"",""4d5c"",""1e1c+"",""3c4e"",""3g4h"",""B*2h"",""1a1b+"",""P*3b""],""scoreCp"":1524},{""move"":""3c2c"",""pvUsi"":[""3c2c"",""4a5a"",""2c2b"",""3a2b"",""1f1e"",""B*3c"",""1e1d"",""3c9i+"",""1d1c+"",""2a1c"",""L*8c"",""1c2e"",""1h1b+"",""2e3g"",""2i3g"",""6b5c""],""scoreCp"":1475}]},{""label"":""quiet-no-mate:mt1000-mpv2-t1-h256:warm2"",""candidates"":[{""move"":""3c2b"",""pvUsi"":[""3c2b"",""3a2b"",""1f1e"",""B*3c"",""B*7g"",""1c1e"",""1h1e"",""3c1e"",""1i1e"",""2b3c"",""P*1i"",""3c4d"",""B*8c"",""2a3c"",""8c7b+"",""6a7b"",""R*1a"",""4a4b"",""7g8f"",""4d5c"",""1e1c+"",""3c4e"",""3g4h"",""B*2h"",""1a1b+"",""P*3b""],""scoreCp"":1524},{""move"":""3c2c"",""pvUsi"":[""3c2c"",""4a5a"",""2c2b"",""3a2b"",""1f1e"",""B*3c"",""1e1d"",""3c9i+"",""1d1c+"",""2a1c"",""L*8c"",""1c2e"",""1h1b+"",""2e3g"",""2i3g"",""6b5c""],""scoreCp"":1475}]},{""label"":""quiet-no-mate:mt1000-mpv2-t1-h256:warm3"",""candidates"":[{""move"":""3c2b"",""pvUsi"":[""3c2b"",""3a2b"",""1f1e"",""B*3c"",""B*7g"",""1c1e"",""1h1e"",""3c1e"",""1i1e"",""2b3c"",""P*1i"",""3c4d"",""B*8c"",""2a3c"",""8c7b+"",""6a7b"",""R*1a"",""4a4b"",""7g8f"",""4d5c"",""1e1c+"",""3c4e"",""3g4h"",""B*2h"",""1a1b+"",""P*3b""],""scoreCp"":1524},{""move"":""3c2c"",""pvUsi"":[""3c2c"",""4a5a"",""2c2b"",""3a2b"",""1f1e"",""B*3c"",""1e1d"",""3c9i+"",""1d1c+"",""2a1c"",""L*8c"",""1c2e"",""1h1b+"",""2e3g"",""2i3g"",""6b5c""],""scoreCp"":1475}]}]"
sente-middlegame,1nrg3n1/l2s2k2/p1p1gp1pl/1p1pp2s1/6P1p/b1P5P/PP1PPP1P1/L1KSRSG2/1NG4NL b BP 1,1000,2,1,256,3,3,1417.2,1388.2,1487.6,1000.333,588262,588078.7,1046.7,18,"{""ok"":3}",0,0,"[{""label"":""sente-middlegame:mt1000-mpv2-t1-h256:warm1"",""candidates"":[{""move"":""9g9f"",""pvUsi"":[""9g9f"",""6a7b"",""1f1e"",""7c7d"",""5g5f"",""1c1e"",""P*1f"",""7d7e"",""1f1e"",""7e7f"",""5f5e"",""5d5e"",""3e3d""],""scoreCp"":2103},{""move"":""1f1e"",""pvUsi"":[""1f1e"",""9f8e"",""1e1d"",""1c1d"",""1i1d"",""P*1c"",""P*1b"",""7c7d"",""1b1a+"",""7d7e"",""7f7e"",""1c1d"",""1a2a"",""3b2a"",""7h6i"",""7a7e""],""scoreCp"":1163}]},{""label"":""sente-middlegame:mt1000-mpv2-t1-h256:warm2"",""candidates"":[{""move"":""9g9f"",""pvUsi"":[""9g9f"",""1e1f"",""B*8c"",""6a7b"",""8c9b+"",""7c7d"",""P*1b"",""1f1g+"",""1b1a+"",""1g2g"",""3h2g"",""1c1i+"",""1a2a"",""1i2i""],""scoreCp"":2044},{""move"":""1f1e"",""pvUsi"":[""1f1e"",""9f8e"",""1e1d"",""1c1d"",""1i1d"",""P*1c"",""P*1b"",""7c7d"",""1b1a+"",""7d7e"",""7f7e"",""1c1d"",""1a2a"",""3b2a"",""7h6i"",""7a7e""],""scoreCp"":1163}]},{""label"":""sente-middlegame:mt1000-mpv2-t1-h256:warm3"",""candidates"":[{""move"":""9g9f"",""pvUsi"":[""9g9f"",""1e1f"",""B*8c"",""6a7b"",""8c9b+"",""7c7d"",""P*1b"",""1f1g+"",""1b1a+"",""1g2g"",""3h2g"",""1c1i+"",""1a2a"",""1i2i""],""scoreCp"":2044},{""move"":""1f1e"",""pvUsi"":[""1f1e"",""9f8e"",""1e1d"",""1c1d"",""1i1d"",""P*1c"",""P*1b"",""7c7d"",""1b1a+"",""7d7e"",""7f7e"",""1c1d"",""1a2a"",""3b2a"",""7h6i"",""7a7e""],""scoreCp"":1163}]}]"
gote-middlegame,1nrgB2n1/l2s2k2/p1p1gp1pl/1p1pp2s1/6P1p/b1P5P/PP1PPP1P1/L1KSRSG2/1NG4NL w P 1,1000,2,1,256,3,3,1587.5,1502.4,1867,1000,599754,599754,1040,15,"{""ok"":3}",0,0,"[{""label"":""gote-middlegame:mt1000-mpv2-t1-h256:warm1"",""candidates"":[{""move"":""9f8e"",""pvUsi"":[""9f8e"",""5a2d+"",""2c2d"",""1f1e"",""7c7d"",""4h5i"",""7d7e"",""1e1d"",""1c1d"",""1i1d"",""7e7f"",""1d1a+"",""6d6e"",""5h4h"",""6e6f"",""6g6f"",""P*6g"",""6h6g"",""7f7g+"",""8i7g"",""8e6g+"",""7h6g""],""scoreCp"":230},{""move"":""9f8g+"",""pvUsi"":[""9f8g+"",""7h8g"",""6a5a"",""B*8b"",""7a6a"",""8b9a+"",""1e1f"",""9a9b"",""7c7d"",""4h3g"",""7d7e"",""7f7e"",""B*6e"",""9b6e"",""6d6e""],""scoreCp"":288}]},{""label"":""gote-middlegame:mt1000-mpv2-t1-h256:warm2"",""candidates"":[{""move"":""9f8e"",""pvUsi"":[""9f8e"",""5a2d+"",""2c2d"",""1f1e"",""7c7d"",""4h5i"",""7d7e"",""1e1d"",""1c1d"",""1i1d"",""7e7f"",""1d1a+"",""6d6e"",""5h4h"",""6e6f"",""6g6f"",""P*6g"",""6h6g"",""7f7g+"",""8i7g"",""8e6g+"",""7h6g""],""scoreCp"":230},{""move"":""9f8g+"",""pvUsi"":[""9f8g+"",""7h8g"",""6a5a"",""B*8b"",""7a6a"",""8b9a+"",""1e1f"",""9a9b"",""7c7d"",""4h3g"",""7d7e"",""7f7e"",""B*6e"",""9b6e"",""6d6e""],""scoreCp"":288}]},{""label"":""gote-middlegame:mt1000-mpv2-t1-h256:warm3"",""candidates"":[{""move"":""9f8e"",""pvUsi"":[""9f8e"",""5a2d+"",""2c2d"",""1f1e"",""7c7d"",""4h5i"",""7d7e"",""1e1d"",""1c1d"",""1i1d"",""7e7f"",""1d1a+"",""6d6e"",""5h4h"",""6e6f"",""6g6f"",""P*6g"",""6h6g"",""7f7g+"",""8i7g"",""8e6g+"",""7h6g""],""scoreCp"":230},{""move"":""9f8g+"",""pvUsi"":[""9f8g+"",""7h8g"",""6a5a"",""B*8b"",""7a6a"",""8b9a+"",""1e1f"",""9a9b"",""7c7d"",""4h3g"",""7d7e"",""7f7e"",""B*6e"",""9b6e"",""6d6e""],""scoreCp"":288}]}]"
middlegame-60,1nr1g1kn1/l2sb4/p1p1gpppl/1p2p4/3p2P2/1PP2+B1sp/P1KPPP2P/L1G1RSG2/1N2S2NL b p 1,1000,2,1,256,3,3,1381.233,1392.9,1396.6,1000.667,563358.7,562978.6,1043.3,17.67,"{""ok"":3}",0,0,"[{""label"":""middlegame-60:mt1000-mpv2-t1-h256:warm1"",""candidates"":[{""move"":""3h3g"",""pvUsi"":[""3h3g"",""2f1g"",""2i1g"",""4c4d"",""3e3d"",""5b3d"",""1g2e"",""3d2e"",""5g5f"",""1f1g+"",""5f5e"",""5d5e"",""4f5e"",""P*5d"",""5e6e"",""P*1h""],""scoreCp"":818},{""move"":""1g1f"",""pvUsi"":[""1g1f"",""5c4d"",""1f1e"",""1c1e"",""P*1f"",""4d3e"",""4f6d"",""5a4b"",""1f1e"",""6b5c"",""6d2h"",""8d8e"",""1e1d"",""P*1b"",""8f8e"",""5b7d"",""5g5f"",""3a3b"",""5f5e"",""5d5e"",""2h5e""],""scoreCp"":712}]},{""label"":""middlegame-60:mt1000-mpv2-t1-h256:warm2"",""candidates"":[{""move"":""3h3g"",""pvUsi"":[""3h3g"",""2f1g"",""2i1g"",""1f1g+"",""3e3d"",""3c3d"",""5g5f"",""5c4d"",""5f5e"",""5d5e"",""S*1b"",""5b4a"",""1b2a+"",""3a2a"",""4f1c"",""P*1b"",""1c4f"",""N*5d"",""1i1g"",""5d4f"",""3g4f""],""scoreCp"":808},{""move"":""1g1f"",""pvUsi"":[""1g1f"",""5c4d"",""1f1e"",""1c1e"",""4f6d"",""5a4b"",""1i1e"",""6b6c"",""6d4b"",""3a4b"",""G*6b"",""B*5e"",""7g6h"",""5e9i+"",""6b7a"",""9i8i"",""1e1a+"",""4b5c"",""6h6i"",""6e6f"",""6g6f""],""scoreCp"":766}]},{""label"":""middlegame-60:mt1000-mpv2-t1-h256:warm3"",""candidates"":[{""move"":""3h3g"",""pvUsi"":[""3h3g"",""2f1g"",""2i1g"",""1f1g+"",""3e3d"",""3c3d"",""5g5f"",""5c4d"",""5f5e"",""5d5e"",""S*1b"",""5b4a"",""1b2a+"",""3a2a"",""4f1c"",""P*1b"",""1c4f"",""N*5d"",""1i1g"",""5d4f"",""3g4f""],""scoreCp"":808},{""move"":""1g1f"",""pvUsi"":[""1g1f"",""5c4d"",""1f1e"",""1c1e"",""4f6d"",""5a4b"",""1i1e"",""6b6c"",""6d4b"",""3a4b"",""G*6b"",""B*5e"",""7g6h"",""5e9i+"",""6b7a"",""9i8i"",""1e1a+"",""4b5c"",""6h6i"",""6e6f"",""6g6f""],""scoreCp"":766}]}]"
middlegame-80,1nsg3nk/l1r6/p1p1gppp1/1p1+B5/1b1pp1P1l/1PP1PP2p/P2P3GN/LKG1R1S1L/1NS1S4 b 2p 1,1000,2,1,256,2,1,1021.45,173.6,1869.3,1000,588940,588940,1040,18,"{""ok"":1}",0,0,"[{""label"":""middlegame-80:mt1000-mpv2-t1-h256:warm1"",""candidates"":[{""move"":""6d5c"",""pvUsi"":[""6d5c"",""8e7f"",""1g2e"",""6e6f"",""6g6f"",""1a2b"",""5c7e"",""7f9d"",""5f5e"",""1f1g+"",""2g1g"",""1e1g"",""1h1g"",""G*6g"",""P*7f"",""P*5g""],""scoreCp"":2235},{""move"":""6d7e"",""pvUsi"":[""6d7e"",""1f1g+"",""8f8e"",""6a5b"",""2g1g"",""1a2b"",""5f5e"",""7c7d"",""7e4h"",""1e1g"",""1h1g"",""8d8e"",""P*2d"",""2c2d"",""5e5d"",""5c6c"",""P*2c"",""2b2c""],""scoreCp"":1822}]}]"
