08:59:41.172 [ INFO] maestro.cli.runner.CliConsoleListener.onCommandStart: Define variables RUNNING
08:59:41.174 [ INFO] maestro.cli.runner.CliConsoleListener.onCommandFinished: Define variables COMPLETED
08:59:41.175 [ INFO] maestro.cli.runner.CliConsoleListener.onCommandStart: Define variables RUNNING
08:59:41.640 [ INFO] maestro.cli.runner.CliConsoleListener.onCommandFinished: Define variables COMPLETED
08:59:41.641 [ INFO] maestro.cli.runner.CliConsoleListener.onCommandStart: Apply configuration RUNNING
08:59:41.642 [ INFO] maestro.cli.runner.CliConsoleListener.onCommandFinished: Apply configuration COMPLETED
08:59:41.642 [ INFO] maestro.cli.runner.CliConsoleListener.onCommandStart: Launch app "com.meeshogi.app" RUNNING
08:59:42.140 [ INFO] maestro.Maestro.launchApp$lambda$5: Launching app com.meeshogi.app
08:59:42.140 [ INFO] maestro.Maestro.launchApp$lambda$5: Stopping com.meeshogi.app app during launch
08:59:42.257 [ INFO] maestro.cli.runner.CliConsoleListener.onCommandFinished: Launch app "com.meeshogi.app" COMPLETED
08:59:42.258 [ INFO] maestro.cli.runner.CliConsoleListener.onCommandStart: Assert that id: library-screen is visible RUNNING
08:59:45.292 [ INFO] maestro.cli.runner.CliConsoleListener.onCommandFinished: Assert that id: library-screen is visible COMPLETED
08:59:45.292 [ INFO] maestro.cli.runner.CliConsoleListener.onCommandStart: Run subflows/select-set.yaml RUNNING
08:59:45.293 [ INFO] maestro.cli.runner.CliConsoleListener.onCommandStart: Define variables RUNNING
08:59:45.294 [ INFO] maestro.cli.runner.CliConsoleListener.onCommandFinished: Define variables COMPLETED
08:59:45.294 [ INFO] maestro.cli.runner.CliConsoleListener.onCommandStart: Apply configuration RUNNING
08:59:45.294 [ INFO] maestro.cli.runner.CliConsoleListener.onCommandFinished: Apply configuration COMPLETED
08:59:45.294 [ INFO] maestro.cli.runner.CliConsoleListener.onCommandStart: Tap on "設定.*" RUNNING
08:59:45.389 [ INFO] maestro.Maestro.tap-HgV9Ck0: Tapping on element:  UiElement(treeNode=TreeNode(attributes={text=設定, accessibilityText=, hintText=, ignoreBoundsFiltering=false, resource-id=, clickable=false, bounds=[871,2293][929,2336], enabled=true, focused=false, checked=false, scrollable=false, selected=false, class=android.widget.TextView, important-for-accessibility=true, error=}, children=[], clickable=false, enabled=true, focused=false, checked=false, selected=false), bounds=Bounds(x=871, y=2293, width=58, height=43))
08:59:46.679 [ INFO] maestro.Maestro.tap-HgV9Ck0: Tap aimed via settled hierarchy
08:59:46.683 [ INFO] maestro.Maestro.hierarchyBasedTap-ogj28Uc: Tapping at (900, 2314) using hierarchy based logic for wait
08:59:47.814 [ INFO] maestro.Maestro.hierarchyBasedTap-ogj28Uc: Something has changed in the UI judging by view hierarchy. Proceed.
08:59:47.814 [ INFO] maestro.cli.runner.CliConsoleListener.onCommandFinished: Tap on "設定.*" COMPLETED
08:59:47.814 [ INFO] maestro.cli.runner.CliConsoleListener.onCommandStart: Assert that id: settings-screen is visible RUNNING
08:59:47.926 [ INFO] maestro.cli.runner.CliConsoleListener.onCommandFinished: Assert that id: settings-screen is visible COMPLETED
08:59:47.926 [ INFO] maestro.cli.runner.CliConsoleListener.onCommandStart: Scrolling DOWN until id: piece-sets-link is visible with speed 40, visibility percentage 100%, timeout 20000 ms, with centering disabled RUNNING
08:59:48.015 [ INFO] maestro.orchestra.Orchestra.scrollUntilVisible: Scrolling try count: 0, DeviceWidth: 1080, DeviceWidth: 2400
08:59:48.015 [ INFO] maestro.orchestra.Orchestra.scrollUntilVisible: Element bounds: Bounds(x=54, y=1655, width=973, height=142)
08:59:48.016 [ INFO] maestro.orchestra.Orchestra.scrollUntilVisible: Visibility Percent: 1.0
08:59:48.023 [ INFO] maestro.orchestra.Orchestra.scrollUntilVisible: Command centerElement: ScrollUntilVisibleCommand(selector=ElementSelector(textRegex=null, idRegex=piece-sets-link, size=null, below=null, above=null, leftOf=null, rightOf=null, containsChild=null, containsDescendants=null, traits=null, index=null, enabled=null, optional=false, selected=null, checked=null, focused=null, childOf=null, css=null), direction=DOWN, scrollDuration=601, visibilityPercentage=100, timeout=20000, waitToSettleTimeoutMs=null, centerElement=false, originalSpeedValue=40, label=null, optional=false).centerElement
08:59:48.023 [ INFO] maestro.orchestra.Orchestra.scrollUntilVisible: visibilityPercentageNormalized: 1.0
08:59:48.024 [ INFO] maestro.cli.runner.CliConsoleListener.onCommandFinished: Scrolling DOWN until id: piece-sets-link is visible with speed 40, visibility percentage 100%, timeout 20000 ms, with centering disabled COMPLETED
08:59:48.024 [ INFO] maestro.cli.runner.CliConsoleListener.onCommandStart: Tap on id: piece-sets-link RUNNING
08:59:48.135 [ INFO] maestro.Maestro.tap-HgV9Ck0: Tapping on element:  UiElement(treeNode=TreeNode(attributes={text=, accessibilityText=駒セット, 黄楊, , hintText=, ignoreBoundsFiltering=false, resource-id=piece-sets-link, clickable=true, bounds=[54,1655][1027,1797], enabled=true, focused=false, checked=false, scrollable=false, selected=false, class=android.widget.Button, important-for-accessibility=true, error=}, children=[TreeNode(attributes={text=駒セット, accessibilityText=, hintText=, ignoreBoundsFiltering=false, resource-id=, clickable=false, bounds=[96,1692][786,1758], enabled=true, focused=false, checked=false, scrollable=false, selected=false, class=android.widget.TextView, important-for-accessibility=true, error=}, children=[], clickable=false, enabled=true, focused=false, checked=false, selected=false), TreeNode(attributes={text=黄楊, accessibilityText=, hintText=, ignoreBoundsFiltering=false, resource-id=, clickable=false, bounds=[816,1692][906,1758], enabled=true, focused=false, checked=false, scrollable=false, selected=false, class=android.widget.TextView, important-for-accessibility=true, error=}, children=[], clickable=false, enabled=true, focused=false, checked=false, selected=false), TreeNode(attributes={text=, accessibilityText=, hintText=, ignoreBoundsFiltering=false, resource-id=, clickable=false, bounds=[938,1702][986,1751], enabled=true, focused=false, checked=false, scrollable=false, selected=false, class=android.widget.TextView, important-for-accessibility=true, error=}, children=[], clickable=false, enabled=true, focused=false, checked=false, selected=false)], clickable=true, enabled=true, focused=false, checked=false, selected=false), bounds=Bounds(x=54, y=1655, width=973, height=142))
08:59:49.429 [ INFO] maestro.Maestro.tap-HgV9Ck0: Tap aimed via settled hierarchy
08:59:49.430 [ INFO] maestro.Maestro.hierarchyBasedTap-ogj28Uc: Tapping at (540, 1726) using hierarchy based logic for wait
08:59:50.711 [ INFO] maestro.Maestro.hierarchyBasedTap-ogj28Uc: Something has changed in the UI judging by view hierarchy. Proceed.
08:59:50.711 [ INFO] maestro.cli.runner.CliConsoleListener.onCommandFinished: Tap on id: piece-sets-link COMPLETED
08:59:50.711 [ INFO] maestro.cli.runner.CliConsoleListener.onCommandStart: Assert that id: piece-sets-screen is visible RUNNING
08:59:50.835 [ INFO] maestro.cli.runner.CliConsoleListener.onCommandFinished: Assert that id: piece-sets-screen is visible COMPLETED
08:59:50.835 [ INFO] maestro.cli.runner.CliConsoleListener.onCommandStart: Tap on id: ${SET_ID} RUNNING
08:59:50.912 [ INFO] maestro.Maestro.tap-HgV9Ck0: Tapping on element:  UiElement(treeNode=TreeNode(attributes={text=, accessibilityText=白木。明るくやわらかな白木の風合い, hintText=, ignoreBoundsFiltering=false, resource-id=piece-set-shiraki, clickable=true, bounds=[53,877][1028,1319], enabled=true, focused=false, checked=false, scrollable=false, selected=false, class=android.widget.RadioButton, important-for-accessibility=true, error=}, children=[TreeNode(attributes={text=白木, accessibilityText=, hintText=, ignoreBoundsFiltering=false, resource-id=, clickable=false, bounds=[92,916][990,982], enabled=true, focused=false, checked=false, scrollable=false, selected=false, class=android.widget.TextView, important-for-accessibility=true, error=}, children=[], clickable=false, enabled=true, focused=false, checked=false, selected=false), TreeNode(attributes={text=明るくやわらかな白木の風合い, accessibilityText=, hintText=, ignoreBoundsFiltering=false, resource-id=, clickable=false, bounds=[92,990][990,1043], enabled=true, focused=false, checked=false, scrollable=false, selected=false, class=android.widget.TextView, important-for-accessibility=true, error=}, children=[], clickable=false, enabled=true, focused=false, checked=false, selected=false), TreeNode(attributes={text=, accessibilityText=, hintText=, ignoreBoundsFiltering=false, resource-id=, clickable=false, bounds=[92,1075][988,1280], enabled=true, focused=false, checked=false, scrollable=false, selected=false, class=android.view.ViewGroup, important-for-accessibility=false, error=}, children=[], clickable=false, enabled=true, focused=false, checked=false, selected=false), TreeNode(attributes={text=▲ 先手, accessibilityText=, hintText=, ignoreBoundsFiltering=false, resource-id=, clickable=false, bounds=[108,1099][528,1141], enabled=true, focused=false, checked=false, scrollable=false, selected=false, class=android.widget.TextView, important-for-accessibility=true, error=}, children=[], clickable=false, enabled=true, focused=false, checked=false, selected=false), TreeNode(attributes={text=△ 後手, accessibilityText=, hintText=, ignoreBoundsFiltering=false, resource-id=, clickable=false, bounds=[553,1099][973,1141], enabled=true, focused=false, checked=false, scrollable=false, selected=false, class=android.widget.TextView, important-for-accessibility=true, error=}, children=[], clickable=false, enabled=true, focused=false, checked=false, selected=false), TreeNode(attributes={text=, accessibilityText=, hintText=, ignoreBoundsFiltering=false, resource-id=, clickable=false, bounds=[184,1154][268,1257], enabled=true, focused=false, checked=false, scrollable=false, selected=false, class=android.view.ViewGroup, important-for-accessibility=false, error=}, children=[TreeNode(attributes={text=, accessibilityText=, hintText=, ignoreBoundsFiltering=false, resource-id=, clickable=false, bounds=[184,1157][268,1254], enabled=true, focused=false, checked=false, scrollable=false, selected=false, class=android.widget.ImageView, important-for-accessibility=false, error=}, children=[], clickable=false, enabled=true, focused=false, checked=false, selected=false), TreeNode(attributes={text=, accessibilityText=, hintText=, ignoreBoundsFiltering=false, resource-id=, clickable=false, bounds=[195,1177][257,1245], enabled=true, focused=false, checked=false, scrollable=false, selected=false, class=android.widget.ImageView, important-for-accessibility=false, error=}, children=[], clickable=false, enabled=true, focused=false, checked=false, selected=false)], clickable=false, enabled=true, focused=false, checked=false, selected=false), TreeNode(attributes={text=, accessibilityText=, hintText=, ignoreBoundsFiltering=false, resource-id=, clickable=false, bounds=[276,1154][360,1257], enabled=true, focused=false, checked=false, scrollable=false, selected=false, class=android.view.ViewGroup, important-for-accessibility=false, error=}, children=[TreeNode(attributes={text=, accessibilityText=, hintText=, ignoreBoundsFiltering=false, resource-id=, clickable=false, bounds=[276,1157][360,1254], enabled=true, focused=false, checked=false, scrollable=false, selected=false, class=android.widget.ImageView, important-for-accessibility=false, error=}, children=[], clickable=false, enabled=true, focused=false, checked=false, selected=false), TreeNode(attributes={text=, accessibilityText=, hintText=, ignoreBoundsFiltering=false, resource-id=, clickable=false, bounds=[287,1177][349,1245], enabled=true, focused=false, checked=false, scrollable=false, selected=false, class=android.widget.ImageView, important-for-accessibility=false, error=}, children=[], clickable=false, enabled=true, focused=false, checked=false, selected=false)], clickable=false, enabled=true, focused=false, checked=false, selected=false), TreeNode(attributes={text=, accessibilityText=, hintText=, ignoreBoundsFiltering=false, resource-id=, clickable=false, bounds=[368,1154][452,1257], enabled=true, focused=false, checked=false, scrollable=false, selected=false, class=android.view.ViewGroup, important-for-accessibility=false, error=}, children=[TreeNode(attributes={text=, accessibilityText=, hintText=, ignoreBoundsFiltering=false, resource-id=, clickable=false, bounds=[368,1157][452,1254], enabled=true, focused=false, checked=false, scrollable=false, selected=false, class=android.widget.ImageView, important-for-accessibility=false, error=}, children=[], clickable=false, enabled=true, focused=false, checked=false, selected=false), TreeNode(attributes={text=, accessibilityText=, hintText=, ignoreBoundsFiltering=false, resource-id=, clickable=false, bounds=[379,1177][441,1245], enabled=true, focused=false, checked=false, scrollable=false, selected=false, class=android.widget.ImageView, important-for-accessibility=false, error=}, children=[], clickable=false, enabled=true, focused=false, checked=false, selected=false)], clickable=false, enabled=true, focused=false, checked=false, selected=false), TreeNode(attributes={text=, accessibilityText=, hintText=, ignoreBoundsFiltering=false, resource-id=, clickable=false, bounds=[629,1154][713,1257], enabled=true, focused=false, checked=false, scrollable=false, selected=false, class=android.view.ViewGroup, important-for-accessibility=false, error=}, children=[TreeNode(attributes={text=, accessibilityText=, hintText=, ignoreBoundsFiltering=false, resource-id=, clickable=false, bounds=[629,1157][713,1254], enabled=true, focused=false, checked=false, scrollable=false, selected=false, class=android.widget.ImageView, important-for-accessibility=false, error=}, children=[], clickable=false, enabled=true, focused=false, checked=false, selected=false), TreeNode(attributes={text=, accessibilityText=, hintText=, ignoreBoundsFiltering=false, resource-id=, clickable=false, bounds=[640,1177][702,1245], enabled=true, focused=false, checked=false, scrollable=false, selected=false, class=android.widget.ImageView, important-for-accessibility=false, error=}, children=[], clickable=false, enabled=true, focused=false, checked=false, selected=false)], clickable=false, enabled=true, focused=false, checked=false, selected=false), TreeNode(attributes={text=, accessibilityText=, hintText=, ignoreBoundsFiltering=false, resource-id=, clickable=false, bounds=[721,1154][805,1257], enabled=true, focused=false, checked=false, scrollable=false, selected=false, class=android.view.ViewGroup, important-for-accessibility=false, error=}, children=[TreeNode(attributes={text=, accessibilityText=, hintText=, ignoreBoundsFiltering=false, resource-id=, clickable=false, bounds=[721,1157][805,1254], enabled=true, focused=false, checked=false, scrollable=false, selected=false, class=android.widget.ImageView, important-for-accessibility=false, error=}, children=[], clickable=false, enabled=true, focused=false, checked=false, selected=false), TreeNode(attributes={text=, accessibilityText=, hintText=, ignoreBoundsFiltering=false, resource-id=, clickable=false, bounds=[732,1177][794,1245], enabled=true, focused=false, checked=false, scrollable=false, selected=false, class=android.widget.ImageView, important-for-accessibility=false, error=}, children=[], clickable=false, enabled=true, focused=false, checked=false, selected=false)], clickable=false, enabled=true, focused=false, checked=false, selected=false), TreeNode(attributes={text=, accessibilityText=, hintText=, ignoreBoundsFiltering=false, resource-id=, clickable=false, bounds=[813,1154][897,1257], enabled=true, focused=false, checked=false, scrollable=false, selected=false, class=android.view.ViewGroup, important-for-accessibility=false, error=}, children=[TreeNode(attributes={text=, accessibilityText=, hintText=, ignoreBoundsFiltering=false, resource-id=, clickable=false, bounds=[813,1157][897,1254], enabled=true, focused=false, checked=false, scrollable=false, selected=false, class=android.widget.ImageView, important-for-accessibility=false, error=}, children=[], clickable=false, enabled=true, focused=false, checked=false, selected=false), TreeNode(attributes={text=, accessibilityText=, hintText=, ignoreBoundsFiltering=false, resource-id=, clickable=false, bounds=[824,1177][886,1245], enabled=true, focused=false, checked=false, scrollable=false, selected=false, class=android.widget.ImageView, important-for-accessibility=false, error=}, children=[], clickable=false, enabled=true, focused=false, checked=false, selected=false)], clickable=false, enabled=true, focused=false, checked=false, selected=false)], clickable=true, enabled=true, focused=false, checked=false, selected=false), bounds=Bounds(x=53, y=877, width=975, height=442))
08:59:52.172 [ INFO] maestro.Maestro.tap-HgV9Ck0: Tap aimed via settled hierarchy
08:59:52.173 [ INFO] maestro.Maestro.hierarchyBasedTap-ogj28Uc: Tapping at (540, 1098) using hierarchy based logic for wait
08:59:53.068 [ INFO] maestro.Maestro.hierarchyBasedTap-ogj28Uc: Something has changed in the UI judging by view hierarchy. Proceed.
08:59:53.068 [ INFO] maestro.cli.runner.CliConsoleListener.onCommandFinished: Tap on id: ${SET_ID} COMPLETED
08:59:53.069 [ INFO] maestro.cli.runner.CliConsoleListener.onCommandStart: Assert that id: ${SET_ID} is visible RUNNING
08:59:53.151 [ INFO] maestro.cli.runner.CliConsoleListener.onCommandFinished: Assert that id: ${SET_ID} is visible COMPLETED
08:59:53.151 [ INFO] maestro.cli.runner.CliConsoleListener.onCommandStart: Press Back key RUNNING
08:59:53.152 [ INFO] maestro.Maestro.pressKey: Pressing key BACK
08:59:53.996 [ INFO] maestro.cli.runner.CliConsoleListener.onCommandFinished: Press Back key COMPLETED
08:59:53.996 [ INFO] maestro.cli.runner.CliConsoleListener.onCommandStart: Assert that id: settings-screen is visible RUNNING
08:59:54.115 [ INFO] maestro.cli.runner.CliConsoleListener.onCommandFinished: Assert that id: settings-screen is visible COMPLETED
08:59:54.115 [ INFO] maestro.cli.runner.CliConsoleListener.onCommandStart: Tap on id: tab-games RUNNING
08:59:54.229 [ INFO] maestro.Maestro.tap-HgV9Ck0: Tapping on element:  UiElement(treeNode=TreeNode(attributes={text=, accessibilityText=, 棋譜, hintText=, ignoreBoundsFiltering=false, resource-id=tab-games, clickable=true, bounds=[0,2207][360,2337], enabled=true, focused=false, checked=false, scrollable=false, selected=false, class=android.view.View, important-for-accessibility=true, error=}, children=[TreeNode(attributes={text=, accessibilityText=, hintText=, ignoreBoundsFiltering=false, resource-id=, clickable=false, bounds=[150,2227][212,2288], enabled=true, focused=false, checked=false, scrollable=false, selected=false, class=android.widget.TextView, important-for-accessibility=true, error=}, children=[], clickable=false, enabled=true, focused=false, checked=false, selected=false), TreeNode(attributes={text=棋譜, accessibilityText=, hintText=, ignoreBoundsFiltering=false, resource-id=, clickable=false, bounds=[151,2293][209,2336], enabled=true, focused=false, checked=false, scrollable=false, selected=false, class=android.widget.TextView, important-for-accessibility=true, error=}, children=[], clickable=false, enabled=true, focused=false, checked=false, selected=false)], clickable=true, enabled=true, focused=false, checked=false, selected=false), bounds=Bounds(x=0, y=2207, width=360, height=130))
08:59:55.484 [ INFO] maestro.Maestro.tap-HgV9Ck0: Tap aimed via settled hierarchy
08:59:55.487 [ INFO] maestro.Maestro.hierarchyBasedTap-ogj28Uc: Tapping at (180, 2272) using hierarchy based logic for wait
08:59:56.564 [ INFO] maestro.Maestro.hierarchyBasedTap-ogj28Uc: Something has changed in the UI judging by view hierarchy. Proceed.
08:59:56.564 [ INFO] maestro.cli.runner.CliConsoleListener.onCommandFinished: Tap on id: tab-games COMPLETED
08:59:56.564 [ INFO] maestro.cli.runner.CliConsoleListener.onCommandStart: Assert that id: library-screen is visible RUNNING
08:59:56.642 [ INFO] maestro.cli.runner.CliConsoleListener.onCommandFinished: Assert that id: library-screen is visible COMPLETED
08:59:56.642 [ INFO] maestro.cli.runner.CliConsoleListener.onCommandFinished: Run subflows/select-set.yaml COMPLETED
08:59:56.642 [ INFO] maestro.cli.runner.CliConsoleListener.onCommandStart: Tap on ".*KeroPona.*" RUNNING
08:59:56.756 [ INFO] maestro.Maestro.tap-HgV9Ck0: Tapping on element:  UiElement(treeNode=TreeNode(attributes={text=KeroPona との対局, accessibilityText=, hintText=, ignoreBoundsFiltering=false, resource-id=, clickable=false, bounds=[96,712][708,778], enabled=true, focused=false, checked=false, scrollable=false, selected=false, class=android.widget.TextView, important-for-accessibility=true, error=}, children=[], clickable=false, enabled=true, focused=false, checked=false, selected=false), bounds=Bounds(x=96, y=712, width=612, height=66))
08:59:58.012 [ INFO] maestro.Maestro.tap-HgV9Ck0: Tap aimed via settled hierarchy
08:59:58.013 [ INFO] maestro.Maestro.hierarchyBasedTap-ogj28Uc: Tapping at (402, 745) using hierarchy based logic for wait
08:59:58.376 [ INFO] maestro.cli.runner.CliConsoleListener.onCommandFinished: Tap on ".*KeroPona.*" COMPLETED
08:59:58.376 [ INFO] maestro.cli.runner.CliConsoleListener.onCommandStart: Assert that id: game-screen is visible RUNNING
08:59:59.878 [ INFO] maestro.cli.runner.CliConsoleListener.onCommandFinished: Assert that id: game-screen is visible COMPLETED
08:59:59.879 [ INFO] maestro.cli.runner.CliConsoleListener.onCommandStart: Take screenshot 66-board-shiraki-light RUNNING
08:59:59.880 [ INFO] maestro.Maestro.takeScreenshot: Taking screenshot
08:59:59.881 [TRACE] maestro.utils.ScreenshotUtils.takeScreenshot: Taking screenshot to output sink
09:00:00.211 [ INFO] maestro.cli.runner.CliConsoleListener.onCommandFinished: Take screenshot 66-board-shiraki-light COMPLETED
09:00:00.212 [ INFO] maestro.cli.runner.CliConsoleListener.onCommandStart: Assert that id: board is visible RUNNING
09:00:00.808 [ INFO] maestro.cli.runner.CliConsoleListener.onCommandFinished: Assert that id: board is visible COMPLETED
09:00:00.808 [ INFO] maestro.cli.runner.CliConsoleListener.onCommandStart: Tap on id: move-last RUNNING
09:00:01.341 [ INFO] maestro.Maestro.tap-HgV9Ck0: Tapping on element:  UiElement(treeNode=TreeNode(attributes={text=, accessibilityText=最終局面へ, hintText=, ignoreBoundsFiltering=false, resource-id=move-last, clickable=true, bounds=[845,2214][960,2329], enabled=true, focused=false, checked=false, scrollable=false, selected=false, class=android.widget.Button, important-for-accessibility=true, error=}, children=[TreeNode(attributes={text=, accessibilityText=, hintText=, ignoreBoundsFiltering=false, resource-id=, clickable=false, bounds=[876,2246][929,2299], enabled=true, focused=false, checked=false, scrollable=false, selected=false, class=android.widget.TextView, important-for-accessibility=true, error=}, children=[], clickable=false, enabled=true, focused=false, checked=false, selected=false)], clickable=true, enabled=true, focused=false, checked=false, selected=false), bounds=Bounds(x=845, y=2214, width=115, height=115))
09:00:02.662 [ INFO] maestro.Maestro.tap-HgV9Ck0: Tap aimed via settled hierarchy
09:00:02.663 [ INFO] maestro.Maestro.hierarchyBasedTap-ogj28Uc: Tapping at (902, 2271) using hierarchy based logic for wait
09:00:03.156 [ INFO] maestro.cli.runner.CliConsoleListener.onCommandFinished: Tap on id: move-last COMPLETED
09:00:03.157 [ INFO] maestro.cli.runner.CliConsoleListener.onCommandStart: Take screenshot 67-endgame-shiraki-light RUNNING
09:00:03.157 [ INFO] maestro.Maestro.takeScreenshot: Taking screenshot
09:00:03.158 [TRACE] maestro.utils.ScreenshotUtils.takeScreenshot: Taking screenshot to output sink
09:00:03.323 [ INFO] maestro.cli.runner.CliConsoleListener.onCommandFinished: Take screenshot 67-endgame-shiraki-light COMPLETED
09:00:03.323 [ INFO] maestro.cli.runner.CliConsoleListener.onCommandStart: Tap on id: board-flip RUNNING
09:00:04.034 [ INFO] maestro.Maestro.tap-HgV9Ck0: Tapping on element:  UiElement(treeNode=TreeNode(attributes={text=, accessibilityText=盤面を反転, hintText=, ignoreBoundsFiltering=false, resource-id=board-flip, clickable=true, bounds=[807,151][923,267], enabled=true, focused=false, checked=false, scrollable=false, selected=false, class=android.widget.Button, important-for-accessibility=true, error=}, children=[TreeNode(attributes={text=, accessibilityText=, hintText=, ignoreBoundsFiltering=false, resource-id=, clickable=false, bounds=[839,183][892,236], enabled=true, focused=false, checked=false, scrollable=false, selected=false, class=android.widget.TextView, important-for-accessibility=true, error=}, children=[], clickable=false, enabled=true, focused=false, checked=false, selected=false)], clickable=true, enabled=true, focused=false, checked=false, selected=false), bounds=Bounds(x=807, y=151, width=116, height=116))
09:00:05.341 [ INFO] maestro.Maestro.tap-HgV9Ck0: Tap aimed via settled hierarchy
09:00:05.342 [ INFO] maestro.Maestro.hierarchyBasedTap-ogj28Uc: Tapping at (865, 209) using hierarchy based logic for wait
09:00:06.634 [ INFO] maestro.Maestro.hierarchyBasedTap-ogj28Uc: Something has changed in the UI judging by view hierarchy. Proceed.
09:00:06.635 [ INFO] maestro.cli.runner.CliConsoleListener.onCommandFinished: Tap on id: board-flip COMPLETED
09:00:06.635 [ INFO] maestro.cli.runner.CliConsoleListener.onCommandStart: Take screenshot 68-flipped-shiraki-light RUNNING
09:00:06.635 [ INFO] maestro.Maestro.takeScreenshot: Taking screenshot
09:00:06.636 [TRACE] maestro.utils.ScreenshotUtils.takeScreenshot: Taking screenshot to output sink
09:00:06.800 [ INFO] maestro.cli.runner.CliConsoleListener.onCommandFinished: Take screenshot 68-flipped-shiraki-light COMPLETED
09:00:06.800 [ INFO] maestro.cli.runner.CliConsoleListener.onCommandStart: Tap on id: board-flip RUNNING
09:00:07.020 [ INFO] maestro.Maestro.tap-HgV9Ck0: Tapping on element:  UiElement(treeNode=TreeNode(attributes={text=, accessibilityText=盤面を反転, hintText=, ignoreBoundsFiltering=false, resource-id=board-flip, clickable=true, bounds=[807,151][923,267], enabled=true, focused=false, checked=false, scrollable=false, selected=false, class=android.widget.Button, important-for-accessibility=true, error=}, children=[TreeNode(attributes={text=, accessibilityText=, hintText=, ignoreBoundsFiltering=false, resource-id=, clickable=false, bounds=[839,183][892,236], enabled=true, focused=false, checked=false, scrollable=false, selected=false, class=android.widget.TextView, important-for-accessibility=true, error=}, children=[], clickable=false, enabled=true, focused=false, checked=false, selected=false)], clickable=true, enabled=true, focused=false, checked=false, selected=false), bounds=Bounds(x=807, y=151, width=116, height=116))
09:00:08.292 [ INFO] maestro.Maestro.tap-HgV9Ck0: Tap aimed via settled hierarchy
09:00:08.294 [ INFO] maestro.Maestro.hierarchyBasedTap-ogj28Uc: Tapping at (865, 209) using hierarchy based logic for wait
09:00:09.601 [ INFO] maestro.Maestro.hierarchyBasedTap-ogj28Uc: Something has changed in the UI judging by view hierarchy. Proceed.
09:00:09.601 [ INFO] maestro.cli.runner.CliConsoleListener.onCommandFinished: Tap on id: board-flip COMPLETED
09:00:09.602 [ INFO] maestro.cli.runner.CliConsoleListener.onCommandStart: Tap on id: move-first RUNNING
09:00:09.758 [ INFO] maestro.Maestro.tap-HgV9Ck0: Tapping on element:  UiElement(treeNode=TreeNode(attributes={text=, accessibilityText=初期局面へ, hintText=, ignoreBoundsFiltering=false, resource-id=move-first, clickable=true, bounds=[120,2214][236,2329], enabled=true, focused=false, checked=false, scrollable=false, selected=false, class=android.widget.Button, important-for-accessibility=true, error=}, children=[TreeNode(attributes={text=, accessibilityText=, hintText=, ignoreBoundsFiltering=false, resource-id=, clickable=false, bounds=[151,2246][204,2299], enabled=true, focused=false, checked=false, scrollable=false, selected=false, class=android.widget.TextView, important-for-accessibility=true, error=}, children=[], clickable=false, enabled=true, focused=false, checked=false, selected=false)], clickable=true, enabled=true, focused=false, checked=false, selected=false), bounds=Bounds(x=120, y=2214, width=116, height=115))
09:00:11.071 [ INFO] maestro.Maestro.tap-HgV9Ck0: Tap aimed via settled hierarchy
09:00:11.072 [ INFO] maestro.Maestro.hierarchyBasedTap-ogj28Uc: Tapping at (178, 2271) using hierarchy based logic for wait
09:00:11.581 [ INFO] maestro.cli.runner.CliConsoleListener.onCommandFinished: Tap on id: move-first COMPLETED
09:00:11.581 [ INFO] maestro.cli.runner.CliConsoleListener.onCommandStart: Press Back key RUNNING
09:00:11.582 [ INFO] maestro.Maestro.pressKey: Pressing key BACK
09:00:12.450 [ INFO] maestro.cli.runner.CliConsoleListener.onCommandFinished: Press Back key COMPLETED
09:00:12.450 [ INFO] maestro.cli.runner.CliConsoleListener.onCommandStart: Run subflows/select-set.yaml RUNNING
09:00:12.450 [ INFO] maestro.cli.runner.CliConsoleListener.onCommandStart: Define variables RUNNING
09:00:12.451 [ INFO] maestro.cli.runner.CliConsoleListener.onCommandFinished: Define variables COMPLETED
09:00:12.451 [ INFO] maestro.cli.runner.CliConsoleListener.onCommandStart: Apply configuration RUNNING
09:00:12.451 [ INFO] maestro.cli.runner.CliConsoleListener.onCommandFinished: Apply configuration COMPLETED
09:00:12.451 [ INFO] maestro.cli.runner.CliConsoleListener.onCommandStart: Tap on "設定.*" RUNNING
09:00:12.527 [ INFO] maestro.Maestro.tap-HgV9Ck0: Tapping on element:  UiElement(treeNode=TreeNode(attributes={text=設定, accessibilityText=, hintText=, ignoreBoundsFiltering=false, resource-id=, clickable=false, bounds=[871,2293][929,2336], enabled=true, focused=false, checked=false, scrollable=false, selected=false, class=android.widget.TextView, important-for-accessibility=true, error=}, children=[], clickable=false, enabled=true, focused=false, checked=false, selected=false), bounds=Bounds(x=871, y=2293, width=58, height=43))
09:00:13.757 [ INFO] maestro.Maestro.tap-HgV9Ck0: Tap aimed via settled hierarchy
09:00:13.757 [ INFO] maestro.Maestro.hierarchyBasedTap-ogj28Uc: Tapping at (900, 2314) using hierarchy based logic for wait
09:00:14.808 [ INFO] maestro.Maestro.hierarchyBasedTap-ogj28Uc: Something has changed in the UI judging by view hierarchy. Proceed.
09:00:14.809 [ INFO] maestro.cli.runner.CliConsoleListener.onCommandFinished: Tap on "設定.*" COMPLETED
09:00:14.809 [ INFO] maestro.cli.runner.CliConsoleListener.onCommandStart: Assert that id: settings-screen is visible RUNNING
09:00:14.894 [ INFO] maestro.cli.runner.CliConsoleListener.onCommandFinished: Assert that id: settings-screen is visible COMPLETED
09:00:14.894 [ INFO] maestro.cli.runner.CliConsoleListener.onCommandStart: Scrolling DOWN until id: piece-sets-link is visible with speed 40, visibility percentage 100%, timeout 20000 ms, with centering disabled RUNNING
09:00:15.021 [ INFO] maestro.orchestra.Orchestra.scrollUntilVisible: Scrolling try count: 0, DeviceWidth: 1080, DeviceWidth: 2400
09:00:15.021 [ INFO] maestro.orchestra.Orchestra.scrollUntilVisible: Element bounds: Bounds(x=54, y=1655, width=973, height=142)
09:00:15.021 [ INFO] maestro.orchestra.Orchestra.scrollUntilVisible: Visibility Percent: 1.0
09:00:15.021 [ INFO] maestro.orchestra.Orchestra.scrollUntilVisible: Command centerElement: ScrollUntilVisibleCommand(selector=ElementSelector(textRegex=null, idRegex=piece-sets-link, size=null, below=null, above=null, leftOf=null, rightOf=null, containsChild=null, containsDescendants=null, traits=null, index=null, enabled=null, optional=false, selected=null, checked=null, focused=null, childOf=null, css=null), direction=DOWN, scrollDuration=601, visibilityPercentage=100, timeout=20000, waitToSettleTimeoutMs=null, centerElement=false, originalSpeedValue=40, label=null, optional=false).centerElement
09:00:15.021 [ INFO] maestro.orchestra.Orchestra.scrollUntilVisible: visibilityPercentageNormalized: 1.0
09:00:15.022 [ INFO] maestro.cli.runner.CliConsoleListener.onCommandFinished: Scrolling DOWN until id: piece-sets-link is visible with speed 40, visibility percentage 100%, timeout 20000 ms, with centering disabled COMPLETED
09:00:15.022 [ INFO] maestro.cli.runner.CliConsoleListener.onCommandStart: Tap on id: piece-sets-link RUNNING
09:00:15.130 [ INFO] maestro.Maestro.tap-HgV9Ck0: Tapping on element:  UiElement(treeNode=TreeNode(attributes={text=, accessibilityText=駒セット, 白木, , hintText=, ignoreBoundsFiltering=false, resource-id=piece-sets-link, clickable=true, bounds=[54,1655][1027,1797], enabled=true, focused=false, checked=false, scrollable=false, selected=false, class=android.widget.Button, important-for-accessibility=true, error=}, children=[TreeNode(attributes={text=駒セット, accessibilityText=, hintText=, ignoreBoundsFiltering=false, resource-id=, clickable=false, bounds=[96,1692][786,1758], enabled=true, focused=false, checked=false, scrollable=false, selected=false, class=android.widget.TextView, important-for-accessibility=true, error=}, children=[], clickable=false, enabled=true, focused=false, checked=false, selected=false), TreeNode(attributes={text=白木, accessibilityText=, hintText=, ignoreBoundsFiltering=false, resource-id=, clickable=false, bounds=[816,1692][906,1758], enabled=true, focused=false, checked=false, scrollable=false, selected=false, class=android.widget.TextView, important-for-accessibility=true, error=}, children=[], clickable=false, enabled=true, focused=false, checked=false, selected=false), TreeNode(attributes={text=, accessibilityText=, hintText=, ignoreBoundsFiltering=false, resource-id=, clickable=false, bounds=[938,1702][986,1751], enabled=true, focused=false, checked=false, scrollable=false, selected=false, class=android.widget.TextView, important-for-accessibility=true, error=}, children=[], clickable=false, enabled=true, focused=false, checked=false, selected=false)], clickable=true, enabled=true, focused=false, checked=false, selected=false), bounds=Bounds(x=54, y=1655, width=973, height=142))
09:00:16.405 [ INFO] maestro.Maestro.tap-HgV9Ck0: Tap aimed via settled hierarchy
09:00:16.406 [ INFO] maestro.Maestro.hierarchyBasedTap-ogj28Uc: Tapping at (540, 1726) using hierarchy based logic for wait
09:00:17.870 [ INFO] maestro.Maestro.hierarchyBasedTap-ogj28Uc: Something has changed in the UI judging by view hierarchy. Proceed.
09:00:17.870 [ INFO] maestro.cli.runner.CliConsoleListener.onCommandFinished: Tap on id: piece-sets-link COMPLETED
09:00:17.870 [ INFO] maestro.cli.runner.CliConsoleListener.onCommandStart: Assert that id: piece-sets-screen is visible RUNNING
09:00:17.954 [ INFO] maestro.cli.runner.CliConsoleListener.onCommandFinished: Assert that id: piece-sets-screen is visible COMPLETED
09:00:17.955 [ INFO] maestro.cli.runner.CliConsoleListener.onCommandStart: Tap on id: ${SET_ID} RUNNING
09:00:18.033 [ INFO] maestro.Maestro.tap-HgV9Ck0: Tapping on element:  UiElement(treeNode=TreeNode(attributes={text=, accessibilityText=桜木。ほのかな赤みのある桜木の色合い, hintText=, ignoreBoundsFiltering=false, resource-id=piece-set-sakura, clickable=true, bounds=[53,1351][1028,1793], enabled=true, focused=false, checked=false, scrollable=false, selected=false, class=android.widget.RadioButton, important-for-accessibility=true, error=}, children=[TreeNode(attributes={text=桜木, accessibilityText=, hintText=, ignoreBoundsFiltering=false, resource-id=, clickable=false, bounds=[92,1390][990,1456], enabled=true, focused=false, checked=false, scrollable=false, selected=false, class=android.widget.TextView, important-for-accessibility=true, error=}, children=[], clickable=false, enabled=true, focused=false, checked=false, selected=false), TreeNode(attributes={text=ほのかな赤みのある桜木の色合い, accessibilityText=, hintText=, ignoreBoundsFiltering=false, resource-id=, clickable=false, bounds=[92,1464][990,1517], enabled=true, focused=false, checked=false, scrollable=false, selected=false, class=android.widget.TextView, important-for-accessibility=true, error=}, children=[], clickable=false, enabled=true, focused=false, checked=false, selected=false), TreeNode(attributes={text=, accessibilityText=, hintText=, ignoreBoundsFiltering=false, resource-id=, clickable=false, bounds=[92,1549][988,1754], enabled=true, focused=false, checked=false, scrollable=false, selected=false, class=android.view.ViewGroup, important-for-accessibility=false, error=}, children=[], clickable=false, enabled=true, focused=false, checked=false, selected=false), TreeNode(attributes={text=▲ 先手, accessibilityText=, hintText=, ignoreBoundsFiltering=false, resource-id=, clickable=false, bounds=[108,1573][528,1615], enabled=true, focused=false, checked=false, scrollable=false, selected=false, class=android.widget.TextView, important-for-accessibility=true, error=}, children=[], clickable=false, enabled=true, focused=false, checked=false, selected=false), TreeNode(attributes={text=△ 後手, accessibilityText=, hintText=, ignoreBoundsFiltering=false, resource-id=, clickable=false, bounds=[553,1573][973,1615], enabled=true, focused=false, checked=false, scrollable=false, selected=false, class=android.widget.TextView, important-for-accessibility=true, error=}, children=[], clickable=false, enabled=true, focused=false, checked=false, selected=false), TreeNode(attributes={text=, accessibilityText=, hintText=, ignoreBoundsFiltering=false, resource-id=, clickable=false, bounds=[184,1628][268,1730], enabled=true, focused=false, checked=false, scrollable=false, selected=false, class=android.view.ViewGroup, important-for-accessibility=false, error=}, children=[TreeNode(attributes={text=, accessibilityText=, hintText=, ignoreBoundsFiltering=false, resource-id=, clickable=false, bounds=[184,1631][268,1728], enabled=true, focused=false, checked=false, scrollable=false, selected=false, class=android.widget.ImageView, important-for-accessibility=false, error=}, children=[], clickable=false, enabled=true, focused=false, checked=false, selected=false), TreeNode(attributes={text=, accessibilityText=, hintText=, ignoreBoundsFiltering=false, resource-id=, clickable=false, bounds=[195,1651][257,1718], enabled=true, focused=false, checked=false, scrollable=false, selected=false, class=android.widget.ImageView, important-for-accessibility=false, error=}, children=[], clickable=false, enabled=true, focused=false, checked=false, selected=false)], clickable=false, enabled=true, focused=false, checked=false, selected=false), TreeNode(attributes={text=, accessibilityText=, hintText=, ignoreBoundsFiltering=false, resource-id=, clickable=false, bounds=[276,1628][360,1730], enabled=true, focused=false, checked=false, scrollable=false, selected=false, class=android.view.ViewGroup, important-for-accessibility=false, error=}, children=[TreeNode(attributes={text=, accessibilityText=, hintText=, ignoreBoundsFiltering=false, resource-id=, clickable=false, bounds=[276,1631][360,1728], enabled=true, focused=false, checked=false, scrollable=false, selected=false, class=android.widget.ImageView, important-for-accessibility=false, error=}, children=[], clickable=false, enabled=true, focused=false, checked=false, selected=false), TreeNode(attributes={text=, accessibilityText=, hintText=, ignoreBoundsFiltering=false, resource-id=, clickable=false, bounds=[287,1651][349,1718], enabled=true, focused=false, checked=false, scrollable=false, selected=false, class=android.widget.ImageView, important-for-accessibility=false, error=}, children=[], clickable=false, enabled=true, focused=false, checked=false, selected=false)], clickable=false, enabled=true, focused=false, checked=false, selected=false), TreeNode(attributes={text=, accessibilityText=, hintText=, ignoreBoundsFiltering=false, resource-id=, clickable=false, bounds=[368,1628][452,1730], enabled=true, focused=false, checked=false, scrollable=false, selected=false, class=android.view.ViewGroup, important-for-accessibility=false, error=}, children=[TreeNode(attributes={text=, accessibilityText=, hintText=, ignoreBoundsFiltering=false, resource-id=, clickable=false, bounds=[368,1631][452,1728], enabled=true, focused=false, checked=false, scrollable=false, selected=false, class=android.widget.ImageView, important-for-accessibility=false, error=}, children=[], clickable=false, enabled=true, focused=false, checked=false, selected=false), TreeNode(attributes={text=, accessibilityText=, hintText=, ignoreBoundsFiltering=false, resource-id=, clickable=false, bounds=[379,1651][441,1718], enabled=true, focused=false, checked=false, scrollable=false, selected=false, class=android.widget.ImageView, important-for-accessibility=false, error=}, children=[], clickable=false, enabled=true, focused=false, checked=false, selected=false)], clickable=false, enabled=true, focused=false, checked=false, selected=false), TreeNode(attributes={text=, accessibilityText=, hintText=, ignoreBoundsFiltering=false, resource-id=, clickable=false, bounds=[629,1628][713,1730], enabled=true, focused=false, checked=false, scrollable=false, selected=false, class=android.view.ViewGroup, important-for-accessibility=false, error=}, children=[TreeNode(attributes={text=, accessibilityText=, hintText=, ignoreBoundsFiltering=false, resource-id=, clickable=false, bounds=[629,1631][713,1728], enabled=true, focused=false, checked=false, scrollable=false, selected=false, class=android.widget.ImageView, important-for-accessibility=false, error=}, children=[], clickable=false, enabled=true, focused=false, checked=false, selected=false), TreeNode(attributes={text=, accessibilityText=, hintText=, ignoreBoundsFiltering=false, resource-id=, clickable=false, bounds=[640,1651][702,1718], enabled=true, focused=false, checked=false, scrollable=false, selected=false, class=android.widget.ImageView, important-for-accessibility=false, error=}, children=[], clickable=false, enabled=true, focused=false, checked=false, selected=false)], clickable=false, enabled=true, focused=false, checked=false, selected=false), TreeNode(attributes={text=, accessibilityText=, hintText=, ignoreBoundsFiltering=false, resource-id=, clickable=false, bounds=[721,1628][805,1730], enabled=true, focused=false, checked=false, scrollable=false, selected=false, class=android.view.ViewGroup, important-for-accessibility=false, error=}, children=[TreeNode(attributes={text=, accessibilityText=, hintText=, ignoreBoundsFiltering=false, resource-id=, clickable=false, bounds=[721,1631][805,1728], enabled=true, focused=false, checked=false, scrollable=false, selected=false, class=android.widget.ImageView, important-for-accessibility=false, error=}, children=[], clickable=false, enabled=true, focused=false, checked=false, selected=false), TreeNode(attributes={text=, accessibilityText=, hintText=, ignoreBoundsFiltering=false, resource-id=, clickable=false, bounds=[732,1651][794,1718], enabled=true, focused=false, checked=false, scrollable=false, selected=false, class=android.widget.ImageView, important-for-accessibility=false, error=}, children=[], clickable=false, enabled=true, focused=false, checked=false, selected=false)], clickable=false, enabled=true, focused=false, checked=false, selected=false), TreeNode(attributes={text=, accessibilityText=, hintText=, ignoreBoundsFiltering=false, resource-id=, clickable=false, bounds=[813,1628][897,1730], enabled=true, focused=false, checked=false, scrollable=false, selected=false, class=android.view.ViewGroup, important-for-accessibility=false, error=}, children=[TreeNode(attributes={text=, accessibilityText=, hintText=, ignoreBoundsFiltering=false, resource-id=, clickable=false, bounds=[813,1631][897,1728], enabled=true, focused=false, checked=false, scrollable=false, selected=false, class=android.widget.ImageView, important-for-accessibility=false, error=}, children=[], clickable=false, enabled=true, focused=false, checked=false, selected=false), TreeNode(attributes={text=, accessibilityText=, hintText=, ignoreBoundsFiltering=false, resource-id=, clickable=false, bounds=[824,1651][886,1718], enabled=true, focused=false, checked=false, scrollable=false, selected=false, class=android.widget.ImageView, important-for-accessibility=false, error=}, children=[], clickable=false, enabled=true, focused=false, checked=false, selected=false)], clickable=false, enabled=true, focused=false, checked=false, selected=false)], clickable=true, enabled=true, focused=false, checked=false, selected=false), bounds=Bounds(x=53, y=1351, width=975, height=442))
09:00:19.235 [ INFO] maestro.Maestro.tap-HgV9Ck0: Tap aimed via settled hierarchy
09:00:19.236 [ INFO] maestro.Maestro.hierarchyBasedTap-ogj28Uc: Tapping at (540, 1572) using hierarchy based logic for wait
09:00:20.056 [ INFO] maestro.Maestro.hierarchyBasedTap-ogj28Uc: Something has changed in the UI judging by view hierarchy. Proceed.
09:00:20.056 [ INFO] maestro.cli.runner.CliConsoleListener.onCommandFinished: Tap on id: ${SET_ID} COMPLETED
09:00:20.056 [ INFO] maestro.cli.runner.CliConsoleListener.onCommandStart: Assert that id: ${SET_ID} is visible RUNNING
09:00:20.132 [ INFO] maestro.cli.runner.CliConsoleListener.onCommandFinished: Assert that id: ${SET_ID} is visible COMPLETED
09:00:20.132 [ INFO] maestro.cli.runner.CliConsoleListener.onCommandStart: Press Back key RUNNING
09:00:20.132 [ INFO] maestro.Maestro.pressKey: Pressing key BACK
09:00:20.984 [ INFO] maestro.cli.runner.CliConsoleListener.onCommandFinished: Press Back key COMPLETED
09:00:20.984 [ INFO] maestro.cli.runner.CliConsoleListener.onCommandStart: Assert that id: settings-screen is visible RUNNING
09:00:21.106 [ INFO] maestro.cli.runner.CliConsoleListener.onCommandFinished: Assert that id: settings-screen is visible COMPLETED
09:00:21.106 [ INFO] maestro.cli.runner.CliConsoleListener.onCommandStart: Tap on id: tab-games RUNNING
09:00:21.216 [ INFO] maestro.Maestro.tap-HgV9Ck0: Tapping on element:  UiElement(treeNode=TreeNode(attributes={text=, accessibilityText=, 棋譜, hintText=, ignoreBoundsFiltering=false, resource-id=tab-games, clickable=true, bounds=[0,2207][360,2337], enabled=true, focused=false, checked=false, scrollable=false, selected=false, class=android.view.View, important-for-accessibility=true, error=}, children=[TreeNode(attributes={text=, accessibilityText=, hintText=, ignoreBoundsFiltering=false, resource-id=, clickable=false, bounds=[150,2227][212,2288], enabled=true, focused=false, checked=false, scrollable=false, selected=false, class=android.widget.TextView, important-for-accessibility=true, error=}, children=[], clickable=false, enabled=true, focused=false, checked=false, selected=false), TreeNode(attributes={text=棋譜, accessibilityText=, hintText=, ignoreBoundsFiltering=false, resource-id=, clickable=false, bounds=[151,2293][209,2336], enabled=true, focused=false, checked=false, scrollable=false, selected=false, class=android.widget.TextView, important-for-accessibility=true, error=}, children=[], clickable=false, enabled=true, focused=false, checked=false, selected=false)], clickable=true, enabled=true, focused=false, checked=false, selected=false), bounds=Bounds(x=0, y=2207, width=360, height=130))
09:00:22.499 [ INFO] maestro.Maestro.tap-HgV9Ck0: Tap aimed via settled hierarchy
09:00:22.500 [ INFO] maestro.Maestro.hierarchyBasedTap-ogj28Uc: Tapping at (180, 2272) using hierarchy based logic for wait
09:00:23.571 [ INFO] maestro.Maestro.hierarchyBasedTap-ogj28Uc: Something has changed in the UI judging by view hierarchy. Proceed.
09:00:23.572 [ INFO] maestro.cli.runner.CliConsoleListener.onCommandFinished: Tap on id: tab-games COMPLETED
09:00:23.572 [ INFO] maestro.cli.runner.CliConsoleListener.onCommandStart: Assert that id: library-screen is visible RUNNING
09:00:23.645 [ INFO] maestro.cli.runner.CliConsoleListener.onCommandFinished: Assert that id: library-screen is visible COMPLETED
09:00:23.645 [ INFO] maestro.cli.runner.CliConsoleListener.onCommandFinished: Run subflows/select-set.yaml COMPLETED
09:00:23.645 [ INFO] maestro.cli.runner.CliConsoleListener.onCommandStart: Tap on ".*KeroPona.*" RUNNING
09:00:23.759 [ INFO] maestro.Maestro.tap-HgV9Ck0: Tapping on element:  UiElement(treeNode=TreeNode(attributes={text=KeroPona との対局, accessibilityText=, hintText=, ignoreBoundsFiltering=false, resource-id=, clickable=false, bounds=[96,712][708,778], enabled=true, focused=false, checked=false, scrollable=false, selected=false, class=android.widget.TextView, important-for-accessibility=true, error=}, children=[], clickable=false, enabled=true, focused=false, checked=false, selected=false), bounds=Bounds(x=96, y=712, width=612, height=66))
09:00:25.037 [ INFO] maestro.Maestro.tap-HgV9Ck0: Tap aimed via settled hierarchy
09:00:25.037 [ INFO] maestro.Maestro.hierarchyBasedTap-ogj28Uc: Tapping at (402, 745) using hierarchy based logic for wait
09:00:25.396 [ INFO] maestro.cli.runner.CliConsoleListener.onCommandFinished: Tap on ".*KeroPona.*" COMPLETED
09:00:25.396 [ INFO] maestro.cli.runner.CliConsoleListener.onCommandStart: Assert that id: game-screen is visible RUNNING
09:00:26.829 [ INFO] maestro.cli.runner.CliConsoleListener.onCommandFinished: Assert that id: game-screen is visible COMPLETED
09:00:26.830 [ INFO] maestro.cli.runner.CliConsoleListener.onCommandStart: Take screenshot 69-board-sakura-light RUNNING
09:00:26.830 [ INFO] maestro.Maestro.takeScreenshot: Taking screenshot
09:00:26.830 [TRACE] maestro.utils.ScreenshotUtils.takeScreenshot: Taking screenshot to output sink
09:00:26.995 [ INFO] maestro.cli.runner.CliConsoleListener.onCommandFinished: Take screenshot 69-board-sakura-light COMPLETED
09:00:26.995 [ INFO] maestro.cli.runner.CliConsoleListener.onCommandStart: Tap on id: move-last RUNNING
09:00:27.189 [ INFO] maestro.Maestro.tap-HgV9Ck0: Tapping on element:  UiElement(treeNode=TreeNode(attributes={text=, accessibilityText=最終局面へ, hintText=, ignoreBoundsFiltering=false, resource-id=move-last, clickable=true, bounds=[845,2214][960,2329], enabled=true, focused=false, checked=false, scrollable=false, selected=false, class=android.widget.Button, important-for-accessibility=true, error=}, children=[TreeNode(attributes={text=, accessibilityText=, hintText=, ignoreBoundsFiltering=false, resource-id=, clickable=false, bounds=[876,2246][929,2299], enabled=true, focused=false, checked=false, scrollable=false, selected=false, class=android.widget.TextView, important-for-accessibility=true, error=}, children=[], clickable=false, enabled=true, focused=false, checked=false, selected=false)], clickable=true, enabled=true, focused=false, checked=false, selected=false), bounds=Bounds(x=845, y=2214, width=115, height=115))
09:00:28.452 [ INFO] maestro.Maestro.tap-HgV9Ck0: Tap aimed via settled hierarchy
09:00:28.453 [ INFO] maestro.Maestro.hierarchyBasedTap-ogj28Uc: Tapping at (902, 2271) using hierarchy based logic for wait
09:00:28.961 [ INFO] maestro.cli.runner.CliConsoleListener.onCommandFinished: Tap on id: move-last COMPLETED
09:00:28.961 [ INFO] maestro.cli.runner.CliConsoleListener.onCommandStart: Take screenshot 70-endgame-sakura-light RUNNING
09:00:28.962 [ INFO] maestro.Maestro.takeScreenshot: Taking screenshot
09:00:28.962 [TRACE] maestro.utils.ScreenshotUtils.takeScreenshot: Taking screenshot to output sink
09:00:29.214 [ INFO] maestro.cli.runner.CliConsoleListener.onCommandFinished: Take screenshot 70-endgame-sakura-light COMPLETED
09:00:29.215 [ INFO] maestro.cli.runner.CliConsoleListener.onCommandStart: Tap x13 on id: move-prev RUNNING
09:00:29.872 [ INFO] maestro.Maestro.tap-HgV9Ck0: Tapping on element: TapRepeat(repeat=13, delay=800) UiElement(treeNode=TreeNode(attributes={text=, accessibilityText=一手戻る, hintText=, ignoreBoundsFiltering=false, resource-id=move-prev, clickable=true, bounds=[301,2214][417,2329], enabled=true, focused=false, checked=false, scrollable=false, selected=false, class=android.widget.Button, important-for-accessibility=true, error=}, children=[TreeNode(attributes={text=, accessibilityText=, hintText=, ignoreBoundsFiltering=false, resource-id=, clickable=false, bounds=[332,2246][386,2299], enabled=true, focused=false, checked=false, scrollable=false, selected=false, class=android.widget.TextView, important-for-accessibility=true, error=}, children=[], clickable=false, enabled=true, focused=false, checked=false, selected=false)], clickable=true, enabled=true, focused=false, checked=false, selected=false), bounds=Bounds(x=301, y=2214, width=116, height=115))
09:00:31.146 [ INFO] maestro.Maestro.tap-HgV9Ck0: Tap aimed via settled hierarchy
09:00:31.148 [ INFO] maestro.Maestro.hierarchyBasedTap-ogj28Uc: Tapping at (359, 2271) using hierarchy based logic for wait
09:00:42.233 [ INFO] maestro.Maestro.hierarchyBasedTap-ogj28Uc: Something has changed in the UI judging by view hierarchy. Proceed.
09:00:42.234 [ INFO] maestro.cli.runner.CliConsoleListener.onCommandFinished: Tap x13 on id: move-prev COMPLETED
09:00:42.234 [ INFO] maestro.cli.runner.CliConsoleListener.onCommandStart: Scrolling UP until "後手・3手詰め ›" is visible with speed 40, visibility percentage 100%, timeout 20000 ms, with centering disabled RUNNING
09:00:42.480 [ INFO] maestro.orchestra.Orchestra.scrollUntilVisible: Scrolling try count: 0, DeviceWidth: 1080, DeviceWidth: 2400
09:00:42.481 [ INFO] maestro.orchestra.Orchestra.scrollUntilVisible: Element bounds: Bounds(x=778, y=1547, width=250, height=53)
09:00:42.481 [ INFO] maestro.orchestra.Orchestra.scrollUntilVisible: Visibility Percent: 1.0
09:00:42.481 [ INFO] maestro.orchestra.Orchestra.scrollUntilVisible: Command centerElement: ScrollUntilVisibleCommand(selector=ElementSelector(textRegex=後手・3手詰め ›, idRegex=null, size=null, below=null, above=null, leftOf=null, rightOf=null, containsChild=null, containsDescendants=null, traits=null, index=null, enabled=null, optional=false, selected=null, checked=null, focused=null, childOf=null, css=null), direction=UP, scrollDuration=601, visibilityPercentage=100, timeout=20000, waitToSettleTimeoutMs=null, centerElement=false, originalSpeedValue=40, label=null, optional=false).centerElement
09:00:42.481 [ INFO] maestro.orchestra.Orchestra.scrollUntilVisible: visibilityPercentageNormalized: 1.0
09:00:42.481 [ INFO] maestro.cli.runner.CliConsoleListener.onCommandFinished: Scrolling UP until "後手・3手詰め ›" is visible with speed 40, visibility percentage 100%, timeout 20000 ms, with centering disabled COMPLETED
09:00:42.481 [ INFO] maestro.cli.runner.CliConsoleListener.onCommandStart: Tap on "後手・3手詰め ›" RUNNING
09:00:42.942 [ INFO] maestro.Maestro.tap-HgV9Ck0: Tapping on element:  UiElement(treeNode=TreeNode(attributes={text=後手・3手詰め ›, accessibilityText=, hintText=, ignoreBoundsFiltering=false, resource-id=, clickable=false, bounds=[778,1547][1028,1600], enabled=true, focused=false, checked=false, scrollable=false, selected=false, class=android.widget.TextView, important-for-accessibility=true, error=}, children=[], clickable=false, enabled=true, focused=false, checked=false, selected=false), bounds=Bounds(x=778, y=1547, width=250, height=53))
09:00:44.233 [ INFO] maestro.Maestro.tap-HgV9Ck0: Tap aimed via settled hierarchy
09:00:44.234 [ INFO] maestro.Maestro.hierarchyBasedTap-ogj28Uc: Tapping at (903, 1573) using hierarchy based logic for wait
09:00:45.854 [ INFO] maestro.Maestro.hierarchyBasedTap-ogj28Uc: Something has changed in the UI judging by view hierarchy. Proceed.
09:00:45.855 [ INFO] maestro.cli.runner.CliConsoleListener.onCommandFinished: Tap on "後手・3手詰め ›" COMPLETED
09:00:45.855 [ INFO] maestro.cli.runner.CliConsoleListener.onCommandStart: Assert that "0 / 3手" is visible RUNNING
09:00:46.016 [ INFO] maestro.cli.runner.CliConsoleListener.onCommandFinished: Assert that "0 / 3手" is visible COMPLETED
09:00:46.017 [ INFO] maestro.cli.runner.CliConsoleListener.onCommandStart: Take screenshot 71-mate-sakura-light RUNNING
09:00:46.017 [ INFO] maestro.Maestro.takeScreenshot: Taking screenshot
09:00:46.017 [TRACE] maestro.utils.ScreenshotUtils.takeScreenshot: Taking screenshot to output sink
09:00:46.356 [ INFO] maestro.cli.runner.CliConsoleListener.onCommandFinished: Take screenshot 71-mate-sakura-light COMPLETED
09:00:46.356 [ INFO] maestro.cli.runner.CliConsoleListener.onCommandStart: Tap on "詰め手順を閉じる" RUNNING
09:00:46.541 [ INFO] maestro.Maestro.tap-HgV9Ck0: Tapping on element:  UiElement(treeNode=TreeNode(attributes={text=, accessibilityText=詰め手順を閉じる, hintText=, ignoreBoundsFiltering=false, resource-id=, clickable=true, bounds=[42,146][168,272], enabled=true, focused=false, checked=false, scrollable=false, selected=false, class=android.widget.Button, important-for-accessibility=true, error=}, children=[TreeNode(attributes={text=, accessibilityText=, hintText=, ignoreBoundsFiltering=false, resource-id=, clickable=false, bounds=[75,179][137,241], enabled=true, focused=false, checked=false, scrollable=false, selected=false, class=android.widget.TextView, important-for-accessibility=true, error=}, children=[], clickable=false, enabled=true, focused=false, checked=false, selected=false)], clickable=true, enabled=true, focused=false, checked=false, selected=false), bounds=Bounds(x=42, y=146, width=126, height=126))
09:00:47.803 [ INFO] maestro.Maestro.tap-HgV9Ck0: Tap aimed via settled hierarchy
09:00:47.804 [ INFO] maestro.Maestro.hierarchyBasedTap-ogj28Uc: Tapping at (105, 209) using hierarchy based logic for wait
09:00:49.424 [ INFO] maestro.Maestro.hierarchyBasedTap-ogj28Uc: Something has changed in the UI judging by view hierarchy. Proceed.
09:00:49.424 [ INFO] maestro.cli.runner.CliConsoleListener.onCommandFinished: Tap on "詰め手順を閉じる" COMPLETED
09:00:49.424 [ INFO] maestro.cli.runner.CliConsoleListener.onCommandStart: Assert that "67 / 80手" is visible RUNNING
09:00:49.631 [ INFO] maestro.cli.runner.CliConsoleListener.onCommandFinished: Assert that "67 / 80手" is visible COMPLETED
09:00:49.631 [ INFO] maestro.cli.runner.CliConsoleListener.onCommandStart: Press Back key RUNNING
09:00:49.631 [ INFO] maestro.Maestro.pressKey: Pressing key BACK
09:00:50.579 [ INFO] maestro.cli.runner.CliConsoleListener.onCommandFinished: Press Back key COMPLETED
09:00:50.580 [ INFO] maestro.cli.runner.CliConsoleListener.onCommandStart: Run subflows/select-set.yaml RUNNING
09:00:50.580 [ INFO] maestro.cli.runner.CliConsoleListener.onCommandStart: Define variables RUNNING
09:00:50.580 [ INFO] maestro.cli.runner.CliConsoleListener.onCommandFinished: Define variables COMPLETED
09:00:50.581 [ INFO] maestro.cli.runner.CliConsoleListener.onCommandStart: Apply configuration RUNNING
09:00:50.581 [ INFO] maestro.cli.runner.CliConsoleListener.onCommandFinished: Apply configuration COMPLETED
09:00:50.581 [ INFO] maestro.cli.runner.CliConsoleListener.onCommandStart: Tap on "設定.*" RUNNING
09:00:50.663 [ INFO] maestro.Maestro.tap-HgV9Ck0: Tapping on element:  UiElement(treeNode=TreeNode(attributes={text=設定, accessibilityText=, hintText=, ignoreBoundsFiltering=false, resource-id=, clickable=false, bounds=[871,2293][929,2336], enabled=true, focused=false, checked=false, scrollable=false, selected=false, class=android.widget.TextView, important-for-accessibility=true, error=}, children=[], clickable=false, enabled=true, focused=false, checked=false, selected=false), bounds=Bounds(x=871, y=2293, width=58, height=43))
09:00:51.888 [ INFO] maestro.Maestro.tap-HgV9Ck0: Tap aimed via settled hierarchy
09:00:51.889 [ INFO] maestro.Maestro.hierarchyBasedTap-ogj28Uc: Tapping at (900, 2314) using hierarchy based logic for wait
09:00:52.982 [ INFO] maestro.Maestro.hierarchyBasedTap-ogj28Uc: Something has changed in the UI judging by view hierarchy. Proceed.
09:00:52.982 [ INFO] maestro.cli.runner.CliConsoleListener.onCommandFinished: Tap on "設定.*" COMPLETED
09:00:52.982 [ INFO] maestro.cli.runner.CliConsoleListener.onCommandStart: Assert that id: settings-screen is visible RUNNING
09:00:53.112 [ INFO] maestro.cli.runner.CliConsoleListener.onCommandFinished: Assert that id: settings-screen is visible COMPLETED
09:00:53.112 [ INFO] maestro.cli.runner.CliConsoleListener.onCommandStart: Scrolling DOWN until id: piece-sets-link is visible with speed 40, visibility percentage 100%, timeout 20000 ms, with centering disabled RUNNING
09:00:53.237 [ INFO] maestro.orchestra.Orchestra.scrollUntilVisible: Scrolling try count: 0, DeviceWidth: 1080, DeviceWidth: 2400
09:00:53.237 [ INFO] maestro.orchestra.Orchestra.scrollUntilVisible: Element bounds: Bounds(x=54, y=1655, width=973, height=142)
09:00:53.237 [ INFO] maestro.orchestra.Orchestra.scrollUntilVisible: Visibility Percent: 1.0
09:00:53.237 [ INFO] maestro.orchestra.Orchestra.scrollUntilVisible: Command centerElement: ScrollUntilVisibleCommand(selector=ElementSelector(textRegex=null, idRegex=piece-sets-link, size=null, below=null, above=null, leftOf=null, rightOf=null, containsChild=null, containsDescendants=null, traits=null, index=null, enabled=null, optional=false, selected=null, checked=null, focused=null, childOf=null, css=null), direction=DOWN, scrollDuration=601, visibilityPercentage=100, timeout=20000, waitToSettleTimeoutMs=null, centerElement=false, originalSpeedValue=40, label=null, optional=false).centerElement
09:00:53.237 [ INFO] maestro.orchestra.Orchestra.scrollUntilVisible: visibilityPercentageNormalized: 1.0
09:00:53.237 [ INFO] maestro.cli.runner.CliConsoleListener.onCommandFinished: Scrolling DOWN until id: piece-sets-link is visible with speed 40, visibility percentage 100%, timeout 20000 ms, with centering disabled COMPLETED
09:00:53.237 [ INFO] maestro.cli.runner.CliConsoleListener.onCommandStart: Tap on id: piece-sets-link RUNNING
09:00:53.358 [ INFO] maestro.Maestro.tap-HgV9Ck0: Tapping on element:  UiElement(treeNode=TreeNode(attributes={text=, accessibilityText=駒セット, 桜木, , hintText=, ignoreBoundsFiltering=false, resource-id=piece-sets-link, clickable=true, bounds=[54,1655][1027,1797], enabled=true, focused=false, checked=false, scrollable=false, selected=false, class=android.widget.Button, important-for-accessibility=true, error=}, children=[TreeNode(attributes={text=駒セット, accessibilityText=, hintText=, ignoreBoundsFiltering=false, resource-id=, clickable=false, bounds=[96,1692][786,1758], enabled=true, focused=false, checked=false, scrollable=false, selected=false, class=android.widget.TextView, important-for-accessibility=true, error=}, children=[], clickable=false, enabled=true, focused=false, checked=false, selected=false), TreeNode(attributes={text=桜木, accessibilityText=, hintText=, ignoreBoundsFiltering=false, resource-id=, clickable=false, bounds=[816,1692][906,1758], enabled=true, focused=false, checked=false, scrollable=false, selected=false, class=android.widget.TextView, important-for-accessibility=true, error=}, children=[], clickable=false, enabled=true, focused=false, checked=false, selected=false), TreeNode(attributes={text=, accessibilityText=, hintText=, ignoreBoundsFiltering=false, resource-id=, clickable=false, bounds=[938,1702][986,1751], enabled=true, focused=false, checked=false, scrollable=false, selected=false, class=android.widget.TextView, important-for-accessibility=true, error=}, children=[], clickable=false, enabled=true, focused=false, checked=false, selected=false)], clickable=true, enabled=true, focused=false, checked=false, selected=false), bounds=Bounds(x=54, y=1655, width=973, height=142))
09:00:54.624 [ INFO] maestro.Maestro.tap-HgV9Ck0: Tap aimed via settled hierarchy
09:00:54.625 [ INFO] maestro.Maestro.hierarchyBasedTap-ogj28Uc: Tapping at (540, 1726) using hierarchy based logic for wait
09:00:56.130 [ INFO] maestro.Maestro.hierarchyBasedTap-ogj28Uc: Something has changed in the UI judging by view hierarchy. Proceed.
09:00:56.130 [ INFO] maestro.cli.runner.CliConsoleListener.onCommandFinished: Tap on id: piece-sets-link COMPLETED
09:00:56.131 [ INFO] maestro.cli.runner.CliConsoleListener.onCommandStart: Assert that id: piece-sets-screen is visible RUNNING
09:00:56.207 [ INFO] maestro.cli.runner.CliConsoleListener.onCommandFinished: Assert that id: piece-sets-screen is visible COMPLETED
09:00:56.207 [ INFO] maestro.cli.runner.CliConsoleListener.onCommandStart: Tap on id: ${SET_ID} RUNNING
09:00:56.291 [ INFO] maestro.Maestro.tap-HgV9Ck0: Tapping on element:  UiElement(treeNode=TreeNode(attributes={text=, accessibilityText=青磁。落ち着いた青緑の磁器の風合い, hintText=, ignoreBoundsFiltering=false, resource-id=piece-set-seiji, clickable=true, bounds=[53,1824][1028,2266], enabled=true, focused=false, checked=false, scrollable=false, selected=false, class=android.widget.RadioButton, important-for-accessibility=true, error=}, children=[TreeNode(attributes={text=青磁, accessibilityText=, hintText=, ignoreBoundsFiltering=false, resource-id=, clickable=false, bounds=[92,1863][990,1929], enabled=true, focused=false, checked=false, scrollable=false, selected=false, class=android.widget.TextView, important-for-accessibility=true, error=}, children=[], clickable=false, enabled=true, focused=false, checked=false, selected=false), TreeNode(attributes={text=落ち着いた青緑の磁器の風合い, accessibilityText=, hintText=, ignoreBoundsFiltering=false, resource-id=, clickable=false, bounds=[92,1937][990,1990], enabled=true, focused=false, checked=false, scrollable=false, selected=false, class=android.widget.TextView, important-for-accessibility=true, error=}, children=[], clickable=false, enabled=true, focused=false, checked=false, selected=false), TreeNode(attributes={text=, accessibilityText=, hintText=, ignoreBoundsFiltering=false, resource-id=, clickable=false, bounds=[92,2022][988,2227], enabled=true, focused=false, checked=false, scrollable=false, selected=false, class=android.view.ViewGroup, important-for-accessibility=false, error=}, children=[], clickable=false, enabled=true, focused=false, checked=false, selected=false), TreeNode(attributes={text=▲ 先手, accessibilityText=, hintText=, ignoreBoundsFiltering=false, resource-id=, clickable=false, bounds=[108,2046][528,2088], enabled=true, focused=false, checked=false, scrollable=false, selected=false, class=android.widget.TextView, important-for-accessibility=true, error=}, children=[], clickable=false, enabled=true, focused=false, checked=false, selected=false), TreeNode(attributes={text=△ 後手, accessibilityText=, hintText=, ignoreBoundsFiltering=false, resource-id=, clickable=false, bounds=[553,2046][973,2088], enabled=true, focused=false, checked=false, scrollable=false, selected=false, class=android.widget.TextView, important-for-accessibility=true, error=}, children=[], clickable=false, enabled=true, focused=false, checked=false, selected=false), TreeNode(attributes={text=, accessibilityText=, hintText=, ignoreBoundsFiltering=false, resource-id=, clickable=false, bounds=[184,2101][268,2203], enabled=true, focused=false, checked=false, scrollable=false, selected=false, class=android.view.ViewGroup, important-for-accessibility=false, error=}, children=[TreeNode(attributes={text=, accessibilityText=, hintText=, ignoreBoundsFiltering=false, resource-id=, clickable=false, bounds=[184,2104][268,2200], enabled=true, focused=false, checked=false, scrollable=false, selected=false, class=android.widget.ImageView, important-for-accessibility=false, error=}, children=[], clickable=false, enabled=true, focused=false, checked=false, selected=false), TreeNode(attributes={text=, accessibilityText=, hintText=, ignoreBoundsFiltering=false, resource-id=, clickable=false, bounds=[195,2124][257,2192], enabled=true, focused=false, checked=false, scrollable=false, selected=false, class=android.widget.ImageView, important-for-accessibility=false, error=}, children=[], clickable=false, enabled=true, focused=false, checked=false, selected=false)], clickable=false, enabled=true, focused=false, checked=false, selected=false), TreeNode(attributes={text=, accessibilityText=, hintText=, ignoreBoundsFiltering=false, resource-id=, clickable=false, bounds=[276,2101][360,2203], enabled=true, focused=false, checked=false, scrollable=false, selected=false, class=android.view.ViewGroup, important-for-accessibility=false, error=}, children=[TreeNode(attributes={text=, accessibilityText=, hintText=, ignoreBoundsFiltering=false, resource-id=, clickable=false, bounds=[276,2104][360,2200], enabled=true, focused=false, checked=false, scrollable=false, selected=false, class=android.widget.ImageView, important-for-accessibility=false, error=}, children=[], clickable=false, enabled=true, focused=false, checked=false, selected=false), TreeNode(attributes={text=, accessibilityText=, hintText=, ignoreBoundsFiltering=false, resource-id=, clickable=false, bounds=[287,2124][349,2192], enabled=true, focused=false, checked=false, scrollable=false, selected=false, class=android.widget.ImageView, important-for-accessibility=false, error=}, children=[], clickable=false, enabled=true, focused=false, checked=false, selected=false)], clickable=false, enabled=true, focused=false, checked=false, selected=false), TreeNode(attributes={text=, accessibilityText=, hintText=, ignoreBoundsFiltering=false, resource-id=, clickable=false, bounds=[368,2101][452,2203], enabled=true, focused=false, checked=false, scrollable=false, selected=false, class=android.view.ViewGroup, important-for-accessibility=false, error=}, children=[TreeNode(attributes={text=, accessibilityText=, hintText=, ignoreBoundsFiltering=false, resource-id=, clickable=false, bounds=[368,2104][452,2200], enabled=true, focused=false, checked=false, scrollable=false, selected=false, class=android.widget.ImageView, important-for-accessibility=false, error=}, children=[], clickable=false, enabled=true, focused=false, checked=false, selected=false), TreeNode(attributes={text=, accessibilityText=, hintText=, ignoreBoundsFiltering=false, resource-id=, clickable=false, bounds=[379,2124][441,2192], enabled=true, focused=false, checked=false, scrollable=false, selected=false, class=android.widget.ImageView, important-for-accessibility=false, error=}, children=[], clickable=false, enabled=true, focused=false, checked=false, selected=false)], clickable=false, enabled=true, focused=false, checked=false, selected=false), TreeNode(attributes={text=, accessibilityText=, hintText=, ignoreBoundsFiltering=false, resource-id=, clickable=false, bounds=[629,2101][713,2203], enabled=true, focused=false, checked=false, scrollable=false, selected=false, class=android.view.ViewGroup, important-for-accessibility=false, error=}, children=[TreeNode(attributes={text=, accessibilityText=, hintText=, ignoreBoundsFiltering=false, resource-id=, clickable=false, bounds=[629,2104][713,2200], enabled=true, focused=false, checked=false, scrollable=false, selected=false, class=android.widget.ImageView, important-for-accessibility=false, error=}, children=[], clickable=false, enabled=true, focused=false, checked=false, selected=false), TreeNode(attributes={text=, accessibilityText=, hintText=, ignoreBoundsFiltering=false, resource-id=, clickable=false, bounds=[640,2124][702,2192], enabled=true, focused=false, checked=false, scrollable=false, selected=false, class=android.widget.ImageView, important-for-accessibility=false, error=}, children=[], clickable=false, enabled=true, focused=false, checked=false, selected=false)], clickable=false, enabled=true, focused=false, checked=false, selected=false), TreeNode(attributes={text=, accessibilityText=, hintText=, ignoreBoundsFiltering=false, resource-id=, clickable=false, bounds=[721,2101][805,2203], enabled=true, focused=false, checked=false, scrollable=false, selected=false, class=android.view.ViewGroup, important-for-accessibility=false, error=}, children=[TreeNode(attributes={text=, accessibilityText=, hintText=, ignoreBoundsFiltering=false, resource-id=, clickable=false, bounds=[721,2104][805,2200], enabled=true, focused=false, checked=false, scrollable=false, selected=false, class=android.widget.ImageView, important-for-accessibility=false, error=}, children=[], clickable=false, enabled=true, focused=false, checked=false, selected=false), TreeNode(attributes={text=, accessibilityText=, hintText=, ignoreBoundsFiltering=false, resource-id=, clickable=false, bounds=[732,2124][794,2192], enabled=true, focused=false, checked=false, scrollable=false, selected=false, class=android.widget.ImageView, important-for-accessibility=false, error=}, children=[], clickable=false, enabled=true, focused=false, checked=false, selected=false)], clickable=false, enabled=true, focused=false, checked=false, selected=false), TreeNode(attributes={text=, accessibilityText=, hintText=, ignoreBoundsFiltering=false, resource-id=, clickable=false, bounds=[813,2101][897,2203], enabled=true, focused=false, checked=false, scrollable=false, selected=false, class=android.view.ViewGroup, important-for-accessibility=false, error=}, children=[TreeNode(attributes={text=, accessibilityText=, hintText=, ignoreBoundsFiltering=false, resource-id=, clickable=false, bounds=[813,2104][897,2200], enabled=true, focused=false, checked=false, scrollable=false, selected=false, class=android.widget.ImageView, important-for-accessibility=false, error=}, children=[], clickable=false, enabled=true, focused=false, checked=false, selected=false), TreeNode(attributes={text=, accessibilityText=, hintText=, ignoreBoundsFiltering=false, resource-id=, clickable=false, bounds=[824,2124][886,2192], enabled=true, focused=false, checked=false, scrollable=false, selected=false, class=android.widget.ImageView, important-for-accessibility=false, error=}, children=[], clickable=false, enabled=true, focused=false, checked=false, selected=false)], clickable=false, enabled=true, focused=false, checked=false, selected=false)], clickable=true, enabled=true, focused=false, checked=false, selected=false), bounds=Bounds(x=53, y=1824, width=975, height=442))
09:00:57.478 [ INFO] maestro.Maestro.tap-HgV9Ck0: Tap aimed via settled hierarchy
09:00:57.479 [ INFO] maestro.Maestro.hierarchyBasedTap-ogj28Uc: Tapping at (540, 2045) using hierarchy based logic for wait
09:00:58.546 [ INFO] maestro.Maestro.hierarchyBasedTap-ogj28Uc: Something has changed in the UI judging by view hierarchy. Proceed.
09:00:58.546 [ INFO] maestro.cli.runner.CliConsoleListener.onCommandFinished: Tap on id: ${SET_ID} COMPLETED
09:00:58.546 [ INFO] maestro.cli.runner.CliConsoleListener.onCommandStart: Assert that id: ${SET_ID} is visible RUNNING
09:00:58.627 [ INFO] maestro.cli.runner.CliConsoleListener.onCommandFinished: Assert that id: ${SET_ID} is visible COMPLETED
09:00:58.627 [ INFO] maestro.cli.runner.CliConsoleListener.onCommandStart: Press Back key RUNNING
09:00:58.627 [ INFO] maestro.Maestro.pressKey: Pressing key BACK
09:00:59.443 [ INFO] maestro.cli.runner.CliConsoleListener.onCommandFinished: Press Back key COMPLETED
09:00:59.444 [ INFO] maestro.cli.runner.CliConsoleListener.onCommandStart: Assert that id: settings-screen is visible RUNNING
09:00:59.558 [ INFO] maestro.cli.runner.CliConsoleListener.onCommandFinished: Assert that id: settings-screen is visible COMPLETED
09:00:59.558 [ INFO] maestro.cli.runner.CliConsoleListener.onCommandStart: Tap on id: tab-games RUNNING
09:00:59.672 [ INFO] maestro.Maestro.tap-HgV9Ck0: Tapping on element:  UiElement(treeNode=TreeNode(attributes={text=, accessibilityText=, 棋譜, hintText=, ignoreBoundsFiltering=false, resource-id=tab-games, clickable=true, bounds=[0,2207][360,2337], enabled=true, focused=false, checked=false, scrollable=false, selected=false, class=android.view.View, important-for-accessibility=true, error=}, children=[TreeNode(attributes={text=, accessibilityText=, hintText=, ignoreBoundsFiltering=false, resource-id=, clickable=false, bounds=[150,2227][212,2288], enabled=true, focused=false, checked=false, scrollable=false, selected=false, class=android.widget.TextView, important-for-accessibility=true, error=}, children=[], clickable=false, enabled=true, focused=false, checked=false, selected=false), TreeNode(attributes={text=棋譜, accessibilityText=, hintText=, ignoreBoundsFiltering=false, resource-id=, clickable=false, bounds=[151,2293][209,2336], enabled=true, focused=false, checked=false, scrollable=false, selected=false, class=android.widget.TextView, important-for-accessibility=true, error=}, children=[], clickable=false, enabled=true, focused=false, checked=false, selected=false)], clickable=true, enabled=true, focused=false, checked=false, selected=false), bounds=Bounds(x=0, y=2207, width=360, height=130))
09:01:01.500 [ INFO] maestro.Maestro.tap-HgV9Ck0: Tap aimed via settled hierarchy
09:01:01.501 [ INFO] maestro.Maestro.hierarchyBasedTap-ogj28Uc: Tapping at (180, 2272) using hierarchy based logic for wait
09:01:02.571 [ INFO] maestro.Maestro.hierarchyBasedTap-ogj28Uc: Something has changed in the UI judging by view hierarchy. Proceed.
09:01:02.572 [ INFO] maestro.cli.runner.CliConsoleListener.onCommandFinished: Tap on id: tab-games COMPLETED
09:01:02.572 [ INFO] maestro.cli.runner.CliConsoleListener.onCommandStart: Assert that id: library-screen is visible RUNNING
09:01:02.645 [ INFO] maestro.cli.runner.CliConsoleListener.onCommandFinished: Assert that id: library-screen is visible COMPLETED
09:01:02.645 [ INFO] maestro.cli.runner.CliConsoleListener.onCommandFinished: Run subflows/select-set.yaml COMPLETED
09:01:02.645 [ INFO] maestro.cli.runner.CliConsoleListener.onCommandStart: Tap on ".*KeroPona.*" RUNNING
09:01:02.756 [ INFO] maestro.Maestro.tap-HgV9Ck0: Tapping on element:  UiElement(treeNode=TreeNode(attributes={text=KeroPona との対局, accessibilityText=, hintText=, ignoreBoundsFiltering=false, resource-id=, clickable=false, bounds=[96,712][708,778], enabled=true, focused=false, checked=false, scrollable=false, selected=false, class=android.widget.TextView, important-for-accessibility=true, error=}, children=[], clickable=false, enabled=true, focused=false, checked=false, selected=false), bounds=Bounds(x=96, y=712, width=612, height=66))
09:01:04.015 [ INFO] maestro.Maestro.tap-HgV9Ck0: Tap aimed via settled hierarchy
09:01:04.016 [ INFO] maestro.Maestro.hierarchyBasedTap-ogj28Uc: Tapping at (402, 745) using hierarchy based logic for wait
09:01:04.367 [ INFO] maestro.cli.runner.CliConsoleListener.onCommandFinished: Tap on ".*KeroPona.*" COMPLETED
09:01:04.368 [ INFO] maestro.cli.runner.CliConsoleListener.onCommandStart: Assert that id: game-screen is visible RUNNING
09:01:05.838 [ INFO] maestro.cli.runner.CliConsoleListener.onCommandFinished: Assert that id: game-screen is visible COMPLETED
09:01:05.838 [ INFO] maestro.cli.runner.CliConsoleListener.onCommandStart: Take screenshot 72-board-seiji-light RUNNING
09:01:05.839 [ INFO] maestro.Maestro.takeScreenshot: Taking screenshot
09:01:05.839 [TRACE] maestro.utils.ScreenshotUtils.takeScreenshot: Taking screenshot to output sink
09:01:06.056 [ INFO] maestro.cli.runner.CliConsoleListener.onCommandFinished: Take screenshot 72-board-seiji-light COMPLETED
09:01:06.056 [ INFO] maestro.cli.runner.CliConsoleListener.onCommandStart: Tap on id: move-last RUNNING
09:01:06.215 [ INFO] maestro.Maestro.tap-HgV9Ck0: Tapping on element:  UiElement(treeNode=TreeNode(attributes={text=, accessibilityText=最終局面へ, hintText=, ignoreBoundsFiltering=false, resource-id=move-last, clickable=true, bounds=[845,2214][960,2329], enabled=true, focused=false, checked=false, scrollable=false, selected=false, class=android.widget.Button, important-for-accessibility=true, error=}, children=[TreeNode(attributes={text=, accessibilityText=, hintText=, ignoreBoundsFiltering=false, resource-id=, clickable=false, bounds=[876,2246][929,2299], enabled=true, focused=false, checked=false, scrollable=false, selected=false, class=android.widget.TextView, important-for-accessibility=true, error=}, children=[], clickable=false, enabled=true, focused=false, checked=false, selected=false)], clickable=true, enabled=true, focused=false, checked=false, selected=false), bounds=Bounds(x=845, y=2214, width=115, height=115))
09:01:07.527 [ INFO] maestro.Maestro.tap-HgV9Ck0: Tap aimed via settled hierarchy
09:01:07.528 [ INFO] maestro.Maestro.hierarchyBasedTap-ogj28Uc: Tapping at (902, 2271) using hierarchy based logic for wait
09:01:07.924 [ INFO] maestro.cli.runner.CliConsoleListener.onCommandFinished: Tap on id: move-last COMPLETED
09:01:07.924 [ INFO] maestro.cli.runner.CliConsoleListener.onCommandStart: Take screenshot 73-endgame-seiji-light RUNNING
09:01:07.925 [ INFO] maestro.Maestro.takeScreenshot: Taking screenshot
09:01:07.925 [TRACE] maestro.utils.ScreenshotUtils.takeScreenshot: Taking screenshot to output sink
09:01:08.076 [ INFO] maestro.cli.runner.CliConsoleListener.onCommandFinished: Take screenshot 73-endgame-seiji-light COMPLETED
09:01:08.077 [ INFO] maestro.cli.runner.CliConsoleListener.onCommandStart: Press Back key RUNNING
09:01:08.077 [ INFO] maestro.Maestro.pressKey: Pressing key BACK
09:01:08.819 [ INFO] maestro.cli.runner.CliConsoleListener.onCommandFinished: Press Back key COMPLETED
09:01:08.819 [ INFO] maestro.cli.runner.CliConsoleListener.onCommandStart: Run subflows/select-set.yaml RUNNING
09:01:08.820 [ INFO] maestro.cli.runner.CliConsoleListener.onCommandStart: Define variables RUNNING
09:01:08.820 [ INFO] maestro.cli.runner.CliConsoleListener.onCommandFinished: Define variables COMPLETED
09:01:08.820 [ INFO] maestro.cli.runner.CliConsoleListener.onCommandStart: Apply configuration RUNNING
09:01:08.820 [ INFO] maestro.cli.runner.CliConsoleListener.onCommandFinished: Apply configuration COMPLETED
09:01:08.820 [ INFO] maestro.cli.runner.CliConsoleListener.onCommandStart: Tap on "設定.*" RUNNING
09:01:08.929 [ INFO] maestro.Maestro.tap-HgV9Ck0: Tapping on element:  UiElement(treeNode=TreeNode(attributes={text=設定, accessibilityText=, hintText=, ignoreBoundsFiltering=false, resource-id=, clickable=false, bounds=[871,2293][929,2336], enabled=true, focused=false, checked=false, scrollable=false, selected=false, class=android.widget.TextView, important-for-accessibility=true, error=}, children=[], clickable=false, enabled=true, focused=false, checked=false, selected=false), bounds=Bounds(x=871, y=2293, width=58, height=43))
09:01:10.163 [ INFO] maestro.Maestro.tap-HgV9Ck0: Tap aimed via settled hierarchy
09:01:10.164 [ INFO] maestro.Maestro.hierarchyBasedTap-ogj28Uc: Tapping at (900, 2314) using hierarchy based logic for wait
09:01:11.199 [ INFO] maestro.Maestro.hierarchyBasedTap-ogj28Uc: Something has changed in the UI judging by view hierarchy. Proceed.
09:01:11.200 [ INFO] maestro.cli.runner.CliConsoleListener.onCommandFinished: Tap on "設定.*" COMPLETED
09:01:11.200 [ INFO] maestro.cli.runner.CliConsoleListener.onCommandStart: Assert that id: settings-screen is visible RUNNING
09:01:11.285 [ INFO] maestro.cli.runner.CliConsoleListener.onCommandFinished: Assert that id: settings-screen is visible COMPLETED
09:01:11.285 [ INFO] maestro.cli.runner.CliConsoleListener.onCommandStart: Scrolling DOWN until id: piece-sets-link is visible with speed 40, visibility percentage 100%, timeout 20000 ms, with centering disabled RUNNING
09:01:11.400 [ INFO] maestro.orchestra.Orchestra.scrollUntilVisible: Scrolling try count: 0, DeviceWidth: 1080, DeviceWidth: 2400
09:01:11.400 [ INFO] maestro.orchestra.Orchestra.scrollUntilVisible: Element bounds: Bounds(x=54, y=1655, width=973, height=142)
09:01:11.400 [ INFO] maestro.orchestra.Orchestra.scrollUntilVisible: Visibility Percent: 1.0
09:01:11.400 [ INFO] maestro.orchestra.Orchestra.scrollUntilVisible: Command centerElement: ScrollUntilVisibleCommand(selector=ElementSelector(textRegex=null, idRegex=piece-sets-link, size=null, below=null, above=null, leftOf=null, rightOf=null, containsChild=null, containsDescendants=null, traits=null, index=null, enabled=null, optional=false, selected=null, checked=null, focused=null, childOf=null, css=null), direction=DOWN, scrollDuration=601, visibilityPercentage=100, timeout=20000, waitToSettleTimeoutMs=null, centerElement=false, originalSpeedValue=40, label=null, optional=false).centerElement
09:01:11.400 [ INFO] maestro.orchestra.Orchestra.scrollUntilVisible: visibilityPercentageNormalized: 1.0
09:01:11.400 [ INFO] maestro.cli.runner.CliConsoleListener.onCommandFinished: Scrolling DOWN until id: piece-sets-link is visible with speed 40, visibility percentage 100%, timeout 20000 ms, with centering disabled COMPLETED
09:01:11.400 [ INFO] maestro.cli.runner.CliConsoleListener.onCommandStart: Tap on id: piece-sets-link RUNNING
09:01:11.512 [ INFO] maestro.Maestro.tap-HgV9Ck0: Tapping on element:  UiElement(treeNode=TreeNode(attributes={text=, accessibilityText=駒セット, 青磁, , hintText=, ignoreBoundsFiltering=false, resource-id=piece-sets-link, clickable=true, bounds=[54,1655][1027,1797], enabled=true, focused=false, checked=false, scrollable=false, selected=false, class=android.widget.Button, important-for-accessibility=true, error=}, children=[TreeNode(attributes={text=駒セット, accessibilityText=, hintText=, ignoreBoundsFiltering=false, resource-id=, clickable=false, bounds=[96,1692][786,1758], enabled=true, focused=false, checked=false, scrollable=false, selected=false, class=android.widget.TextView, important-for-accessibility=true, error=}, children=[], clickable=false, enabled=true, focused=false, checked=false, selected=false), TreeNode(attributes={text=青磁, accessibilityText=, hintText=, ignoreBoundsFiltering=false, resource-id=, clickable=false, bounds=[816,1692][906,1758], enabled=true, focused=false, checked=false, scrollable=false, selected=false, class=android.widget.TextView, important-for-accessibility=true, error=}, children=[], clickable=false, enabled=true, focused=false, checked=false, selected=false), TreeNode(attributes={text=, accessibilityText=, hintText=, ignoreBoundsFiltering=false, resource-id=, clickable=false, bounds=[938,1702][986,1751], enabled=true, focused=false, checked=false, scrollable=false, selected=false, class=android.widget.TextView, important-for-accessibility=true, error=}, children=[], clickable=false, enabled=true, focused=false, checked=false, selected=false)], clickable=true, enabled=true, focused=false, checked=false, selected=false), bounds=Bounds(x=54, y=1655, width=973, height=142))
09:01:13.133 [ INFO] maestro.Maestro.tap-HgV9Ck0: Tap aimed via settled hierarchy
09:01:13.134 [ INFO] maestro.Maestro.hierarchyBasedTap-ogj28Uc: Tapping at (540, 1726) using hierarchy based logic for wait
09:01:14.558 [ INFO] maestro.Maestro.hierarchyBasedTap-ogj28Uc: Something has changed in the UI judging by view hierarchy. Proceed.
09:01:14.559 [ INFO] maestro.cli.runner.CliConsoleListener.onCommandFinished: Tap on id: piece-sets-link COMPLETED
09:01:14.559 [ INFO] maestro.cli.runner.CliConsoleListener.onCommandStart: Assert that id: piece-sets-screen is visible RUNNING
09:01:14.640 [ INFO] maestro.cli.runner.CliConsoleListener.onCommandFinished: Assert that id: piece-sets-screen is visible COMPLETED
09:01:14.640 [ INFO] maestro.cli.runner.CliConsoleListener.onCommandStart: Tap on id: ${SET_ID} RUNNING
09:01:14.712 [ INFO] maestro.Maestro.tap-HgV9Ck0: Tapping on element:  UiElement(treeNode=TreeNode(attributes={text=, accessibilityText=黄楊。暖かい蜂蜜色と、艶のある飴色, hintText=, ignoreBoundsFiltering=false, resource-id=piece-set-tsuge, clickable=true, bounds=[53,404][1028,846], enabled=true, focused=false, checked=false, scrollable=false, selected=false, class=android.widget.RadioButton, important-for-accessibility=true, error=}, children=[TreeNode(attributes={text=黄楊, accessibilityText=, hintText=, ignoreBoundsFiltering=false, resource-id=, clickable=false, bounds=[92,443][990,509], enabled=true, focused=false, checked=false, scrollable=false, selected=false, class=android.widget.TextView, important-for-accessibility=true, error=}, children=[], clickable=false, enabled=true, focused=false, checked=false, selected=false), TreeNode(attributes={text=暖かい蜂蜜色と、艶のある飴色, accessibilityText=, hintText=, ignoreBoundsFiltering=false, resource-id=, clickable=false, bounds=[92,517][990,570], enabled=true, focused=false, checked=false, scrollable=false, selected=false, class=android.widget.TextView, important-for-accessibility=true, error=}, children=[], clickable=false, enabled=true, focused=false, checked=false, selected=false), TreeNode(attributes={text=, accessibilityText=, hintText=, ignoreBoundsFiltering=false, resource-id=, clickable=false, bounds=[92,602][988,807], enabled=true, focused=false, checked=false, scrollable=false, selected=false, class=android.view.ViewGroup, important-for-accessibility=false, error=}, children=[], clickable=false, enabled=true, focused=false, checked=false, selected=false), TreeNode(attributes={text=▲ 先手, accessibilityText=, hintText=, ignoreBoundsFiltering=false, resource-id=, clickable=false, bounds=[108,626][528,668], enabled=true, focused=false, checked=false, scrollable=false, selected=false, class=android.widget.TextView, important-for-accessibility=true, error=}, children=[], clickable=false, enabled=true, focused=false, checked=false, selected=false), TreeNode(attributes={text=△ 後手, accessibilityText=, hintText=, ignoreBoundsFiltering=false, resource-id=, clickable=false, bounds=[553,626][973,668], enabled=true, focused=false, checked=false, scrollable=false, selected=false, class=android.widget.TextView, important-for-accessibility=true, error=}, children=[], clickable=false, enabled=true, focused=false, checked=false, selected=false), TreeNode(attributes={text=, accessibilityText=, hintText=, ignoreBoundsFiltering=false, resource-id=, clickable=false, bounds=[184,681][268,783], enabled=true, focused=false, checked=false, scrollable=false, selected=false, class=android.view.ViewGroup, important-for-accessibility=false, error=}, children=[TreeNode(attributes={text=, accessibilityText=, hintText=, ignoreBoundsFiltering=false, resource-id=, clickable=false, bounds=[184,684][268,780], enabled=true, focused=false, checked=false, scrollable=false, selected=false, class=android.widget.ImageView, important-for-accessibility=false, error=}, children=[], clickable=false, enabled=true, focused=false, checked=false, selected=false), TreeNode(attributes={text=, accessibilityText=, hintText=, ignoreBoundsFiltering=false, resource-id=, clickable=false, bounds=[195,704][257,772], enabled=true, focused=false, checked=false, scrollable=false, selected=false, class=android.widget.ImageView, important-for-accessibility=false, error=}, children=[], clickable=false, enabled=true, focused=false, checked=false, selected=false)], clickable=false, enabled=true, focused=false, checked=false, selected=false), TreeNode(attributes={text=, accessibilityText=, hintText=, ignoreBoundsFiltering=false, resource-id=, clickable=false, bounds=[276,681][360,783], enabled=true, focused=false, checked=false, scrollable=false, selected=false, class=android.view.ViewGroup, important-for-accessibility=false, error=}, children=[TreeNode(attributes={text=, accessibilityText=, hintText=, ignoreBoundsFiltering=false, resource-id=, clickable=false, bounds=[276,684][360,780], enabled=true, focused=false, checked=false, scrollable=false, selected=false, class=android.widget.ImageView, important-for-accessibility=false, error=}, children=[], clickable=false, enabled=true, focused=false, checked=false, selected=false), TreeNode(attributes={text=, accessibilityText=, hintText=, ignoreBoundsFiltering=false, resource-id=, clickable=false, bounds=[287,704][349,772], enabled=true, focused=false, checked=false, scrollable=false, selected=false, class=android.widget.ImageView, important-for-accessibility=false, error=}, children=[], clickable=false, enabled=true, focused=false, checked=false, selected=false)], clickable=false, enabled=true, focused=false, checked=false, selected=false), TreeNode(attributes={text=, accessibilityText=, hintText=, ignoreBoundsFiltering=false, resource-id=, clickable=false, bounds=[368,681][452,783], enabled=true, focused=false, checked=false, scrollable=false, selected=false, class=android.view.ViewGroup, important-for-accessibility=false, error=}, children=[TreeNode(attributes={text=, accessibilityText=, hintText=, ignoreBoundsFiltering=false, resource-id=, clickable=false, bounds=[368,684][452,780], enabled=true, focused=false, checked=false, scrollable=false, selected=false, class=android.widget.ImageView, important-for-accessibility=false, error=}, children=[], clickable=false, enabled=true, focused=false, checked=false, selected=false), TreeNode(attributes={text=, accessibilityText=, hintText=, ignoreBoundsFiltering=false, resource-id=, clickable=false, bounds=[379,704][441,772], enabled=true, focused=false, checked=false, scrollable=false, selected=false, class=android.widget.ImageView, important-for-accessibility=false, error=}, children=[], clickable=false, enabled=true, focused=false, checked=false, selected=false)], clickable=false, enabled=true, focused=false, checked=false, selected=false), TreeNode(attributes={text=, accessibilityText=, hintText=, ignoreBoundsFiltering=false, resource-id=, clickable=false, bounds=[629,681][713,783], enabled=true, focused=false, checked=false, scrollable=false, selected=false, class=android.view.ViewGroup, important-for-accessibility=false, error=}, children=[TreeNode(attributes={text=, accessibilityText=, hintText=, ignoreBoundsFiltering=false, resource-id=, clickable=false, bounds=[629,684][713,780], enabled=true, focused=false, checked=false, scrollable=false, selected=false, class=android.widget.ImageView, important-for-accessibility=false, error=}, children=[], clickable=false, enabled=true, focused=false, checked=false, selected=false), TreeNode(attributes={text=, accessibilityText=, hintText=, ignoreBoundsFiltering=false, resource-id=, clickable=false, bounds=[640,704][702,772], enabled=true, focused=false, checked=false, scrollable=false, selected=false, class=android.widget.ImageView, important-for-accessibility=false, error=}, children=[], clickable=false, enabled=true, focused=false, checked=false, selected=false)], clickable=false, enabled=true, focused=false, checked=false, selected=false), TreeNode(attributes={text=, accessibilityText=, hintText=, ignoreBoundsFiltering=false, resource-id=, clickable=false, bounds=[721,681][805,783], enabled=true, focused=false, checked=false, scrollable=false, selected=false, class=android.view.ViewGroup, important-for-accessibility=false, error=}, children=[TreeNode(attributes={text=, accessibilityText=, hintText=, ignoreBoundsFiltering=false, resource-id=, clickable=false, bounds=[721,684][805,780], enabled=true, focused=false, checked=false, scrollable=false, selected=false, class=android.widget.ImageView, important-for-accessibility=false, error=}, children=[], clickable=false, enabled=true, focused=false, checked=false, selected=false), TreeNode(attributes={text=, accessibilityText=, hintText=, ignoreBoundsFiltering=false, resource-id=, clickable=false, bounds=[732,704][794,772], enabled=true, focused=false, checked=false, scrollable=false, selected=false, class=android.widget.ImageView, important-for-accessibility=false, error=}, children=[], clickable=false, enabled=true, focused=false, checked=false, selected=false)], clickable=false, enabled=true, focused=false, checked=false, selected=false), TreeNode(attributes={text=, accessibilityText=, hintText=, ignoreBoundsFiltering=false, resource-id=, clickable=false, bounds=[813,681][897,783], enabled=true, focused=false, checked=false, scrollable=false, selected=false, class=android.view.ViewGroup, important-for-accessibility=false, error=}, children=[TreeNode(attributes={text=, accessibilityText=, hintText=, ignoreBoundsFiltering=false, resource-id=, clickable=false, bounds=[813,684][897,780], enabled=true, focused=false, checked=false, scrollable=false, selected=false, class=android.widget.ImageView, important-for-accessibility=false, error=}, children=[], clickable=false, enabled=true, focused=false, checked=false, selected=false), TreeNode(attributes={text=, accessibilityText=, hintText=, ignoreBoundsFiltering=false, resource-id=, clickable=false, bounds=[824,704][886,772], enabled=true, focused=false, checked=false, scrollable=false, selected=false, class=android.widget.ImageView, important-for-accessibility=false, error=}, children=[], clickable=false, enabled=true, focused=false, checked=false, selected=false)], clickable=false, enabled=true, focused=false, checked=false, selected=false)], clickable=true, enabled=true, focused=false, checked=false, selected=false), bounds=Bounds(x=53, y=404, width=975, height=442))
09:01:15.905 [ INFO] maestro.Maestro.tap-HgV9Ck0: Tap aimed via settled hierarchy
09:01:15.906 [ INFO] maestro.Maestro.hierarchyBasedTap-ogj28Uc: Tapping at (540, 625) using hierarchy based logic for wait
09:01:16.712 [ INFO] maestro.Maestro.hierarchyBasedTap-ogj28Uc: Something has changed in the UI judging by view hierarchy. Proceed.
09:01:16.712 [ INFO] maestro.cli.runner.CliConsoleListener.onCommandFinished: Tap on id: ${SET_ID} COMPLETED
09:01:16.712 [ INFO] maestro.cli.runner.CliConsoleListener.onCommandStart: Assert that id: ${SET_ID} is visible RUNNING
09:01:16.788 [ INFO] maestro.cli.runner.CliConsoleListener.onCommandFinished: Assert that id: ${SET_ID} is visible COMPLETED
09:01:16.788 [ INFO] maestro.cli.runner.CliConsoleListener.onCommandStart: Press Back key RUNNING
09:01:16.788 [ INFO] maestro.Maestro.pressKey: Pressing key BACK
09:01:17.647 [ INFO] maestro.cli.runner.CliConsoleListener.onCommandFinished: Press Back key COMPLETED
09:01:17.647 [ INFO] maestro.cli.runner.CliConsoleListener.onCommandStart: Assert that id: settings-screen is visible RUNNING
09:01:17.762 [ INFO] maestro.cli.runner.CliConsoleListener.onCommandFinished: Assert that id: settings-screen is visible COMPLETED
09:01:17.762 [ INFO] maestro.cli.runner.CliConsoleListener.onCommandStart: Tap on id: tab-games RUNNING
09:01:17.868 [ INFO] maestro.Maestro.tap-HgV9Ck0: Tapping on element:  UiElement(treeNode=TreeNode(attributes={text=, accessibilityText=, 棋譜, hintText=, ignoreBoundsFiltering=false, resource-id=tab-games, clickable=true, bounds=[0,2207][360,2337], enabled=true, focused=false, checked=false, scrollable=false, selected=false, class=android.view.View, important-for-accessibility=true, error=}, children=[TreeNode(attributes={text=, accessibilityText=, hintText=, ignoreBoundsFiltering=false, resource-id=, clickable=false, bounds=[150,2227][212,2288], enabled=true, focused=false, checked=false, scrollable=false, selected=false, class=android.widget.TextView, important-for-accessibility=true, error=}, children=[], clickable=false, enabled=true, focused=false, checked=false, selected=false), TreeNode(attributes={text=棋譜, accessibilityText=, hintText=, ignoreBoundsFiltering=false, resource-id=, clickable=false, bounds=[151,2293][209,2336], enabled=true, focused=false, checked=false, scrollable=false, selected=false, class=android.widget.TextView, important-for-accessibility=true, error=}, children=[], clickable=false, enabled=true, focused=false, checked=false, selected=false)], clickable=true, enabled=true, focused=false, checked=false, selected=false), bounds=Bounds(x=0, y=2207, width=360, height=130))
09:01:19.103 [ INFO] maestro.Maestro.tap-HgV9Ck0: Tap aimed via settled hierarchy
09:01:19.104 [ INFO] maestro.Maestro.hierarchyBasedTap-ogj28Uc: Tapping at (180, 2272) using hierarchy based logic for wait
09:01:20.191 [ INFO] maestro.Maestro.hierarchyBasedTap-ogj28Uc: Something has changed in the UI judging by view hierarchy. Proceed.
09:01:20.191 [ INFO] maestro.cli.runner.CliConsoleListener.onCommandFinished: Tap on id: tab-games COMPLETED
09:01:20.191 [ INFO] maestro.cli.runner.CliConsoleListener.onCommandStart: Assert that id: library-screen is visible RUNNING
09:01:20.265 [ INFO] maestro.cli.runner.CliConsoleListener.onCommandFinished: Assert that id: library-screen is visible COMPLETED
09:01:20.265 [ INFO] maestro.cli.runner.CliConsoleListener.onCommandFinished: Run subflows/select-set.yaml COMPLETED
09:01:20.265 [ INFO] maestro.cli.runner.CliConsoleListener.onCommandStart: Tap on ".*KeroPona.*" RUNNING
09:01:20.372 [ INFO] maestro.Maestro.tap-HgV9Ck0: Tapping on element:  UiElement(treeNode=TreeNode(attributes={text=KeroPona との対局, accessibilityText=, hintText=, ignoreBoundsFiltering=false, resource-id=, clickable=false, bounds=[96,712][708,778], enabled=true, focused=false, checked=false, scrollable=false, selected=false, class=android.widget.TextView, important-for-accessibility=true, error=}, children=[], clickable=false, enabled=true, focused=false, checked=false, selected=false), bounds=Bounds(x=96, y=712, width=612, height=66))
09:01:21.619 [ INFO] maestro.Maestro.tap-HgV9Ck0: Tap aimed via settled hierarchy
09:01:21.620 [ INFO] maestro.Maestro.hierarchyBasedTap-ogj28Uc: Tapping at (402, 745) using hierarchy based logic for wait
09:01:21.979 [ INFO] maestro.cli.runner.CliConsoleListener.onCommandFinished: Tap on ".*KeroPona.*" COMPLETED
09:01:21.979 [ INFO] maestro.cli.runner.CliConsoleListener.onCommandStart: Assert that id: game-screen is visible RUNNING
09:01:23.411 [ INFO] maestro.cli.runner.CliConsoleListener.onCommandFinished: Assert that id: game-screen is visible COMPLETED
09:01:23.411 [ INFO] maestro.cli.runner.CliConsoleListener.onCommandStart: Take screenshot 74-board-tsuge-light RUNNING
09:01:23.412 [ INFO] maestro.Maestro.takeScreenshot: Taking screenshot
09:01:23.412 [TRACE] maestro.utils.ScreenshotUtils.takeScreenshot: Taking screenshot to output sink
09:01:23.560 [ INFO] maestro.cli.runner.CliConsoleListener.onCommandFinished: Take screenshot 74-board-tsuge-light COMPLETED
09:01:23.560 [ INFO] maestro.cli.runner.CliConsoleListener.onCommandStart: Tap on id: move-last RUNNING
09:01:23.779 [ INFO] maestro.Maestro.tap-HgV9Ck0: Tapping on element:  UiElement(treeNode=TreeNode(attributes={text=, accessibilityText=最終局面へ, hintText=, ignoreBoundsFiltering=false, resource-id=move-last, clickable=true, bounds=[845,2214][960,2329], enabled=false, focused=false, checked=false, scrollable=false, selected=false, class=android.widget.Button, important-for-accessibility=true, error=}, children=[TreeNode(attributes={text=, accessibilityText=, hintText=, ignoreBoundsFiltering=false, resource-id=, clickable=false, bounds=[876,2246][929,2299], enabled=true, focused=false, checked=false, scrollable=false, selected=false, class=android.widget.TextView, important-for-accessibility=true, error=}, children=[], clickable=false, enabled=true, focused=false, checked=false, selected=false)], clickable=true, enabled=false, focused=false, checked=false, selected=false), bounds=Bounds(x=845, y=2214, width=115, height=115))
09:01:25.082 [ INFO] maestro.Maestro.tap-HgV9Ck0: Tap aimed via settled hierarchy
09:01:25.083 [ INFO] maestro.Maestro.hierarchyBasedTap-ogj28Uc: Tapping at (902, 2271) using hierarchy based logic for wait
09:01:25.556 [ INFO] maestro.cli.runner.CliConsoleListener.onCommandFinished: Tap on id: move-last COMPLETED
09:01:25.556 [ INFO] maestro.cli.runner.CliConsoleListener.onCommandStart: Take screenshot 75-endgame-tsuge-light RUNNING
09:01:25.557 [ INFO] maestro.Maestro.takeScreenshot: Taking screenshot
09:01:25.557 [TRACE] maestro.utils.ScreenshotUtils.takeScreenshot: Taking screenshot to output sink
09:01:25.700 [ INFO] maestro.cli.runner.CliConsoleListener.onCommandFinished: Take screenshot 75-endgame-tsuge-light COMPLETED
09:01:25.700 [ INFO] maestro.cli.runner.CliConsoleListener.onCommandStart: Press Back key RUNNING
09:01:25.700 [ INFO] maestro.Maestro.pressKey: Pressing key BACK
09:01:26.507 [ INFO] maestro.cli.runner.CliConsoleListener.onCommandFinished: Press Back key COMPLETED
09:01:26.507 [ INFO] maestro.cli.runner.CliConsoleListener.onCommandStart: Tap on "設定.*" RUNNING
09:01:26.612 [ INFO] maestro.Maestro.tap-HgV9Ck0: Tapping on element:  UiElement(treeNode=TreeNode(attributes={text=設定, accessibilityText=, hintText=, ignoreBoundsFiltering=false, resource-id=, clickable=false, bounds=[871,2293][929,2336], enabled=true, focused=false, checked=false, scrollable=false, selected=false, class=android.widget.TextView, important-for-accessibility=true, error=}, children=[], clickable=false, enabled=true, focused=false, checked=false, selected=false), bounds=Bounds(x=871, y=2293, width=58, height=43))
09:01:27.840 [ INFO] maestro.Maestro.tap-HgV9Ck0: Tap aimed via settled hierarchy
09:01:27.840 [ INFO] maestro.Maestro.hierarchyBasedTap-ogj28Uc: Tapping at (900, 2314) using hierarchy based logic for wait
09:01:28.899 [ INFO] maestro.Maestro.hierarchyBasedTap-ogj28Uc: Something has changed in the UI judging by view hierarchy. Proceed.
09:01:28.900 [ INFO] maestro.cli.runner.CliConsoleListener.onCommandFinished: Tap on "設定.*" COMPLETED
09:01:28.900 [ INFO] maestro.cli.runner.CliConsoleListener.onCommandStart: Assert that id: settings-screen is visible RUNNING
09:01:28.986 [ INFO] maestro.cli.runner.CliConsoleListener.onCommandFinished: Assert that id: settings-screen is visible COMPLETED
09:01:28.986 [ INFO] maestro.cli.runner.CliConsoleListener.onCommandStart: Scrolling DOWN until "表示テーマ" is visible with speed 40, visibility percentage 100%, timeout 20000 ms, with centering disabled RUNNING
09:01:29.651 [ WARN] maestro.orchestra.Orchestra.scrollUntilVisible: Error: maestro.MaestroException$ElementNotFound: Element not found: Text matching regex: 表示テーマ
09:01:29.708 [ INFO] maestro.Maestro.swipeFromCenter: Swiping UP from center
09:01:31.389 [ INFO] maestro.orchestra.Orchestra.scrollUntilVisible: Scrolling try count: 0, DeviceWidth: 1080, DeviceWidth: 2400
09:01:31.389 [ INFO] maestro.orchestra.Orchestra.scrollUntilVisible: Element bounds: Bounds(x=96, y=1733, width=645, height=66)
09:01:31.389 [ INFO] maestro.orchestra.Orchestra.scrollUntilVisible: Visibility Percent: 1.0
09:01:31.389 [ INFO] maestro.orchestra.Orchestra.scrollUntilVisible: Command centerElement: ScrollUntilVisibleCommand(selector=ElementSelector(textRegex=表示テーマ, idRegex=null, size=null, below=null, above=null, leftOf=null, rightOf=null, containsChild=null, containsDescendants=null, traits=null, index=null, enabled=null, optional=false, selected=null, checked=null, focused=null, childOf=null, css=null), direction=DOWN, scrollDuration=601, visibilityPercentage=100, timeout=20000, waitToSettleTimeoutMs=null, centerElement=false, originalSpeedValue=40, label=null, optional=false).centerElement
09:01:31.389 [ INFO] maestro.orchestra.Orchestra.scrollUntilVisible: visibilityPercentageNormalized: 1.0
09:01:31.389 [ INFO] maestro.cli.runner.CliConsoleListener.onCommandFinished: Scrolling DOWN until "表示テーマ" is visible with speed 40, visibility percentage 100%, timeout 20000 ms, with centering disabled COMPLETED
09:01:31.389 [ INFO] maestro.cli.runner.CliConsoleListener.onCommandStart: Tap on "表示テーマ" RUNNING
09:01:31.496 [ INFO] maestro.Maestro.tap-HgV9Ck0: Tapping on element:  UiElement(treeNode=TreeNode(attributes={text=表示テーマ, accessibilityText=, hintText=, ignoreBoundsFiltering=false, resource-id=, clickable=false, bounds=[96,1733][741,1799], enabled=true, focused=false, checked=false, scrollable=false, selected=false, class=android.widget.TextView, important-for-accessibility=true, error=}, children=[], clickable=false, enabled=true, focused=false, checked=false, selected=false), bounds=Bounds(x=96, y=1733, width=645, height=66))
09:01:33.121 [ INFO] maestro.Maestro.tap-HgV9Ck0: Tap aimed via settled hierarchy
09:01:33.122 [ INFO] maestro.Maestro.hierarchyBasedTap-ogj28Uc: Tapping at (418, 1766) using hierarchy based logic for wait
09:01:34.299 [ INFO] maestro.Maestro.hierarchyBasedTap-ogj28Uc: Something has changed in the UI judging by view hierarchy. Proceed.
09:01:34.299 [ INFO] maestro.cli.runner.CliConsoleListener.onCommandFinished: Tap on "表示テーマ" COMPLETED
09:01:34.299 [ INFO] maestro.cli.runner.CliConsoleListener.onCommandStart: Tap on "ダーク" RUNNING
09:01:34.355 [ INFO] maestro.Maestro.tap-HgV9Ck0: Tapping on element:  UiElement(treeNode=TreeNode(attributes={text=ダーク, accessibilityText=, hintText=, ignoreBoundsFiltering=false, resource-id=, clickable=false, bounds=[42,2148][168,2210], enabled=true, focused=false, checked=false, scrollable=false, selected=false, class=android.widget.TextView, important-for-accessibility=true, error=}, children=[], clickable=false, enabled=true, focused=false, checked=false, selected=false), bounds=Bounds(x=42, y=2148, width=126, height=62))
09:01:35.631 [ INFO] maestro.Maestro.tap-HgV9Ck0: Tap aimed via settled hierarchy
09:01:35.632 [ INFO] maestro.Maestro.hierarchyBasedTap-ogj28Uc: Tapping at (105, 2179) using hierarchy based logic for wait
09:01:36.856 [ INFO] maestro.Maestro.hierarchyBasedTap-ogj28Uc: Something has changed in the UI judging by view hierarchy. Proceed.
09:01:36.856 [ INFO] maestro.cli.runner.CliConsoleListener.onCommandFinished: Tap on "ダーク" COMPLETED
09:01:36.857 [ INFO] maestro.cli.runner.CliConsoleListener.onCommandStart: Tap on id: tab-games RUNNING
09:01:36.931 [ INFO] maestro.Maestro.tap-HgV9Ck0: Tapping on element:  UiElement(treeNode=TreeNode(attributes={text=, accessibilityText=, 棋譜, hintText=, ignoreBoundsFiltering=false, resource-id=tab-games, clickable=true, bounds=[0,2207][360,2337], enabled=true, focused=false, checked=false, scrollable=false, selected=false, class=android.view.View, important-for-accessibility=true, error=}, children=[TreeNode(attributes={text=, accessibilityText=, hintText=, ignoreBoundsFiltering=false, resource-id=, clickable=false, bounds=[150,2227][212,2288], enabled=true, focused=false, checked=false, scrollable=false, selected=false, class=android.widget.TextView, important-for-accessibility=true, error=}, children=[], clickable=false, enabled=true, focused=false, checked=false, selected=false), TreeNode(attributes={text=棋譜, accessibilityText=, hintText=, ignoreBoundsFiltering=false, resource-id=, clickable=false, bounds=[151,2293][209,2336], enabled=true, focused=false, checked=false, scrollable=false, selected=false, class=android.widget.TextView, important-for-accessibility=true, error=}, children=[], clickable=false, enabled=true, focused=false, checked=false, selected=false)], clickable=true, enabled=true, focused=false, checked=false, selected=false), bounds=Bounds(x=0, y=2207, width=360, height=130))
09:01:38.122 [ INFO] maestro.Maestro.tap-HgV9Ck0: Tap aimed via settled hierarchy
09:01:38.123 [ INFO] maestro.Maestro.hierarchyBasedTap-ogj28Uc: Tapping at (180, 2272) using hierarchy based logic for wait
09:01:39.189 [ INFO] maestro.Maestro.hierarchyBasedTap-ogj28Uc: Something has changed in the UI judging by view hierarchy. Proceed.
09:01:39.189 [ INFO] maestro.cli.runner.CliConsoleListener.onCommandFinished: Tap on id: tab-games COMPLETED
09:01:39.189 [ INFO] maestro.cli.runner.CliConsoleListener.onCommandStart: Assert that id: library-screen is visible RUNNING
09:01:39.270 [ INFO] maestro.cli.runner.CliConsoleListener.onCommandFinished: Assert that id: library-screen is visible COMPLETED
09:01:39.271 [ INFO] maestro.cli.runner.CliConsoleListener.onCommandStart: Run subflows/select-set.yaml RUNNING
09:01:39.271 [ INFO] maestro.cli.runner.CliConsoleListener.onCommandStart: Define variables RUNNING
09:01:39.271 [ INFO] maestro.cli.runner.CliConsoleListener.onCommandFinished: Define variables COMPLETED
09:01:39.271 [ INFO] maestro.cli.runner.CliConsoleListener.onCommandStart: Apply configuration RUNNING
09:01:39.271 [ INFO] maestro.cli.runner.CliConsoleListener.onCommandFinished: Apply configuration COMPLETED
09:01:39.271 [ INFO] maestro.cli.runner.CliConsoleListener.onCommandStart: Tap on "設定.*" RUNNING
09:01:39.347 [ INFO] maestro.Maestro.tap-HgV9Ck0: Tapping on element:  UiElement(treeNode=TreeNode(attributes={text=設定, accessibilityText=, hintText=, ignoreBoundsFiltering=false, resource-id=, clickable=false, bounds=[871,2293][929,2336], enabled=true, focused=false, checked=false, scrollable=false, selected=false, class=android.widget.TextView, important-for-accessibility=true, error=}, children=[], clickable=false, enabled=true, focused=false, checked=false, selected=false), bounds=Bounds(x=871, y=2293, width=58, height=43))
09:01:40.549 [ INFO] maestro.Maestro.tap-HgV9Ck0: Tap aimed via settled hierarchy
09:01:40.550 [ INFO] maestro.Maestro.hierarchyBasedTap-ogj28Uc: Tapping at (900, 2314) using hierarchy based logic for wait
09:01:41.560 [ INFO] maestro.Maestro.hierarchyBasedTap-ogj28Uc: Something has changed in the UI judging by view hierarchy. Proceed.
09:01:41.560 [ INFO] maestro.cli.runner.CliConsoleListener.onCommandFinished: Tap on "設定.*" COMPLETED
09:01:41.560 [ INFO] maestro.cli.runner.CliConsoleListener.onCommandStart: Assert that id: settings-screen is visible RUNNING
09:01:41.645 [ INFO] maestro.cli.runner.CliConsoleListener.onCommandFinished: Assert that id: settings-screen is visible COMPLETED
09:01:41.645 [ INFO] maestro.cli.runner.CliConsoleListener.onCommandStart: Scrolling DOWN until id: piece-sets-link is visible with speed 40, visibility percentage 100%, timeout 20000 ms, with centering disabled RUNNING
09:01:41.698 [ INFO] maestro.orchestra.Orchestra.scrollUntilVisible: Scrolling try count: 0, DeviceWidth: 1080, DeviceWidth: 2400
09:01:41.698 [ INFO] maestro.orchestra.Orchestra.scrollUntilVisible: Element bounds: Bounds(x=54, y=922, width=973, height=142)
09:01:41.698 [ INFO] maestro.orchestra.Orchestra.scrollUntilVisible: Visibility Percent: 1.0
09:01:41.698 [ INFO] maestro.orchestra.Orchestra.scrollUntilVisible: Command centerElement: ScrollUntilVisibleCommand(selector=ElementSelector(textRegex=null, idRegex=piece-sets-link, size=null, below=null, above=null, leftOf=null, rightOf=null, containsChild=null, containsDescendants=null, traits=null, index=null, enabled=null, optional=false, selected=null, checked=null, focused=null, childOf=null, css=null), direction=DOWN, scrollDuration=601, visibilityPercentage=100, timeout=20000, waitToSettleTimeoutMs=null, centerElement=false, originalSpeedValue=40, label=null, optional=false).centerElement
09:01:41.698 [ INFO] maestro.orchestra.Orchestra.scrollUntilVisible: visibilityPercentageNormalized: 1.0
09:01:41.698 [ INFO] maestro.cli.runner.CliConsoleListener.onCommandFinished: Scrolling DOWN until id: piece-sets-link is visible with speed 40, visibility percentage 100%, timeout 20000 ms, with centering disabled COMPLETED
09:01:41.698 [ INFO] maestro.cli.runner.CliConsoleListener.onCommandStart: Tap on id: piece-sets-link RUNNING
09:01:41.776 [ INFO] maestro.Maestro.tap-HgV9Ck0: Tapping on element:  UiElement(treeNode=TreeNode(attributes={text=, accessibilityText=駒セット, 黄楊, , hintText=, ignoreBoundsFiltering=false, resource-id=piece-sets-link, clickable=true, bounds=[54,922][1027,1064], enabled=true, focused=false, checked=false, scrollable=false, selected=false, class=android.widget.Button, important-for-accessibility=true, error=}, children=[TreeNode(attributes={text=駒セット, accessibilityText=, hintText=, ignoreBoundsFiltering=false, resource-id=, clickable=false, bounds=[96,959][786,1025], enabled=true, focused=false, checked=false, scrollable=false, selected=false, class=android.widget.TextView, important-for-accessibility=true, error=}, children=[], clickable=false, enabled=true, focused=false, checked=false, selected=false), TreeNode(attributes={text=黄楊, accessibilityText=, hintText=, ignoreBoundsFiltering=false, resource-id=, clickable=false, bounds=[816,959][906,1025], enabled=true, focused=false, checked=false, scrollable=false, selected=false, class=android.widget.TextView, important-for-accessibility=true, error=}, children=[], clickable=false, enabled=true, focused=false, checked=false, selected=false), TreeNode(attributes={text=, accessibilityText=, hintText=, ignoreBoundsFiltering=false, resource-id=, clickable=false, bounds=[938,969][986,1018], enabled=true, focused=false, checked=false, scrollable=false, selected=false, class=android.widget.TextView, important-for-accessibility=true, error=}, children=[], clickable=false, enabled=true, focused=false, checked=false, selected=false)], clickable=true, enabled=true, focused=false, checked=false, selected=false), bounds=Bounds(x=54, y=922, width=973, height=142))
09:01:42.984 [ INFO] maestro.Maestro.tap-HgV9Ck0: Tap aimed via settled hierarchy
09:01:42.985 [ INFO] maestro.Maestro.hierarchyBasedTap-ogj28Uc: Tapping at (540, 993) using hierarchy based logic for wait
09:01:44.453 [ INFO] maestro.Maestro.hierarchyBasedTap-ogj28Uc: Something has changed in the UI judging by view hierarchy. Proceed.
09:01:44.453 [ INFO] maestro.cli.runner.CliConsoleListener.onCommandFinished: Tap on id: piece-sets-link COMPLETED
09:01:44.453 [ INFO] maestro.cli.runner.CliConsoleListener.onCommandStart: Assert that id: piece-sets-screen is visible RUNNING
09:01:44.523 [ INFO] maestro.cli.runner.CliConsoleListener.onCommandFinished: Assert that id: piece-sets-screen is visible COMPLETED
09:01:44.523 [ INFO] maestro.cli.runner.CliConsoleListener.onCommandStart: Tap on id: ${SET_ID} RUNNING
09:01:44.593 [ INFO] maestro.Maestro.tap-HgV9Ck0: Tapping on element:  UiElement(treeNode=TreeNode(attributes={text=, accessibilityText=白木。明るくやわらかな白木の風合い, hintText=, ignoreBoundsFiltering=false, resource-id=piece-set-shiraki, clickable=true, bounds=[53,877][1028,1319], enabled=true, focused=false, checked=false, scrollable=false, selected=false, class=android.widget.RadioButton, important-for-accessibility=true, error=}, children=[TreeNode(attributes={text=白木, accessibilityText=, hintText=, ignoreBoundsFiltering=false, resource-id=, clickable=false, bounds=[92,916][990,982], enabled=true, focused=false, checked=false, scrollable=false, selected=false, class=android.widget.TextView, important-for-accessibility=true, error=}, children=[], clickable=false, enabled=true, focused=false, checked=false, selected=false), TreeNode(attributes={text=明るくやわらかな白木の風合い, accessibilityText=, hintText=, ignoreBoundsFiltering=false, resource-id=, clickable=false, bounds=[92,990][990,1043], enabled=true, focused=false, checked=false, scrollable=false, selected=false, class=android.widget.TextView, important-for-accessibility=true, error=}, children=[], clickable=false, enabled=true, focused=false, checked=false, selected=false), TreeNode(attributes={text=, accessibilityText=, hintText=, ignoreBoundsFiltering=false, resource-id=, clickable=false, bounds=[92,1075][988,1280], enabled=true, focused=false, checked=false, scrollable=false, selected=false, class=android.view.ViewGroup, important-for-accessibility=false, error=}, children=[], clickable=false, enabled=true, focused=false, checked=false, selected=false), TreeNode(attributes={text=▲ 先手, accessibilityText=, hintText=, ignoreBoundsFiltering=false, resource-id=, clickable=false, bounds=[108,1099][528,1141], enabled=true, focused=false, checked=false, scrollable=false, selected=false, class=android.widget.TextView, important-for-accessibility=true, error=}, children=[], clickable=false, enabled=true, focused=false, checked=false, selected=false), TreeNode(attributes={text=△ 後手, accessibilityText=, hintText=, ignoreBoundsFiltering=false, resource-id=, clickable=false, bounds=[553,1099][973,1141], enabled=true, focused=false, checked=false, scrollable=false, selected=false, class=android.widget.TextView, important-for-accessibility=true, error=}, children=[], clickable=false, enabled=true, focused=false, checked=false, selected=false), TreeNode(attributes={text=, accessibilityText=, hintText=, ignoreBoundsFiltering=false, resource-id=, clickable=false, bounds=[184,1154][268,1257], enabled=true, focused=false, checked=false, scrollable=false, selected=false, class=android.view.ViewGroup, important-for-accessibility=false, error=}, children=[TreeNode(attributes={text=, accessibilityText=, hintText=, ignoreBoundsFiltering=false, resource-id=, clickable=false, bounds=[184,1157][268,1254], enabled=true, focused=false, checked=false, scrollable=false, selected=false, class=android.widget.ImageView, important-for-accessibility=false, error=}, children=[], clickable=false, enabled=true, focused=false, checked=false, selected=false), TreeNode(attributes={text=, accessibilityText=, hintText=, ignoreBoundsFiltering=false, resource-id=, clickable=false, bounds=[195,1177][257,1245], enabled=true, focused=false, checked=false, scrollable=false, selected=false, class=android.widget.ImageView, important-for-accessibility=false, error=}, children=[], clickable=false, enabled=true, focused=false, checked=false, selected=false)], clickable=false, enabled=true, focused=false, checked=false, selected=false), TreeNode(attributes={text=, accessibilityText=, hintText=, ignoreBoundsFiltering=false, resource-id=, clickable=false, bounds=[276,1154][360,1257], enabled=true, focused=false, checked=false, scrollable=false, selected=false, class=android.view.ViewGroup, important-for-accessibility=false, error=}, children=[TreeNode(attributes={text=, accessibilityText=, hintText=, ignoreBoundsFiltering=false, resource-id=, clickable=false, bounds=[276,1157][360,1254], enabled=true, focused=false, checked=false, scrollable=false, selected=false, class=android.widget.ImageView, important-for-accessibility=false, error=}, children=[], clickable=false, enabled=true, focused=false, checked=false, selected=false), TreeNode(attributes={text=, accessibilityText=, hintText=, ignoreBoundsFiltering=false, resource-id=, clickable=false, bounds=[287,1177][349,1245], enabled=true, focused=false, checked=false, scrollable=false, selected=false, class=android.widget.ImageView, important-for-accessibility=false, error=}, children=[], clickable=false, enabled=true, focused=false, checked=false, selected=false)], clickable=false, enabled=true, focused=false, checked=false, selected=false), TreeNode(attributes={text=, accessibilityText=, hintText=, ignoreBoundsFiltering=false, resource-id=, clickable=false, bounds=[368,1154][452,1257], enabled=true, focused=false, checked=false, scrollable=false, selected=false, class=android.view.ViewGroup, important-for-accessibility=false, error=}, children=[TreeNode(attributes={text=, accessibilityText=, hintText=, ignoreBoundsFiltering=false, resource-id=, clickable=false, bounds=[368,1157][452,1254], enabled=true, focused=false, checked=false, scrollable=false, selected=false, class=android.widget.ImageView, important-for-accessibility=false, error=}, children=[], clickable=false, enabled=true, focused=false, checked=false, selected=false), TreeNode(attributes={text=, accessibilityText=, hintText=, ignoreBoundsFiltering=false, resource-id=, clickable=false, bounds=[379,1177][441,1245], enabled=true, focused=false, checked=false, scrollable=false, selected=false, class=android.widget.ImageView, important-for-accessibility=false, error=}, children=[], clickable=false, enabled=true, focused=false, checked=false, selected=false)], clickable=false, enabled=true, focused=false, checked=false, selected=false), TreeNode(attributes={text=, accessibilityText=, hintText=, ignoreBoundsFiltering=false, resource-id=, clickable=false, bounds=[629,1154][713,1257], enabled=true, focused=false, checked=false, scrollable=false, selected=false, class=android.view.ViewGroup, important-for-accessibility=false, error=}, children=[TreeNode(attributes={text=, accessibilityText=, hintText=, ignoreBoundsFiltering=false, resource-id=, clickable=false, bounds=[629,1157][713,1254], enabled=true, focused=false, checked=false, scrollable=false, selected=false, class=android.widget.ImageView, important-for-accessibility=false, error=}, children=[], clickable=false, enabled=true, focused=false, checked=false, selected=false), TreeNode(attributes={text=, accessibilityText=, hintText=, ignoreBoundsFiltering=false, resource-id=, clickable=false, bounds=[640,1177][702,1245], enabled=true, focused=false, checked=false, scrollable=false, selected=false, class=android.widget.ImageView, important-for-accessibility=false, error=}, children=[], clickable=false, enabled=true, focused=false, checked=false, selected=false)], clickable=false, enabled=true, focused=false, checked=false, selected=false), TreeNode(attributes={text=, accessibilityText=, hintText=, ignoreBoundsFiltering=false, resource-id=, clickable=false, bounds=[721,1154][805,1257], enabled=true, focused=false, checked=false, scrollable=false, selected=false, class=android.view.ViewGroup, important-for-accessibility=false, error=}, children=[TreeNode(attributes={text=, accessibilityText=, hintText=, ignoreBoundsFiltering=false, resource-id=, clickable=false, bounds=[721,1157][805,1254], enabled=true, focused=false, checked=false, scrollable=false, selected=false, class=android.widget.ImageView, important-for-accessibility=false, error=}, children=[], clickable=false, enabled=true, focused=false, checked=false, selected=false), TreeNode(attributes={text=, accessibilityText=, hintText=, ignoreBoundsFiltering=false, resource-id=, clickable=false, bounds=[732,1177][794,1245], enabled=true, focused=false, checked=false, scrollable=false, selected=false, class=android.widget.ImageView, important-for-accessibility=false, error=}, children=[], clickable=false, enabled=true, focused=false, checked=false, selected=false)], clickable=false, enabled=true, focused=false, checked=false, selected=false), TreeNode(attributes={text=, accessibilityText=, hintText=, ignoreBoundsFiltering=false, resource-id=, clickable=false, bounds=[813,1154][897,1257], enabled=true, focused=false, checked=false, scrollable=false, selected=false, class=android.view.ViewGroup, important-for-accessibility=false, error=}, children=[TreeNode(attributes={text=, accessibilityText=, hintText=, ignoreBoundsFiltering=false, resource-id=, clickable=false, bounds=[813,1157][897,1254], enabled=true, focused=false, checked=false, scrollable=false, selected=false, class=android.widget.ImageView, important-for-accessibility=false, error=}, children=[], clickable=false, enabled=true, focused=false, checked=false, selected=false), TreeNode(attributes={text=, accessibilityText=, hintText=, ignoreBoundsFiltering=false, resource-id=, clickable=false, bounds=[824,1177][886,1245], enabled=true, focused=false, checked=false, scrollable=false, selected=false, class=android.widget.ImageView, important-for-accessibility=false, error=}, children=[], clickable=false, enabled=true, focused=false, checked=false, selected=false)], clickable=false, enabled=true, focused=false, checked=false, selected=false)], clickable=true, enabled=true, focused=false, checked=false, selected=false), bounds=Bounds(x=53, y=877, width=975, height=442))
09:01:45.774 [ INFO] maestro.Maestro.tap-HgV9Ck0: Tap aimed via settled hierarchy
09:01:45.775 [ INFO] maestro.Maestro.hierarchyBasedTap-ogj28Uc: Tapping at (540, 1098) using hierarchy based logic for wait
09:01:46.582 [ INFO] maestro.Maestro.hierarchyBasedTap-ogj28Uc: Something has changed in the UI judging by view hierarchy. Proceed.
09:01:46.582 [ INFO] maestro.cli.runner.CliConsoleListener.onCommandFinished: Tap on id: ${SET_ID} COMPLETED
09:01:46.582 [ INFO] maestro.cli.runner.CliConsoleListener.onCommandStart: Assert that id: ${SET_ID} is visible RUNNING
09:01:46.655 [ INFO] maestro.cli.runner.CliConsoleListener.onCommandFinished: Assert that id: ${SET_ID} is visible COMPLETED
09:01:46.655 [ INFO] maestro.cli.runner.CliConsoleListener.onCommandStart: Press Back key RUNNING
09:01:46.655 [ INFO] maestro.Maestro.pressKey: Pressing key BACK
09:01:47.464 [ INFO] maestro.cli.runner.CliConsoleListener.onCommandFinished: Press Back key COMPLETED
09:01:47.464 [ INFO] maestro.cli.runner.CliConsoleListener.onCommandStart: Assert that id: settings-screen is visible RUNNING
09:01:47.573 [ INFO] maestro.cli.runner.CliConsoleListener.onCommandFinished: Assert that id: settings-screen is visible COMPLETED
09:01:47.573 [ INFO] maestro.cli.runner.CliConsoleListener.onCommandStart: Tap on id: tab-games RUNNING
09:01:47.680 [ INFO] maestro.Maestro.tap-HgV9Ck0: Tapping on element:  UiElement(treeNode=TreeNode(attributes={text=, accessibilityText=, 棋譜, hintText=, ignoreBoundsFiltering=false, resource-id=tab-games, clickable=true, bounds=[0,2207][360,2337], enabled=true, focused=false, checked=false, scrollable=false, selected=false, class=android.view.View, important-for-accessibility=true, error=}, children=[TreeNode(attributes={text=, accessibilityText=, hintText=, ignoreBoundsFiltering=false, resource-id=, clickable=false, bounds=[150,2227][212,2288], enabled=true, focused=false, checked=false, scrollable=false, selected=false, class=android.widget.TextView, important-for-accessibility=true, error=}, children=[], clickable=false, enabled=true, focused=false, checked=false, selected=false), TreeNode(attributes={text=棋譜, accessibilityText=, hintText=, ignoreBoundsFiltering=false, resource-id=, clickable=false, bounds=[151,2293][209,2336], enabled=true, focused=false, checked=false, scrollable=false, selected=false, class=android.widget.TextView, important-for-accessibility=true, error=}, children=[], clickable=false, enabled=true, focused=false, checked=false, selected=false)], clickable=true, enabled=true, focused=false, checked=false, selected=false), bounds=Bounds(x=0, y=2207, width=360, height=130))
09:01:48.862 [ INFO] maestro.Maestro.tap-HgV9Ck0: Tap aimed via settled hierarchy
09:01:48.863 [ INFO] maestro.Maestro.hierarchyBasedTap-ogj28Uc: Tapping at (180, 2272) using hierarchy based logic for wait
09:01:49.955 [ INFO] maestro.Maestro.hierarchyBasedTap-ogj28Uc: Something has changed in the UI judging by view hierarchy. Proceed.
09:01:49.955 [ INFO] maestro.cli.runner.CliConsoleListener.onCommandFinished: Tap on id: tab-games COMPLETED
09:01:49.955 [ INFO] maestro.cli.runner.CliConsoleListener.onCommandStart: Assert that id: library-screen is visible RUNNING
09:01:50.021 [ INFO] maestro.cli.runner.CliConsoleListener.onCommandFinished: Assert that id: library-screen is visible COMPLETED
09:01:50.021 [ INFO] maestro.cli.runner.CliConsoleListener.onCommandFinished: Run subflows/select-set.yaml COMPLETED
09:01:50.021 [ INFO] maestro.cli.runner.CliConsoleListener.onCommandStart: Tap on ".*KeroPona.*" RUNNING
09:01:50.120 [ INFO] maestro.Maestro.tap-HgV9Ck0: Tapping on element:  UiElement(treeNode=TreeNode(attributes={text=KeroPona との対局, accessibilityText=, hintText=, ignoreBoundsFiltering=false, resource-id=, clickable=false, bounds=[96,712][708,778], enabled=true, focused=false, checked=false, scrollable=false, selected=false, class=android.widget.TextView, important-for-accessibility=true, error=}, children=[], clickable=false, enabled=true, focused=false, checked=false, selected=false), bounds=Bounds(x=96, y=712, width=612, height=66))
09:01:51.448 [ INFO] maestro.Maestro.tap-HgV9Ck0: Tap aimed via settled hierarchy
09:01:51.448 [ INFO] maestro.Maestro.hierarchyBasedTap-ogj28Uc: Tapping at (402, 745) using hierarchy based logic for wait
09:01:51.799 [ INFO] maestro.cli.runner.CliConsoleListener.onCommandFinished: Tap on ".*KeroPona.*" COMPLETED
09:01:51.799 [ INFO] maestro.cli.runner.CliConsoleListener.onCommandStart: Assert that id: game-screen is visible RUNNING
09:01:53.281 [ INFO] maestro.cli.runner.CliConsoleListener.onCommandFinished: Assert that id: game-screen is visible COMPLETED
09:01:53.281 [ INFO] maestro.cli.runner.CliConsoleListener.onCommandStart: Take screenshot 76-board-shiraki-dark RUNNING
09:01:53.282 [ INFO] maestro.Maestro.takeScreenshot: Taking screenshot
09:01:53.282 [TRACE] maestro.utils.ScreenshotUtils.takeScreenshot: Taking screenshot to output sink
09:01:53.446 [ INFO] maestro.cli.runner.CliConsoleListener.onCommandFinished: Take screenshot 76-board-shiraki-dark COMPLETED
09:01:53.446 [ INFO] maestro.cli.runner.CliConsoleListener.onCommandStart: Press Back key RUNNING
09:01:53.446 [ INFO] maestro.Maestro.pressKey: Pressing key BACK
09:01:54.290 [ INFO] maestro.cli.runner.CliConsoleListener.onCommandFinished: Press Back key COMPLETED
09:01:54.290 [ INFO] maestro.cli.runner.CliConsoleListener.onCommandStart: Run subflows/select-set.yaml RUNNING
09:01:54.290 [ INFO] maestro.cli.runner.CliConsoleListener.onCommandStart: Define variables RUNNING
09:01:54.291 [ INFO] maestro.cli.runner.CliConsoleListener.onCommandFinished: Define variables COMPLETED
09:01:54.291 [ INFO] maestro.cli.runner.CliConsoleListener.onCommandStart: Apply configuration RUNNING
09:01:54.291 [ INFO] maestro.cli.runner.CliConsoleListener.onCommandFinished: Apply configuration COMPLETED
09:01:54.291 [ INFO] maestro.cli.runner.CliConsoleListener.onCommandStart: Tap on "設定.*" RUNNING
09:01:54.366 [ INFO] maestro.Maestro.tap-HgV9Ck0: Tapping on element:  UiElement(treeNode=TreeNode(attributes={text=設定, accessibilityText=, hintText=, ignoreBoundsFiltering=false, resource-id=, clickable=false, bounds=[871,2293][929,2336], enabled=true, focused=false, checked=false, scrollable=false, selected=false, class=android.widget.TextView, important-for-accessibility=true, error=}, children=[], clickable=false, enabled=true, focused=false, checked=false, selected=false), bounds=Bounds(x=871, y=2293, width=58, height=43))
09:01:55.568 [ INFO] maestro.Maestro.tap-HgV9Ck0: Tap aimed via settled hierarchy
09:01:55.569 [ INFO] maestro.Maestro.hierarchyBasedTap-ogj28Uc: Tapping at (900, 2314) using hierarchy based logic for wait
09:01:56.708 [ INFO] maestro.Maestro.hierarchyBasedTap-ogj28Uc: Something has changed in the UI judging by view hierarchy. Proceed.
09:01:56.708 [ INFO] maestro.cli.runner.CliConsoleListener.onCommandFinished: Tap on "設定.*" COMPLETED
09:01:56.708 [ INFO] maestro.cli.runner.CliConsoleListener.onCommandStart: Assert that id: settings-screen is visible RUNNING
09:01:56.806 [ INFO] maestro.cli.runner.CliConsoleListener.onCommandFinished: Assert that id: settings-screen is visible COMPLETED
09:01:56.806 [ INFO] maestro.cli.runner.CliConsoleListener.onCommandStart: Scrolling DOWN until id: piece-sets-link is visible with speed 40, visibility percentage 100%, timeout 20000 ms, with centering disabled RUNNING
09:01:56.890 [ INFO] maestro.orchestra.Orchestra.scrollUntilVisible: Scrolling try count: 0, DeviceWidth: 1080, DeviceWidth: 2400
09:01:56.890 [ INFO] maestro.orchestra.Orchestra.scrollUntilVisible: Element bounds: Bounds(x=54, y=922, width=973, height=142)
09:01:56.890 [ INFO] maestro.orchestra.Orchestra.scrollUntilVisible: Visibility Percent: 1.0
09:01:56.890 [ INFO] maestro.orchestra.Orchestra.scrollUntilVisible: Command centerElement: ScrollUntilVisibleCommand(selector=ElementSelector(textRegex=null, idRegex=piece-sets-link, size=null, below=null, above=null, leftOf=null, rightOf=null, containsChild=null, containsDescendants=null, traits=null, index=null, enabled=null, optional=false, selected=null, checked=null, focused=null, childOf=null, css=null), direction=DOWN, scrollDuration=601, visibilityPercentage=100, timeout=20000, waitToSettleTimeoutMs=null, centerElement=false, originalSpeedValue=40, label=null, optional=false).centerElement
09:01:56.890 [ INFO] maestro.orchestra.Orchestra.scrollUntilVisible: visibilityPercentageNormalized: 1.0
09:01:56.890 [ INFO] maestro.cli.runner.CliConsoleListener.onCommandFinished: Scrolling DOWN until id: piece-sets-link is visible with speed 40, visibility percentage 100%, timeout 20000 ms, with centering disabled COMPLETED
09:01:56.890 [ INFO] maestro.cli.runner.CliConsoleListener.onCommandStart: Tap on id: piece-sets-link RUNNING
09:01:57.010 [ INFO] maestro.Maestro.tap-HgV9Ck0: Tapping on element:  UiElement(treeNode=TreeNode(attributes={text=, accessibilityText=駒セット, 白木, , hintText=, ignoreBoundsFiltering=false, resource-id=piece-sets-link, clickable=true, bounds=[54,922][1027,1064], enabled=true, focused=false, checked=false, scrollable=false, selected=false, class=android.widget.Button, important-for-accessibility=true, error=}, children=[TreeNode(attributes={text=駒セット, accessibilityText=, hintText=, ignoreBoundsFiltering=false, resource-id=, clickable=false, bounds=[96,959][786,1025], enabled=true, focused=false, checked=false, scrollable=false, selected=false, class=android.widget.TextView, important-for-accessibility=true, error=}, children=[], clickable=false, enabled=true, focused=false, checked=false, selected=false), TreeNode(attributes={text=白木, accessibilityText=, hintText=, ignoreBoundsFiltering=false, resource-id=, clickable=false, bounds=[816,959][906,1025], enabled=true, focused=false, checked=false, scrollable=false, selected=false, class=android.widget.TextView, important-for-accessibility=true, error=}, children=[], clickable=false, enabled=true, focused=false, checked=false, selected=false), TreeNode(attributes={text=, accessibilityText=, hintText=, ignoreBoundsFiltering=false, resource-id=, clickable=false, bounds=[938,969][986,1018], enabled=true, focused=false, checked=false, scrollable=false, selected=false, class=android.widget.TextView, important-for-accessibility=true, error=}, children=[], clickable=false, enabled=true, focused=false, checked=false, selected=false)], clickable=true, enabled=true, focused=false, checked=false, selected=false), bounds=Bounds(x=54, y=922, width=973, height=142))
09:01:58.312 [ INFO] maestro.Maestro.tap-HgV9Ck0: Tap aimed via settled hierarchy
09:01:58.313 [ INFO] maestro.Maestro.hierarchyBasedTap-ogj28Uc: Tapping at (540, 993) using hierarchy based logic for wait
09:01:59.893 [ INFO] maestro.Maestro.hierarchyBasedTap-ogj28Uc: Something has changed in the UI judging by view hierarchy. Proceed.
09:01:59.893 [ INFO] maestro.cli.runner.CliConsoleListener.onCommandFinished: Tap on id: piece-sets-link COMPLETED
09:01:59.893 [ INFO] maestro.cli.runner.CliConsoleListener.onCommandStart: Assert that id: piece-sets-screen is visible RUNNING
09:01:59.994 [ INFO] maestro.cli.runner.CliConsoleListener.onCommandFinished: Assert that id: piece-sets-screen is visible COMPLETED
09:01:59.994 [ INFO] maestro.cli.runner.CliConsoleListener.onCommandStart: Tap on id: ${SET_ID} RUNNING
09:02:00.073 [ INFO] maestro.Maestro.tap-HgV9Ck0: Tapping on element:  UiElement(treeNode=TreeNode(attributes={text=, accessibilityText=桜木。ほのかな赤みのある桜木の色合い, hintText=, ignoreBoundsFiltering=false, resource-id=piece-set-sakura, clickable=true, bounds=[53,1351][1028,1793], enabled=true, focused=false, checked=false, scrollable=false, selected=false, class=android.widget.RadioButton, important-for-accessibility=true, error=}, children=[TreeNode(attributes={text=桜木, accessibilityText=, hintText=, ignoreBoundsFiltering=false, resource-id=, clickable=false, bounds=[92,1390][990,1456], enabled=true, focused=false, checked=false, scrollable=false, selected=false, class=android.widget.TextView, important-for-accessibility=true, error=}, children=[], clickable=false, enabled=true, focused=false, checked=false, selected=false), TreeNode(attributes={text=ほのかな赤みのある桜木の色合い, accessibilityText=, hintText=, ignoreBoundsFiltering=false, resource-id=, clickable=false, bounds=[92,1464][990,1517], enabled=true, focused=false, checked=false, scrollable=false, selected=false, class=android.widget.TextView, important-for-accessibility=true, error=}, children=[], clickable=false, enabled=true, focused=false, checked=false, selected=false), TreeNode(attributes={text=, accessibilityText=, hintText=, ignoreBoundsFiltering=false, resource-id=, clickable=false, bounds=[92,1549][988,1754], enabled=true, focused=false, checked=false, scrollable=false, selected=false, class=android.view.ViewGroup, important-for-accessibility=false, error=}, children=[], clickable=false, enabled=true, focused=false, checked=false, selected=false), TreeNode(attributes={text=▲ 先手, accessibilityText=, hintText=, ignoreBoundsFiltering=false, resource-id=, clickable=false, bounds=[108,1573][528,1615], enabled=true, focused=false, checked=false, scrollable=false, selected=false, class=android.widget.TextView, important-for-accessibility=true, error=}, children=[], clickable=false, enabled=true, focused=false, checked=false, selected=false), TreeNode(attributes={text=△ 後手, accessibilityText=, hintText=, ignoreBoundsFiltering=false, resource-id=, clickable=false, bounds=[553,1573][973,1615], enabled=true, focused=false, checked=false, scrollable=false, selected=false, class=android.widget.TextView, important-for-accessibility=true, error=}, children=[], clickable=false, enabled=true, focused=false, checked=false, selected=false), TreeNode(attributes={text=, accessibilityText=, hintText=, ignoreBoundsFiltering=false, resource-id=, clickable=false, bounds=[184,1628][268,1730], enabled=true, focused=false, checked=false, scrollable=false, selected=false, class=android.view.ViewGroup, important-for-accessibility=false, error=}, children=[TreeNode(attributes={text=, accessibilityText=, hintText=, ignoreBoundsFiltering=false, resource-id=, clickable=false, bounds=[184,1631][268,1728], enabled=true, focused=false, checked=false, scrollable=false, selected=false, class=android.widget.ImageView, important-for-accessibility=false, error=}, children=[], clickable=false, enabled=true, focused=false, checked=false, selected=false), TreeNode(attributes={text=, accessibilityText=, hintText=, ignoreBoundsFiltering=false, resource-id=, clickable=false, bounds=[195,1651][257,1718], enabled=true, focused=false, checked=false, scrollable=false, selected=false, class=android.widget.ImageView, important-for-accessibility=false, error=}, children=[], clickable=false, enabled=true, focused=false, checked=false, selected=false)], clickable=false, enabled=true, focused=false, checked=false, selected=false), TreeNode(attributes={text=, accessibilityText=, hintText=, ignoreBoundsFiltering=false, resource-id=, clickable=false, bounds=[276,1628][360,1730], enabled=true, focused=false, checked=false, scrollable=false, selected=false, class=android.view.ViewGroup, important-for-accessibility=false, error=}, children=[TreeNode(attributes={text=, accessibilityText=, hintText=, ignoreBoundsFiltering=false, resource-id=, clickable=false, bounds=[276,1631][360,1728], enabled=true, focused=false, checked=false, scrollable=false, selected=false, class=android.widget.ImageView, important-for-accessibility=false, error=}, children=[], clickable=false, enabled=true, focused=false, checked=false, selected=false), TreeNode(attributes={text=, accessibilityText=, hintText=, ignoreBoundsFiltering=false, resource-id=, clickable=false, bounds=[287,1651][349,1718], enabled=true, focused=false, checked=false, scrollable=false, selected=false, class=android.widget.ImageView, important-for-accessibility=false, error=}, children=[], clickable=false, enabled=true, focused=false, checked=false, selected=false)], clickable=false, enabled=true, focused=false, checked=false, selected=false), TreeNode(attributes={text=, accessibilityText=, hintText=, ignoreBoundsFiltering=false, resource-id=, clickable=false, bounds=[368,1628][452,1730], enabled=true, focused=false, checked=false, scrollable=false, selected=false, class=android.view.ViewGroup, important-for-accessibility=false, error=}, children=[TreeNode(attributes={text=, accessibilityText=, hintText=, ignoreBoundsFiltering=false, resource-id=, clickable=false, bounds=[368,1631][452,1728], enabled=true, focused=false, checked=false, scrollable=false, selected=false, class=android.widget.ImageView, important-for-accessibility=false, error=}, children=[], clickable=false, enabled=true, focused=false, checked=false, selected=false), TreeNode(attributes={text=, accessibilityText=, hintText=, ignoreBoundsFiltering=false, resource-id=, clickable=false, bounds=[379,1651][441,1718], enabled=true, focused=false, checked=false, scrollable=false, selected=false, class=android.widget.ImageView, important-for-accessibility=false, error=}, children=[], clickable=false, enabled=true, focused=false, checked=false, selected=false)], clickable=false, enabled=true, focused=false, checked=false, selected=false), TreeNode(attributes={text=, accessibilityText=, hintText=, ignoreBoundsFiltering=false, resource-id=, clickable=false, bounds=[629,1628][713,1730], enabled=true, focused=false, checked=false, scrollable=false, selected=false, class=android.view.ViewGroup, important-for-accessibility=false, error=}, children=[TreeNode(attributes={text=, accessibilityText=, hintText=, ignoreBoundsFiltering=false, resource-id=, clickable=false, bounds=[629,1631][713,1728], enabled=true, focused=false, checked=false, scrollable=false, selected=false, class=android.widget.ImageView, important-for-accessibility=false, error=}, children=[], clickable=false, enabled=true, focused=false, checked=false, selected=false), TreeNode(attributes={text=, accessibilityText=, hintText=, ignoreBoundsFiltering=false, resource-id=, clickable=false, bounds=[640,1651][702,1718], enabled=true, focused=false, checked=false, scrollable=false, selected=false, class=android.widget.ImageView, important-for-accessibility=false, error=}, children=[], clickable=false, enabled=true, focused=false, checked=false, selected=false)], clickable=false, enabled=true, focused=false, checked=false, selected=false), TreeNode(attributes={text=, accessibilityText=, hintText=, ignoreBoundsFiltering=false, resource-id=, clickable=false, bounds=[721,1628][805,1730], enabled=true, focused=false, checked=false, scrollable=false, selected=false, class=android.view.ViewGroup, important-for-accessibility=false, error=}, children=[TreeNode(attributes={text=, accessibilityText=, hintText=, ignoreBoundsFiltering=false, resource-id=, clickable=false, bounds=[721,1631][805,1728], enabled=true, focused=false, checked=false, scrollable=false, selected=false, class=android.widget.ImageView, important-for-accessibility=false, error=}, children=[], clickable=false, enabled=true, focused=false, checked=false, selected=false), TreeNode(attributes={text=, accessibilityText=, hintText=, ignoreBoundsFiltering=false, resource-id=, clickable=false, bounds=[732,1651][794,1718], enabled=true, focused=false, checked=false, scrollable=false, selected=false, class=android.widget.ImageView, important-for-accessibility=false, error=}, children=[], clickable=false, enabled=true, focused=false, checked=false, selected=false)], clickable=false, enabled=true, focused=false, checked=false, selected=false), TreeNode(attributes={text=, accessibilityText=, hintText=, ignoreBoundsFiltering=false, resource-id=, clickable=false, bounds=[813,1628][897,1730], enabled=true, focused=false, checked=false, scrollable=false, selected=false, class=android.view.ViewGroup, important-for-accessibility=false, error=}, children=[TreeNode(attributes={text=, accessibilityText=, hintText=, ignoreBoundsFiltering=false, resource-id=, clickable=false, bounds=[813,1631][897,1728], enabled=true, focused=false, checked=false, scrollable=false, selected=false, class=android.widget.ImageView, important-for-accessibility=false, error=}, children=[], clickable=false, enabled=true, focused=false, checked=false, selected=false), TreeNode(attributes={text=, accessibilityText=, hintText=, ignoreBoundsFiltering=false, resource-id=, clickable=false, bounds=[824,1651][886,1718], enabled=true, focused=false, checked=false, scrollable=false, selected=false, class=android.widget.ImageView, important-for-accessibility=false, error=}, children=[], clickable=false, enabled=true, focused=false, checked=false, selected=false)], clickable=false, enabled=true, focused=false, checked=false, selected=false)], clickable=true, enabled=true, focused=false, checked=false, selected=false), bounds=Bounds(x=53, y=1351, width=975, height=442))
09:02:01.536 [ INFO] maestro.Maestro.tap-HgV9Ck0: Tap aimed via settled hierarchy
09:02:01.537 [ INFO] maestro.Maestro.hierarchyBasedTap-ogj28Uc: Tapping at (540, 1572) using hierarchy based logic for wait
09:02:03.066 [ INFO] maestro.Maestro.hierarchyBasedTap-ogj28Uc: Something has changed in the UI judging by view hierarchy. Proceed.
09:02:03.066 [ INFO] maestro.cli.runner.CliConsoleListener.onCommandFinished: Tap on id: ${SET_ID} COMPLETED
09:02:03.066 [ INFO] maestro.cli.runner.CliConsoleListener.onCommandStart: Assert that id: ${SET_ID} is visible RUNNING
09:02:03.144 [ INFO] maestro.cli.runner.CliConsoleListener.onCommandFinished: Assert that id: ${SET_ID} is visible COMPLETED
09:02:03.144 [ INFO] maestro.cli.runner.CliConsoleListener.onCommandStart: Press Back key RUNNING
09:02:03.145 [ INFO] maestro.Maestro.pressKey: Pressing key BACK
09:02:04.044 [ INFO] maestro.cli.runner.CliConsoleListener.onCommandFinished: Press Back key COMPLETED
09:02:04.044 [ INFO] maestro.cli.runner.CliConsoleListener.onCommandStart: Assert that id: settings-screen is visible RUNNING
09:02:04.162 [ INFO] maestro.cli.runner.CliConsoleListener.onCommandFinished: Assert that id: settings-screen is visible COMPLETED
09:02:04.162 [ INFO] maestro.cli.runner.CliConsoleListener.onCommandStart: Tap on id: tab-games RUNNING
09:02:04.276 [ INFO] maestro.Maestro.tap-HgV9Ck0: Tapping on element:  UiElement(treeNode=TreeNode(attributes={text=, accessibilityText=, 棋譜, hintText=, ignoreBoundsFiltering=false, resource-id=tab-games, clickable=true, bounds=[0,2207][360,2337], enabled=true, focused=false, checked=false, scrollable=false, selected=false, class=android.view.View, important-for-accessibility=true, error=}, children=[TreeNode(attributes={text=, accessibilityText=, hintText=, ignoreBoundsFiltering=false, resource-id=, clickable=false, bounds=[150,2227][212,2288], enabled=true, focused=false, checked=false, scrollable=false, selected=false, class=android.widget.TextView, important-for-accessibility=true, error=}, children=[], clickable=false, enabled=true, focused=false, checked=false, selected=false), TreeNode(attributes={text=棋譜, accessibilityText=, hintText=, ignoreBoundsFiltering=false, resource-id=, clickable=false, bounds=[151,2293][209,2336], enabled=true, focused=false, checked=false, scrollable=false, selected=false, class=android.widget.TextView, important-for-accessibility=true, error=}, children=[], clickable=false, enabled=true, focused=false, checked=false, selected=false)], clickable=true, enabled=true, focused=false, checked=false, selected=false), bounds=Bounds(x=0, y=2207, width=360, height=130))
09:02:05.600 [ INFO] maestro.Maestro.tap-HgV9Ck0: Tap aimed via settled hierarchy
09:02:05.600 [ INFO] maestro.Maestro.hierarchyBasedTap-ogj28Uc: Tapping at (180, 2272) using hierarchy based logic for wait
09:02:06.707 [ INFO] maestro.Maestro.hierarchyBasedTap-ogj28Uc: Something has changed in the UI judging by view hierarchy. Proceed.
09:02:06.707 [ INFO] maestro.cli.runner.CliConsoleListener.onCommandFinished: Tap on id: tab-games COMPLETED
09:02:06.707 [ INFO] maestro.cli.runner.CliConsoleListener.onCommandStart: Assert that id: library-screen is visible RUNNING
09:02:06.825 [ INFO] maestro.cli.runner.CliConsoleListener.onCommandFinished: Assert that id: library-screen is visible COMPLETED
09:02:06.825 [ INFO] maestro.cli.runner.CliConsoleListener.onCommandFinished: Run subflows/select-set.yaml COMPLETED
09:02:06.825 [ INFO] maestro.cli.runner.CliConsoleListener.onCommandStart: Tap on ".*KeroPona.*" RUNNING
09:02:06.929 [ INFO] maestro.Maestro.tap-HgV9Ck0: Tapping on element:  UiElement(treeNode=TreeNode(attributes={text=KeroPona との対局, accessibilityText=, hintText=, ignoreBoundsFiltering=false, resource-id=, clickable=false, bounds=[96,712][708,778], enabled=true, focused=false, checked=false, scrollable=false, selected=false, class=android.widget.TextView, important-for-accessibility=true, error=}, children=[], clickable=false, enabled=true, focused=false, checked=false, selected=false), bounds=Bounds(x=96, y=712, width=612, height=66))
09:02:08.231 [ INFO] maestro.Maestro.tap-HgV9Ck0: Tap aimed via settled hierarchy
09:02:08.232 [ INFO] maestro.Maestro.hierarchyBasedTap-ogj28Uc: Tapping at (402, 745) using hierarchy based logic for wait
09:02:08.575 [ INFO] maestro.cli.runner.CliConsoleListener.onCommandFinished: Tap on ".*KeroPona.*" COMPLETED
09:02:08.575 [ INFO] maestro.cli.runner.CliConsoleListener.onCommandStart: Assert that id: game-screen is visible RUNNING
09:02:10.010 [ INFO] maestro.cli.runner.CliConsoleListener.onCommandFinished: Assert that id: game-screen is visible COMPLETED
09:02:10.010 [ INFO] maestro.cli.runner.CliConsoleListener.onCommandStart: Take screenshot 77-board-sakura-dark RUNNING
09:02:10.010 [ INFO] maestro.Maestro.takeScreenshot: Taking screenshot
09:02:10.010 [TRACE] maestro.utils.ScreenshotUtils.takeScreenshot: Taking screenshot to output sink
09:02:10.148 [ INFO] maestro.cli.runner.CliConsoleListener.onCommandFinished: Take screenshot 77-board-sakura-dark COMPLETED
09:02:10.148 [ INFO] maestro.cli.runner.CliConsoleListener.onCommandStart: Press Back key RUNNING
09:02:10.148 [ INFO] maestro.Maestro.pressKey: Pressing key BACK
09:02:10.934 [ INFO] maestro.cli.runner.CliConsoleListener.onCommandFinished: Press Back key COMPLETED
09:02:10.934 [ INFO] maestro.cli.runner.CliConsoleListener.onCommandStart: Run subflows/select-set.yaml RUNNING
09:02:10.935 [ INFO] maestro.cli.runner.CliConsoleListener.onCommandStart: Define variables RUNNING
09:02:10.935 [ INFO] maestro.cli.runner.CliConsoleListener.onCommandFinished: Define variables COMPLETED
09:02:10.935 [ INFO] maestro.cli.runner.CliConsoleListener.onCommandStart: Apply configuration RUNNING
09:02:10.935 [ INFO] maestro.cli.runner.CliConsoleListener.onCommandFinished: Apply configuration COMPLETED
09:02:10.935 [ INFO] maestro.cli.runner.CliConsoleListener.onCommandStart: Tap on "設定.*" RUNNING
09:02:11.044 [ INFO] maestro.Maestro.tap-HgV9Ck0: Tapping on element:  UiElement(treeNode=TreeNode(attributes={text=設定, accessibilityText=, hintText=, ignoreBoundsFiltering=false, resource-id=, clickable=false, bounds=[871,2293][929,2336], enabled=true, focused=false, checked=false, scrollable=false, selected=false, class=android.widget.TextView, important-for-accessibility=true, error=}, children=[], clickable=false, enabled=true, focused=false, checked=false, selected=false), bounds=Bounds(x=871, y=2293, width=58, height=43))
09:02:12.283 [ INFO] maestro.Maestro.tap-HgV9Ck0: Tap aimed via settled hierarchy
09:02:12.284 [ INFO] maestro.Maestro.hierarchyBasedTap-ogj28Uc: Tapping at (900, 2314) using hierarchy based logic for wait
09:02:13.376 [ INFO] maestro.Maestro.hierarchyBasedTap-ogj28Uc: Something has changed in the UI judging by view hierarchy. Proceed.
09:02:13.376 [ INFO] maestro.cli.runner.CliConsoleListener.onCommandFinished: Tap on "設定.*" COMPLETED
09:02:13.376 [ INFO] maestro.cli.runner.CliConsoleListener.onCommandStart: Assert that id: settings-screen is visible RUNNING
09:02:13.473 [ INFO] maestro.cli.runner.CliConsoleListener.onCommandFinished: Assert that id: settings-screen is visible COMPLETED
09:02:13.473 [ INFO] maestro.cli.runner.CliConsoleListener.onCommandStart: Scrolling DOWN until id: piece-sets-link is visible with speed 40, visibility percentage 100%, timeout 20000 ms, with centering disabled RUNNING
09:02:13.608 [ INFO] maestro.orchestra.Orchestra.scrollUntilVisible: Scrolling try count: 0, DeviceWidth: 1080, DeviceWidth: 2400
09:02:13.608 [ INFO] maestro.orchestra.Orchestra.scrollUntilVisible: Element bounds: Bounds(x=54, y=922, width=973, height=142)
09:02:13.608 [ INFO] maestro.orchestra.Orchestra.scrollUntilVisible: Visibility Percent: 1.0
09:02:13.608 [ INFO] maestro.orchestra.Orchestra.scrollUntilVisible: Command centerElement: ScrollUntilVisibleCommand(selector=ElementSelector(textRegex=null, idRegex=piece-sets-link, size=null, below=null, above=null, leftOf=null, rightOf=null, containsChild=null, containsDescendants=null, traits=null, index=null, enabled=null, optional=false, selected=null, checked=null, focused=null, childOf=null, css=null), direction=DOWN, scrollDuration=601, visibilityPercentage=100, timeout=20000, waitToSettleTimeoutMs=null, centerElement=false, originalSpeedValue=40, label=null, optional=false).centerElement
09:02:13.608 [ INFO] maestro.orchestra.Orchestra.scrollUntilVisible: visibilityPercentageNormalized: 1.0
09:02:13.609 [ INFO] maestro.cli.runner.CliConsoleListener.onCommandFinished: Scrolling DOWN until id: piece-sets-link is visible with speed 40, visibility percentage 100%, timeout 20000 ms, with centering disabled COMPLETED
09:02:13.609 [ INFO] maestro.cli.runner.CliConsoleListener.onCommandStart: Tap on id: piece-sets-link RUNNING
09:02:13.720 [ INFO] maestro.Maestro.tap-HgV9Ck0: Tapping on element:  UiElement(treeNode=TreeNode(attributes={text=, accessibilityText=駒セット, 桜木, , hintText=, ignoreBoundsFiltering=false, resource-id=piece-sets-link, clickable=true, bounds=[54,922][1027,1064], enabled=true, focused=false, checked=false, scrollable=false, selected=false, class=android.widget.Button, important-for-accessibility=true, error=}, children=[TreeNode(attributes={text=駒セット, accessibilityText=, hintText=, ignoreBoundsFiltering=false, resource-id=, clickable=false, bounds=[96,959][786,1025], enabled=true, focused=false, checked=false, scrollable=false, selected=false, class=android.widget.TextView, important-for-accessibility=true, error=}, children=[], clickable=false, enabled=true, focused=false, checked=false, selected=false), TreeNode(attributes={text=桜木, accessibilityText=, hintText=, ignoreBoundsFiltering=false, resource-id=, clickable=false, bounds=[816,959][906,1025], enabled=true, focused=false, checked=false, scrollable=false, selected=false, class=android.widget.TextView, important-for-accessibility=true, error=}, children=[], clickable=false, enabled=true, focused=false, checked=false, selected=false), TreeNode(attributes={text=, accessibilityText=, hintText=, ignoreBoundsFiltering=false, resource-id=, clickable=false, bounds=[938,969][986,1018], enabled=true, focused=false, checked=false, scrollable=false, selected=false, class=android.widget.TextView, important-for-accessibility=true, error=}, children=[], clickable=false, enabled=true, focused=false, checked=false, selected=false)], clickable=true, enabled=true, focused=false, checked=false, selected=false), bounds=Bounds(x=54, y=922, width=973, height=142))
09:02:15.007 [ INFO] maestro.Maestro.tap-HgV9Ck0: Tap aimed via settled hierarchy
09:02:15.008 [ INFO] maestro.Maestro.hierarchyBasedTap-ogj28Uc: Tapping at (540, 993) using hierarchy based logic for wait
09:02:16.482 [ INFO] maestro.Maestro.hierarchyBasedTap-ogj28Uc: Something has changed in the UI judging by view hierarchy. Proceed.
09:02:16.482 [ INFO] maestro.cli.runner.CliConsoleListener.onCommandFinished: Tap on id: piece-sets-link COMPLETED
09:02:16.482 [ INFO] maestro.cli.runner.CliConsoleListener.onCommandStart: Assert that id: piece-sets-screen is visible RUNNING
09:02:16.553 [ INFO] maestro.cli.runner.CliConsoleListener.onCommandFinished: Assert that id: piece-sets-screen is visible COMPLETED
09:02:16.553 [ INFO] maestro.cli.runner.CliConsoleListener.onCommandStart: Tap on id: ${SET_ID} RUNNING
09:02:16.621 [ INFO] maestro.Maestro.tap-HgV9Ck0: Tapping on element:  UiElement(treeNode=TreeNode(attributes={text=, accessibilityText=青磁。落ち着いた青緑の磁器の風合い, hintText=, ignoreBoundsFiltering=false, resource-id=piece-set-seiji, clickable=true, bounds=[53,1824][1028,2266], enabled=true, focused=false, checked=false, scrollable=false, selected=false, class=android.widget.RadioButton, important-for-accessibility=true, error=}, children=[TreeNode(attributes={text=青磁, accessibilityText=, hintText=, ignoreBoundsFiltering=false, resource-id=, clickable=false, bounds=[92,1863][990,1929], enabled=true, focused=false, checked=false, scrollable=false, selected=false, class=android.widget.TextView, important-for-accessibility=true, error=}, children=[], clickable=false, enabled=true, focused=false, checked=false, selected=false), TreeNode(attributes={text=落ち着いた青緑の磁器の風合い, accessibilityText=, hintText=, ignoreBoundsFiltering=false, resource-id=, clickable=false, bounds=[92,1937][990,1990], enabled=true, focused=false, checked=false, scrollable=false, selected=false, class=android.widget.TextView, important-for-accessibility=true, error=}, children=[], clickable=false, enabled=true, focused=false, checked=false, selected=false), TreeNode(attributes={text=, accessibilityText=, hintText=, ignoreBoundsFiltering=false, resource-id=, clickable=false, bounds=[92,2022][988,2227], enabled=true, focused=false, checked=false, scrollable=false, selected=false, class=android.view.ViewGroup, important-for-accessibility=false, error=}, children=[], clickable=false, enabled=true, focused=false, checked=false, selected=false), TreeNode(attributes={text=▲ 先手, accessibilityText=, hintText=, ignoreBoundsFiltering=false, resource-id=, clickable=false, bounds=[108,2046][528,2088], enabled=true, focused=false, checked=false, scrollable=false, selected=false, class=android.widget.TextView, important-for-accessibility=true, error=}, children=[], clickable=false, enabled=true, focused=false, checked=false, selected=false), TreeNode(attributes={text=△ 後手, accessibilityText=, hintText=, ignoreBoundsFiltering=false, resource-id=, clickable=false, bounds=[553,2046][973,2088], enabled=true, focused=false, checked=false, scrollable=false, selected=false, class=android.widget.TextView, important-for-accessibility=true, error=}, children=[], clickable=false, enabled=true, focused=false, checked=false, selected=false), TreeNode(attributes={text=, accessibilityText=, hintText=, ignoreBoundsFiltering=false, resource-id=, clickable=false, bounds=[184,2101][268,2203], enabled=true, focused=false, checked=false, scrollable=false, selected=false, class=android.view.ViewGroup, important-for-accessibility=false, error=}, children=[TreeNode(attributes={text=, accessibilityText=, hintText=, ignoreBoundsFiltering=false, resource-id=, clickable=false, bounds=[184,2104][268,2200], enabled=true, focused=false, checked=false, scrollable=false, selected=false, class=android.widget.ImageView, important-for-accessibility=false, error=}, children=[], clickable=false, enabled=true, focused=false, checked=false, selected=false), TreeNode(attributes={text=, accessibilityText=, hintText=, ignoreBoundsFiltering=false, resource-id=, clickable=false, bounds=[195,2124][257,2192], enabled=true, focused=false, checked=false, scrollable=false, selected=false, class=android.widget.ImageView, important-for-accessibility=false, error=}, children=[], clickable=false, enabled=true, focused=false, checked=false, selected=false)], clickable=false, enabled=true, focused=false, checked=false, selected=false), TreeNode(attributes={text=, accessibilityText=, hintText=, ignoreBoundsFiltering=false, resource-id=, clickable=false, bounds=[276,2101][360,2203], enabled=true, focused=false, checked=false, scrollable=false, selected=false, class=android.view.ViewGroup, important-for-accessibility=false, error=}, children=[TreeNode(attributes={text=, accessibilityText=, hintText=, ignoreBoundsFiltering=false, resource-id=, clickable=false, bounds=[276,2104][360,2200], enabled=true, focused=false, checked=false, scrollable=false, selected=false, class=android.widget.ImageView, important-for-accessibility=false, error=}, children=[], clickable=false, enabled=true, focused=false, checked=false, selected=false), TreeNode(attributes={text=, accessibilityText=, hintText=, ignoreBoundsFiltering=false, resource-id=, clickable=false, bounds=[287,2124][349,2192], enabled=true, focused=false, checked=false, scrollable=false, selected=false, class=android.widget.ImageView, important-for-accessibility=false, error=}, children=[], clickable=false, enabled=true, focused=false, checked=false, selected=false)], clickable=false, enabled=true, focused=false, checked=false, selected=false), TreeNode(attributes={text=, accessibilityText=, hintText=, ignoreBoundsFiltering=false, resource-id=, clickable=false, bounds=[368,2101][452,2203], enabled=true, focused=false, checked=false, scrollable=false, selected=false, class=android.view.ViewGroup, important-for-accessibility=false, error=}, children=[TreeNode(attributes={text=, accessibilityText=, hintText=, ignoreBoundsFiltering=false, resource-id=, clickable=false, bounds=[368,2104][452,2200], enabled=true, focused=false, checked=false, scrollable=false, selected=false, class=android.widget.ImageView, important-for-accessibility=false, error=}, children=[], clickable=false, enabled=true, focused=false, checked=false, selected=false), TreeNode(attributes={text=, accessibilityText=, hintText=, ignoreBoundsFiltering=false, resource-id=, clickable=false, bounds=[379,2124][441,2192], enabled=true, focused=false, checked=false, scrollable=false, selected=false, class=android.widget.ImageView, important-for-accessibility=false, error=}, children=[], clickable=false, enabled=true, focused=false, checked=false, selected=false)], clickable=false, enabled=true, focused=false, checked=false, selected=false), TreeNode(attributes={text=, accessibilityText=, hintText=, ignoreBoundsFiltering=false, resource-id=, clickable=false, bounds=[629,2101][713,2203], enabled=true, focused=false, checked=false, scrollable=false, selected=false, class=android.view.ViewGroup, important-for-accessibility=false, error=}, children=[TreeNode(attributes={text=, accessibilityText=, hintText=, ignoreBoundsFiltering=false, resource-id=, clickable=false, bounds=[629,2104][713,2200], enabled=true, focused=false, checked=false, scrollable=false, selected=false, class=android.widget.ImageView, important-for-accessibility=false, error=}, children=[], clickable=false, enabled=true, focused=false, checked=false, selected=false), TreeNode(attributes={text=, accessibilityText=, hintText=, ignoreBoundsFiltering=false, resource-id=, clickable=false, bounds=[640,2124][702,2192], enabled=true, focused=false, checked=false, scrollable=false, selected=false, class=android.widget.ImageView, important-for-accessibility=false, error=}, children=[], clickable=false, enabled=true, focused=false, checked=false, selected=false)], clickable=false, enabled=true, focused=false, checked=false, selected=false), TreeNode(attributes={text=, accessibilityText=, hintText=, ignoreBoundsFiltering=false, resource-id=, clickable=false, bounds=[721,2101][805,2203], enabled=true, focused=false, checked=false, scrollable=false, selected=false, class=android.view.ViewGroup, important-for-accessibility=false, error=}, children=[TreeNode(attributes={text=, accessibilityText=, hintText=, ignoreBoundsFiltering=false, resource-id=, clickable=false, bounds=[721,2104][805,2200], enabled=true, focused=false, checked=false, scrollable=false, selected=false, class=android.widget.ImageView, important-for-accessibility=false, error=}, children=[], clickable=false, enabled=true, focused=false, checked=false, selected=false), TreeNode(attributes={text=, accessibilityText=, hintText=, ignoreBoundsFiltering=false, resource-id=, clickable=false, bounds=[732,2124][794,2192], enabled=true, focused=false, checked=false, scrollable=false, selected=false, class=android.widget.ImageView, important-for-accessibility=false, error=}, children=[], clickable=false, enabled=true, focused=false, checked=false, selected=false)], clickable=false, enabled=true, focused=false, checked=false, selected=false), TreeNode(attributes={text=, accessibilityText=, hintText=, ignoreBoundsFiltering=false, resource-id=, clickable=false, bounds=[813,2101][897,2203], enabled=true, focused=false, checked=false, scrollable=false, selected=false, class=android.view.ViewGroup, important-for-accessibility=false, error=}, children=[TreeNode(attributes={text=, accessibilityText=, hintText=, ignoreBoundsFiltering=false, resource-id=, clickable=false, bounds=[813,2104][897,2200], enabled=true, focused=false, checked=false, scrollable=false, selected=false, class=android.widget.ImageView, important-for-accessibility=false, error=}, children=[], clickable=false, enabled=true, focused=false, checked=false, selected=false), TreeNode(attributes={text=, accessibilityText=, hintText=, ignoreBoundsFiltering=false, resource-id=, clickable=false, bounds=[824,2124][886,2192], enabled=true, focused=false, checked=false, scrollable=false, selected=false, class=android.widget.ImageView, important-for-accessibility=false, error=}, children=[], clickable=false, enabled=true, focused=false, checked=false, selected=false)], clickable=false, enabled=true, focused=false, checked=false, selected=false)], clickable=true, enabled=true, focused=false, checked=false, selected=false), bounds=Bounds(x=53, y=1824, width=975, height=442))
09:02:17.813 [ INFO] maestro.Maestro.tap-HgV9Ck0: Tap aimed via settled hierarchy
09:02:17.814 [ INFO] maestro.Maestro.hierarchyBasedTap-ogj28Uc: Tapping at (540, 2045) using hierarchy based logic for wait
09:02:18.643 [ INFO] maestro.Maestro.hierarchyBasedTap-ogj28Uc: Something has changed in the UI judging by view hierarchy. Proceed.
09:02:18.644 [ INFO] maestro.cli.runner.CliConsoleListener.onCommandFinished: Tap on id: ${SET_ID} COMPLETED
09:02:18.644 [ INFO] maestro.cli.runner.CliConsoleListener.onCommandStart: Assert that id: ${SET_ID} is visible RUNNING
09:02:18.724 [ INFO] maestro.cli.runner.CliConsoleListener.onCommandFinished: Assert that id: ${SET_ID} is visible COMPLETED
09:02:18.724 [ INFO] maestro.cli.runner.CliConsoleListener.onCommandStart: Press Back key RUNNING
09:02:18.724 [ INFO] maestro.Maestro.pressKey: Pressing key BACK
09:02:19.624 [ INFO] maestro.cli.runner.CliConsoleListener.onCommandFinished: Press Back key COMPLETED
09:02:19.624 [ INFO] maestro.cli.runner.CliConsoleListener.onCommandStart: Assert that id: settings-screen is visible RUNNING
09:02:19.739 [ INFO] maestro.cli.runner.CliConsoleListener.onCommandFinished: Assert that id: settings-screen is visible COMPLETED
09:02:19.740 [ INFO] maestro.cli.runner.CliConsoleListener.onCommandStart: Tap on id: tab-games RUNNING
09:02:19.854 [ INFO] maestro.Maestro.tap-HgV9Ck0: Tapping on element:  UiElement(treeNode=TreeNode(attributes={text=, accessibilityText=, 棋譜, hintText=, ignoreBoundsFiltering=false, resource-id=tab-games, clickable=true, bounds=[0,2207][360,2337], enabled=true, focused=false, checked=false, scrollable=false, selected=false, class=android.view.View, important-for-accessibility=true, error=}, children=[TreeNode(attributes={text=, accessibilityText=, hintText=, ignoreBoundsFiltering=false, resource-id=, clickable=false, bounds=[150,2227][212,2288], enabled=true, focused=false, checked=false, scrollable=false, selected=false, class=android.widget.TextView, important-for-accessibility=true, error=}, children=[], clickable=false, enabled=true, focused=false, checked=false, selected=false), TreeNode(attributes={text=棋譜, accessibilityText=, hintText=, ignoreBoundsFiltering=false, resource-id=, clickable=false, bounds=[151,2293][209,2336], enabled=true, focused=false, checked=false, scrollable=false, selected=false, class=android.widget.TextView, important-for-accessibility=true, error=}, children=[], clickable=false, enabled=true, focused=false, checked=false, selected=false)], clickable=true, enabled=true, focused=false, checked=false, selected=false), bounds=Bounds(x=0, y=2207, width=360, height=130))
09:02:21.128 [ INFO] maestro.Maestro.tap-HgV9Ck0: Tap aimed via settled hierarchy
09:02:21.129 [ INFO] maestro.Maestro.hierarchyBasedTap-ogj28Uc: Tapping at (180, 2272) using hierarchy based logic for wait
09:02:22.255 [ INFO] maestro.Maestro.hierarchyBasedTap-ogj28Uc: Something has changed in the UI judging by view hierarchy. Proceed.
09:02:22.255 [ INFO] maestro.cli.runner.CliConsoleListener.onCommandFinished: Tap on id: tab-games COMPLETED
09:02:22.255 [ INFO] maestro.cli.runner.CliConsoleListener.onCommandStart: Assert that id: library-screen is visible RUNNING
09:02:22.366 [ INFO] maestro.cli.runner.CliConsoleListener.onCommandFinished: Assert that id: library-screen is visible COMPLETED
09:02:22.366 [ INFO] maestro.cli.runner.CliConsoleListener.onCommandFinished: Run subflows/select-set.yaml COMPLETED
09:02:22.367 [ INFO] maestro.cli.runner.CliConsoleListener.onCommandStart: Tap on ".*KeroPona.*" RUNNING
09:02:22.479 [ INFO] maestro.Maestro.tap-HgV9Ck0: Tapping on element:  UiElement(treeNode=TreeNode(attributes={text=KeroPona との対局, accessibilityText=, hintText=, ignoreBoundsFiltering=false, resource-id=, clickable=false, bounds=[96,712][708,778], enabled=true, focused=false, checked=false, scrollable=false, selected=false, class=android.widget.TextView, important-for-accessibility=true, error=}, children=[], clickable=false, enabled=true, focused=false, checked=false, selected=false), bounds=Bounds(x=96, y=712, width=612, height=66))
09:02:23.755 [ INFO] maestro.Maestro.tap-HgV9Ck0: Tap aimed via settled hierarchy
09:02:23.756 [ INFO] maestro.Maestro.hierarchyBasedTap-ogj28Uc: Tapping at (402, 745) using hierarchy based logic for wait
09:02:24.103 [ INFO] maestro.cli.runner.CliConsoleListener.onCommandFinished: Tap on ".*KeroPona.*" COMPLETED
09:02:24.103 [ INFO] maestro.cli.runner.CliConsoleListener.onCommandStart: Assert that id: game-screen is visible RUNNING
09:02:25.620 [ INFO] maestro.cli.runner.CliConsoleListener.onCommandFinished: Assert that id: game-screen is visible COMPLETED
09:02:25.620 [ INFO] maestro.cli.runner.CliConsoleListener.onCommandStart: Take screenshot 78-board-seiji-dark RUNNING
09:02:25.621 [ INFO] maestro.Maestro.takeScreenshot: Taking screenshot
09:02:25.621 [TRACE] maestro.utils.ScreenshotUtils.takeScreenshot: Taking screenshot to output sink
09:02:25.802 [ INFO] maestro.cli.runner.CliConsoleListener.onCommandFinished: Take screenshot 78-board-seiji-dark COMPLETED
09:02:25.803 [ INFO] maestro.cli.runner.CliConsoleListener.onCommandStart: Press Back key RUNNING
09:02:25.803 [ INFO] maestro.Maestro.pressKey: Pressing key BACK
09:02:26.635 [ INFO] maestro.cli.runner.CliConsoleListener.onCommandFinished: Press Back key COMPLETED
09:02:26.635 [ INFO] maestro.cli.runner.CliConsoleListener.onCommandStart: Run subflows/select-set.yaml RUNNING
09:02:26.636 [ INFO] maestro.cli.runner.CliConsoleListener.onCommandStart: Define variables RUNNING
09:02:26.636 [ INFO] maestro.cli.runner.CliConsoleListener.onCommandFinished: Define variables COMPLETED
09:02:26.636 [ INFO] maestro.cli.runner.CliConsoleListener.onCommandStart: Apply configuration RUNNING
09:02:26.636 [ INFO] maestro.cli.runner.CliConsoleListener.onCommandFinished: Apply configuration COMPLETED
09:02:26.636 [ INFO] maestro.cli.runner.CliConsoleListener.onCommandStart: Tap on "設定.*" RUNNING
09:02:26.745 [ INFO] maestro.Maestro.tap-HgV9Ck0: Tapping on element:  UiElement(treeNode=TreeNode(attributes={text=設定, accessibilityText=, hintText=, ignoreBoundsFiltering=false, resource-id=, clickable=false, bounds=[871,2293][929,2336], enabled=true, focused=false, checked=false, scrollable=false, selected=false, class=android.widget.TextView, important-for-accessibility=true, error=}, children=[], clickable=false, enabled=true, focused=false, checked=false, selected=false), bounds=Bounds(x=871, y=2293, width=58, height=43))
09:02:27.964 [ INFO] maestro.Maestro.tap-HgV9Ck0: Tap aimed via settled hierarchy
09:02:27.965 [ INFO] maestro.Maestro.hierarchyBasedTap-ogj28Uc: Tapping at (900, 2314) using hierarchy based logic for wait
09:02:29.100 [ INFO] maestro.Maestro.hierarchyBasedTap-ogj28Uc: Something has changed in the UI judging by view hierarchy. Proceed.
09:02:29.100 [ INFO] maestro.cli.runner.CliConsoleListener.onCommandFinished: Tap on "設定.*" COMPLETED
09:02:29.100 [ INFO] maestro.cli.runner.CliConsoleListener.onCommandStart: Assert that id: settings-screen is visible RUNNING
09:02:29.154 [ INFO] maestro.cli.runner.CliConsoleListener.onCommandFinished: Assert that id: settings-screen is visible COMPLETED
09:02:29.154 [ INFO] maestro.cli.runner.CliConsoleListener.onCommandStart: Scrolling DOWN until id: piece-sets-link is visible with speed 40, visibility percentage 100%, timeout 20000 ms, with centering disabled RUNNING
09:02:29.244 [ INFO] maestro.orchestra.Orchestra.scrollUntilVisible: Scrolling try count: 0, DeviceWidth: 1080, DeviceWidth: 2400
09:02:29.244 [ INFO] maestro.orchestra.Orchestra.scrollUntilVisible: Element bounds: Bounds(x=54, y=922, width=973, height=142)
09:02:29.245 [ INFO] maestro.orchestra.Orchestra.scrollUntilVisible: Visibility Percent: 1.0
09:02:29.245 [ INFO] maestro.orchestra.Orchestra.scrollUntilVisible: Command centerElement: ScrollUntilVisibleCommand(selector=ElementSelector(textRegex=null, idRegex=piece-sets-link, size=null, below=null, above=null, leftOf=null, rightOf=null, containsChild=null, containsDescendants=null, traits=null, index=null, enabled=null, optional=false, selected=null, checked=null, focused=null, childOf=null, css=null), direction=DOWN, scrollDuration=601, visibilityPercentage=100, timeout=20000, waitToSettleTimeoutMs=null, centerElement=false, originalSpeedValue=40, label=null, optional=false).centerElement
09:02:29.245 [ INFO] maestro.orchestra.Orchestra.scrollUntilVisible: visibilityPercentageNormalized: 1.0
09:02:29.245 [ INFO] maestro.cli.runner.CliConsoleListener.onCommandFinished: Scrolling DOWN until id: piece-sets-link is visible with speed 40, visibility percentage 100%, timeout 20000 ms, with centering disabled COMPLETED
09:02:29.245 [ INFO] maestro.cli.runner.CliConsoleListener.onCommandStart: Tap on id: piece-sets-link RUNNING
09:02:29.377 [ INFO] maestro.Maestro.tap-HgV9Ck0: Tapping on element:  UiElement(treeNode=TreeNode(attributes={text=, accessibilityText=駒セット, 青磁, , hintText=, ignoreBoundsFiltering=false, resource-id=piece-sets-link, clickable=true, bounds=[54,922][1027,1064], enabled=true, focused=false, checked=false, scrollable=false, selected=false, class=android.widget.Button, important-for-accessibility=true, error=}, children=[TreeNode(attributes={text=駒セット, accessibilityText=, hintText=, ignoreBoundsFiltering=false, resource-id=, clickable=false, bounds=[96,959][786,1025], enabled=true, focused=false, checked=false, scrollable=false, selected=false, class=android.widget.TextView, important-for-accessibility=true, error=}, children=[], clickable=false, enabled=true, focused=false, checked=false, selected=false), TreeNode(attributes={text=青磁, accessibilityText=, hintText=, ignoreBoundsFiltering=false, resource-id=, clickable=false, bounds=[816,959][906,1025], enabled=true, focused=false, checked=false, scrollable=false, selected=false, class=android.widget.TextView, important-for-accessibility=true, error=}, children=[], clickable=false, enabled=true, focused=false, checked=false, selected=false), TreeNode(attributes={text=, accessibilityText=, hintText=, ignoreBoundsFiltering=false, resource-id=, clickable=false, bounds=[938,969][986,1018], enabled=true, focused=false, checked=false, scrollable=false, selected=false, class=android.widget.TextView, important-for-accessibility=true, error=}, children=[], clickable=false, enabled=true, focused=false, checked=false, selected=false)], clickable=true, enabled=true, focused=false, checked=false, selected=false), bounds=Bounds(x=54, y=922, width=973, height=142))
09:02:30.684 [ INFO] maestro.Maestro.tap-HgV9Ck0: Tap aimed via settled hierarchy
09:02:30.685 [ INFO] maestro.Maestro.hierarchyBasedTap-ogj28Uc: Tapping at (540, 993) using hierarchy based logic for wait
09:02:32.108 [ INFO] maestro.Maestro.hierarchyBasedTap-ogj28Uc: Something has changed in the UI judging by view hierarchy. Proceed.
09:02:32.108 [ INFO] maestro.cli.runner.CliConsoleListener.onCommandFinished: Tap on id: piece-sets-link COMPLETED
09:02:32.108 [ INFO] maestro.cli.runner.CliConsoleListener.onCommandStart: Assert that id: piece-sets-screen is visible RUNNING
09:02:32.181 [ INFO] maestro.cli.runner.CliConsoleListener.onCommandFinished: Assert that id: piece-sets-screen is visible COMPLETED
09:02:32.181 [ INFO] maestro.cli.runner.CliConsoleListener.onCommandStart: Tap on id: ${SET_ID} RUNNING
09:02:32.250 [ INFO] maestro.Maestro.tap-HgV9Ck0: Tapping on element:  UiElement(treeNode=TreeNode(attributes={text=, accessibilityText=黄楊。暖かい蜂蜜色と、艶のある飴色, hintText=, ignoreBoundsFiltering=false, resource-id=piece-set-tsuge, clickable=true, bounds=[53,404][1028,846], enabled=true, focused=false, checked=false, scrollable=false, selected=false, class=android.widget.RadioButton, important-for-accessibility=true, error=}, children=[TreeNode(attributes={text=黄楊, accessibilityText=, hintText=, ignoreBoundsFiltering=false, resource-id=, clickable=false, bounds=[92,443][990,509], enabled=true, focused=false, checked=false, scrollable=false, selected=false, class=android.widget.TextView, important-for-accessibility=true, error=}, children=[], clickable=false, enabled=true, focused=false, checked=false, selected=false), TreeNode(attributes={text=暖かい蜂蜜色と、艶のある飴色, accessibilityText=, hintText=, ignoreBoundsFiltering=false, resource-id=, clickable=false, bounds=[92,517][990,570], enabled=true, focused=false, checked=false, scrollable=false, selected=false, class=android.widget.TextView, important-for-accessibility=true, error=}, children=[], clickable=false, enabled=true, focused=false, checked=false, selected=false), TreeNode(attributes={text=, accessibilityText=, hintText=, ignoreBoundsFiltering=false, resource-id=, clickable=false, bounds=[92,602][988,807], enabled=true, focused=false, checked=false, scrollable=false, selected=false, class=android.view.ViewGroup, important-for-accessibility=false, error=}, children=[], clickable=false, enabled=true, focused=false, checked=false, selected=false), TreeNode(attributes={text=▲ 先手, accessibilityText=, hintText=, ignoreBoundsFiltering=false, resource-id=, clickable=false, bounds=[108,626][528,668], enabled=true, focused=false, checked=false, scrollable=false, selected=false, class=android.widget.TextView, important-for-accessibility=true, error=}, children=[], clickable=false, enabled=true, focused=false, checked=false, selected=false), TreeNode(attributes={text=△ 後手, accessibilityText=, hintText=, ignoreBoundsFiltering=false, resource-id=, clickable=false, bounds=[553,626][973,668], enabled=true, focused=false, checked=false, scrollable=false, selected=false, class=android.widget.TextView, important-for-accessibility=true, error=}, children=[], clickable=false, enabled=true, focused=false, checked=false, selected=false), TreeNode(attributes={text=, accessibilityText=, hintText=, ignoreBoundsFiltering=false, resource-id=, clickable=false, bounds=[184,681][268,783], enabled=true, focused=false, checked=false, scrollable=false, selected=false, class=android.view.ViewGroup, important-for-accessibility=false, error=}, children=[TreeNode(attributes={text=, accessibilityText=, hintText=, ignoreBoundsFiltering=false, resource-id=, clickable=false, bounds=[184,684][268,780], enabled=true, focused=false, checked=false, scrollable=false, selected=false, class=android.widget.ImageView, important-for-accessibility=false, error=}, children=[], clickable=false, enabled=true, focused=false, checked=false, selected=false), TreeNode(attributes={text=, accessibilityText=, hintText=, ignoreBoundsFiltering=false, resource-id=, clickable=false, bounds=[195,704][257,772], enabled=true, focused=false, checked=false, scrollable=false, selected=false, class=android.widget.ImageView, important-for-accessibility=false, error=}, children=[], clickable=false, enabled=true, focused=false, checked=false, selected=false)], clickable=false, enabled=true, focused=false, checked=false, selected=false), TreeNode(attributes={text=, accessibilityText=, hintText=, ignoreBoundsFiltering=false, resource-id=, clickable=false, bounds=[276,681][360,783], enabled=true, focused=false, checked=false, scrollable=false, selected=false, class=android.view.ViewGroup, important-for-accessibility=false, error=}, children=[TreeNode(attributes={text=, accessibilityText=, hintText=, ignoreBoundsFiltering=false, resource-id=, clickable=false, bounds=[276,684][360,780], enabled=true, focused=false, checked=false, scrollable=false, selected=false, class=android.widget.ImageView, important-for-accessibility=false, error=}, children=[], clickable=false, enabled=true, focused=false, checked=false, selected=false), TreeNode(attributes={text=, accessibilityText=, hintText=, ignoreBoundsFiltering=false, resource-id=, clickable=false, bounds=[287,704][349,772], enabled=true, focused=false, checked=false, scrollable=false, selected=false, class=android.widget.ImageView, important-for-accessibility=false, error=}, children=[], clickable=false, enabled=true, focused=false, checked=false, selected=false)], clickable=false, enabled=true, focused=false, checked=false, selected=false), TreeNode(attributes={text=, accessibilityText=, hintText=, ignoreBoundsFiltering=false, resource-id=, clickable=false, bounds=[368,681][452,783], enabled=true, focused=false, checked=false, scrollable=false, selected=false, class=android.view.ViewGroup, important-for-accessibility=false, error=}, children=[TreeNode(attributes={text=, accessibilityText=, hintText=, ignoreBoundsFiltering=false, resource-id=, clickable=false, bounds=[368,684][452,780], enabled=true, focused=false, checked=false, scrollable=false, selected=false, class=android.widget.ImageView, important-for-accessibility=false, error=}, children=[], clickable=false, enabled=true, focused=false, checked=false, selected=false), TreeNode(attributes={text=, accessibilityText=, hintText=, ignoreBoundsFiltering=false, resource-id=, clickable=false, bounds=[379,704][441,772], enabled=true, focused=false, checked=false, scrollable=false, selected=false, class=android.widget.ImageView, important-for-accessibility=false, error=}, children=[], clickable=false, enabled=true, focused=false, checked=false, selected=false)], clickable=false, enabled=true, focused=false, checked=false, selected=false), TreeNode(attributes={text=, accessibilityText=, hintText=, ignoreBoundsFiltering=false, resource-id=, clickable=false, bounds=[629,681][713,783], enabled=true, focused=false, checked=false, scrollable=false, selected=false, class=android.view.ViewGroup, important-for-accessibility=false, error=}, children=[TreeNode(attributes={text=, accessibilityText=, hintText=, ignoreBoundsFiltering=false, resource-id=, clickable=false, bounds=[629,684][713,780], enabled=true, focused=false, checked=false, scrollable=false, selected=false, class=android.widget.ImageView, important-for-accessibility=false, error=}, children=[], clickable=false, enabled=true, focused=false, checked=false, selected=false), TreeNode(attributes={text=, accessibilityText=, hintText=, ignoreBoundsFiltering=false, resource-id=, clickable=false, bounds=[640,704][702,772], enabled=true, focused=false, checked=false, scrollable=false, selected=false, class=android.widget.ImageView, important-for-accessibility=false, error=}, children=[], clickable=false, enabled=true, focused=false, checked=false, selected=false)], clickable=false, enabled=true, focused=false, checked=false, selected=false), TreeNode(attributes={text=, accessibilityText=, hintText=, ignoreBoundsFiltering=false, resource-id=, clickable=false, bounds=[721,681][805,783], enabled=true, focused=false, checked=false, scrollable=false, selected=false, class=android.view.ViewGroup, important-for-accessibility=false, error=}, children=[TreeNode(attributes={text=, accessibilityText=, hintText=, ignoreBoundsFiltering=false, resource-id=, clickable=false, bounds=[721,684][805,780], enabled=true, focused=false, checked=false, scrollable=false, selected=false, class=android.widget.ImageView, important-for-accessibility=false, error=}, children=[], clickable=false, enabled=true, focused=false, checked=false, selected=false), TreeNode(attributes={text=, accessibilityText=, hintText=, ignoreBoundsFiltering=false, resource-id=, clickable=false, bounds=[732,704][794,772], enabled=true, focused=false, checked=false, scrollable=false, selected=false, class=android.widget.ImageView, important-for-accessibility=false, error=}, children=[], clickable=false, enabled=true, focused=false, checked=false, selected=false)], clickable=false, enabled=true, focused=false, checked=false, selected=false), TreeNode(attributes={text=, accessibilityText=, hintText=, ignoreBoundsFiltering=false, resource-id=, clickable=false, bounds=[813,681][897,783], enabled=true, focused=false, checked=false, scrollable=false, selected=false, class=android.view.ViewGroup, important-for-accessibility=false, error=}, children=[TreeNode(attributes={text=, accessibilityText=, hintText=, ignoreBoundsFiltering=false, resource-id=, clickable=false, bounds=[813,684][897,780], enabled=true, focused=false, checked=false, scrollable=false, selected=false, class=android.widget.ImageView, important-for-accessibility=false, error=}, children=[], clickable=false, enabled=true, focused=false, checked=false, selected=false), TreeNode(attributes={text=, accessibilityText=, hintText=, ignoreBoundsFiltering=false, resource-id=, clickable=false, bounds=[824,704][886,772], enabled=true, focused=false, checked=false, scrollable=false, selected=false, class=android.widget.ImageView, important-for-accessibility=false, error=}, children=[], clickable=false, enabled=true, focused=false, checked=false, selected=false)], clickable=false, enabled=true, focused=false, checked=false, selected=false)], clickable=true, enabled=true, focused=false, checked=false, selected=false), bounds=Bounds(x=53, y=404, width=975, height=442))
09:02:33.437 [ INFO] maestro.Maestro.tap-HgV9Ck0: Tap aimed via settled hierarchy
09:02:33.438 [ INFO] maestro.Maestro.hierarchyBasedTap-ogj28Uc: Tapping at (540, 625) using hierarchy based logic for wait
09:02:34.494 [ INFO] maestro.Maestro.hierarchyBasedTap-ogj28Uc: Something has changed in the UI judging by view hierarchy. Proceed.
09:02:34.494 [ INFO] maestro.cli.runner.CliConsoleListener.onCommandFinished: Tap on id: ${SET_ID} COMPLETED
09:02:34.494 [ INFO] maestro.cli.runner.CliConsoleListener.onCommandStart: Assert that id: ${SET_ID} is visible RUNNING
09:02:34.568 [ INFO] maestro.cli.runner.CliConsoleListener.onCommandFinished: Assert that id: ${SET_ID} is visible COMPLETED
09:02:34.568 [ INFO] maestro.cli.runner.CliConsoleListener.onCommandStart: Press Back key RUNNING
09:02:34.568 [ INFO] maestro.Maestro.pressKey: Pressing key BACK
09:02:35.403 [ INFO] maestro.cli.runner.CliConsoleListener.onCommandFinished: Press Back key COMPLETED
09:02:35.403 [ INFO] maestro.cli.runner.CliConsoleListener.onCommandStart: Assert that id: settings-screen is visible RUNNING
09:02:35.523 [ INFO] maestro.cli.runner.CliConsoleListener.onCommandFinished: Assert that id: settings-screen is visible COMPLETED
09:02:35.523 [ INFO] maestro.cli.runner.CliConsoleListener.onCommandStart: Tap on id: tab-games RUNNING
09:02:35.628 [ INFO] maestro.Maestro.tap-HgV9Ck0: Tapping on element:  UiElement(treeNode=TreeNode(attributes={text=, accessibilityText=, 棋譜, hintText=, ignoreBoundsFiltering=false, resource-id=tab-games, clickable=true, bounds=[0,2207][360,2337], enabled=true, focused=false, checked=false, scrollable=false, selected=false, class=android.view.View, important-for-accessibility=true, error=}, children=[TreeNode(attributes={text=, accessibilityText=, hintText=, ignoreBoundsFiltering=false, resource-id=, clickable=false, bounds=[150,2227][212,2288], enabled=true, focused=false, checked=false, scrollable=false, selected=false, class=android.widget.TextView, important-for-accessibility=true, error=}, children=[], clickable=false, enabled=true, focused=false, checked=false, selected=false), TreeNode(attributes={text=棋譜, accessibilityText=, hintText=, ignoreBoundsFiltering=false, resource-id=, clickable=false, bounds=[151,2293][209,2336], enabled=true, focused=false, checked=false, scrollable=false, selected=false, class=android.widget.TextView, important-for-accessibility=true, error=}, children=[], clickable=false, enabled=true, focused=false, checked=false, selected=false)], clickable=true, enabled=true, focused=false, checked=false, selected=false), bounds=Bounds(x=0, y=2207, width=360, height=130))
09:02:36.863 [ INFO] maestro.Maestro.tap-HgV9Ck0: Tap aimed via settled hierarchy
09:02:36.864 [ INFO] maestro.Maestro.hierarchyBasedTap-ogj28Uc: Tapping at (180, 2272) using hierarchy based logic for wait
09:02:37.844 [ INFO] maestro.Maestro.hierarchyBasedTap-ogj28Uc: Something has changed in the UI judging by view hierarchy. Proceed.
09:02:37.844 [ INFO] maestro.cli.runner.CliConsoleListener.onCommandFinished: Tap on id: tab-games COMPLETED
09:02:37.844 [ INFO] maestro.cli.runner.CliConsoleListener.onCommandStart: Assert that id: library-screen is visible RUNNING
09:02:37.930 [ INFO] maestro.cli.runner.CliConsoleListener.onCommandFinished: Assert that id: library-screen is visible COMPLETED
09:02:37.930 [ INFO] maestro.cli.runner.CliConsoleListener.onCommandFinished: Run subflows/select-set.yaml COMPLETED
09:02:37.930 [ INFO] maestro.cli.runner.CliConsoleListener.onCommandStart: Tap on ".*KeroPona.*" RUNNING
09:02:38.040 [ INFO] maestro.Maestro.tap-HgV9Ck0: Tapping on element:  UiElement(treeNode=TreeNode(attributes={text=KeroPona との対局, accessibilityText=, hintText=, ignoreBoundsFiltering=false, resource-id=, clickable=false, bounds=[96,712][708,778], enabled=true, focused=false, checked=false, scrollable=false, selected=false, class=android.widget.TextView, important-for-accessibility=true, error=}, children=[], clickable=false, enabled=true, focused=false, checked=false, selected=false), bounds=Bounds(x=96, y=712, width=612, height=66))
09:02:39.260 [ INFO] maestro.Maestro.tap-HgV9Ck0: Tap aimed via settled hierarchy
09:02:39.260 [ INFO] maestro.Maestro.hierarchyBasedTap-ogj28Uc: Tapping at (402, 745) using hierarchy based logic for wait
09:02:39.607 [ INFO] maestro.cli.runner.CliConsoleListener.onCommandFinished: Tap on ".*KeroPona.*" COMPLETED
09:02:39.608 [ INFO] maestro.cli.runner.CliConsoleListener.onCommandStart: Assert that id: game-screen is visible RUNNING
09:02:41.098 [ INFO] maestro.cli.runner.CliConsoleListener.onCommandFinished: Assert that id: game-screen is visible COMPLETED
09:02:41.098 [ INFO] maestro.cli.runner.CliConsoleListener.onCommandStart: Take screenshot 79-board-tsuge-dark RUNNING
09:02:41.098 [ INFO] maestro.Maestro.takeScreenshot: Taking screenshot
09:02:41.099 [TRACE] maestro.utils.ScreenshotUtils.takeScreenshot: Taking screenshot to output sink
09:02:41.250 [ INFO] maestro.cli.runner.CliConsoleListener.onCommandFinished: Take screenshot 79-board-tsuge-dark COMPLETED
09:02:41.250 [ INFO] maestro.cli.runner.CliConsoleListener.onCommandStart: Press Back key RUNNING
09:02:41.250 [ INFO] maestro.Maestro.pressKey: Pressing key BACK
09:02:42.071 [ INFO] maestro.cli.runner.CliConsoleListener.onCommandFinished: Press Back key COMPLETED
