fixtureId,sfen,movetimeMs,multipv,threads,hashMb,sampleCount,successCount,avgWallLatencyMs,p50WallLatencyMs,p95WallLatencyMs,avgElapsedMs,avgActualNodes,avgNps,avgEngineCpuDeltaMs,avgCompletedDepth,terminalCounts,incompleteCount,boundInfoCount,candidateSnapshots
initial-position,lnsgkgsnl/1r5b1/ppppppppp/9/9/9/PPPPPPPPP/1B5R1/LNSGKGSNL b - 1,100,2,1,256,3,3,467.467,461.3,491.8,100.333,85442.3,851640.4,143.3,0,"{""incomplete"":3}",3,0,"[{""label"":""initial-position:mt100-mpv2-t1-h256:warm1"",""candidates"":[]},{""label"":""initial-position:mt100-mpv2-t1-h256:warm2"",""candidates"":[]},{""label"":""initial-position:mt100-mpv2-t1-h256:warm3"",""candidates"":[]}]"
quiet-no-mate,1n1g1ksn1/l1rsg2b1/p1pp1p+Bpl/1p2p4/8p/2P3P1P/PP1PPPSP1/3S4R/LNG1KG1NL b P 1,100,2,1,256,3,3,530.467,505.6,584,100.333,61587.3,613836.8,150,15,"{""ok"":3}",0,0,"[{""label"":""quiet-no-mate:mt100-mpv2-t1-h256:warm1"",""candidates"":[{""move"":""3c2c"",""pvUsi"":[""3c2c"",""4a4b"",""2c2b"",""3a2b"",""1f1e"",""4b5c"",""1e1d"",""5c6d"",""1d1c+"",""2b1c"",""L*6f"",""6d7d""],""scoreCp"":1496},{""move"":""3c2b"",""pvUsi"":[""3c2b"",""3a2b"",""1f1e"",""B*4d"",""8i7g"",""7c7d"",""1e1d"",""1c1d"",""1h1d"",""7d7e"",""1d1b+"",""7e7f"",""1b2a"",""P*3a"",""B*3b"",""4a5a""],""scoreCp"":1431}]},{""label"":""quiet-no-mate:mt100-mpv2-t1-h256:warm2"",""candidates"":[{""move"":""3c2c"",""pvUsi"":[""3c2c"",""4a4b"",""2c2b"",""3a2b"",""1f1e"",""4b5c"",""1e1d"",""5c6d"",""1d1c+"",""2b1c"",""L*6f"",""6d7d""],""scoreCp"":1496},{""move"":""3c2b"",""pvUsi"":[""3c2b"",""3a2b"",""1f1e"",""B*4d"",""8i7g"",""7c7d"",""1e1d"",""1c1d"",""1h1d"",""7d7e"",""1d1b+"",""7e7f"",""1b2a"",""P*3a"",""B*3b"",""4a5a""],""scoreCp"":1431}]},{""label"":""quiet-no-mate:mt100-mpv2-t1-h256:warm3"",""candidates"":[{""move"":""3c2c"",""pvUsi"":[""3c2c"",""4a4b"",""2c2b"",""3a2b"",""1f1e"",""4b5c"",""1e1d"",""5c6d"",""1d1c+"",""2b1c"",""L*6f"",""6d7d""],""scoreCp"":1496},{""move"":""3c2b"",""pvUsi"":[""3c2b"",""3a2b"",""1f1e"",""B*4d"",""8i7g"",""7c7d"",""1e1d"",""1c1d"",""1h1d"",""7d7e"",""1d1b+"",""7e7f"",""1b2a"",""P*3a"",""B*3b"",""4a5a""],""scoreCp"":1431}]}]"
sente-middlegame,1nrg3n1/l2s2k2/p1p1gp1pl/1p1pp2s1/6P1p/b1P5P/PP1PPP1P1/L1KSRSG2/1NG4NL b BP 1,100,2,1,256,3,3,553.167,465,738.1,100.667,66738.3,663089.8,146.7,0,"{""incomplete"":3}",3,0,"[{""label"":""sente-middlegame:mt100-mpv2-t1-h256:warm1"",""candidates"":[]},{""label"":""sente-middlegame:mt100-mpv2-t1-h256:warm2"",""candidates"":[]},{""label"":""sente-middlegame:mt100-mpv2-t1-h256:warm3"",""candidates"":[]}]"
gote-middlegame,1nrgB2n1/l2s2k2/p1p1gp1pl/1p1pp2s1/6P1p/b1P5P/PP1PPP1P1/L1KSRSG2/1NG4NL w P 1,100,2,1,256,3,3,471.767,480.4,490.3,100.333,71306,710661.2,143.3,3.67,"{""incomplete"":2,""ok"":1}",2,0,"[{""label"":""gote-middlegame:mt100-mpv2-t1-h256:warm1"",""candidates"":[]},{""label"":""gote-middlegame:mt100-mpv2-t1-h256:warm2"",""candidates"":[{""move"":""9f8g+"",""pvUsi"":[""9f8g+"",""7h8g"",""6a5a"",""B*8b"",""B*4i"",""8b7a+"",""6b7a"",""4h5i"",""4i5h+"",""5i5h"",""8d8e"",""1f1e""],""scoreCp"":353},{""move"":""9f8e"",""pvUsi"":[""9f8e"",""5a2d+"",""2c2d"",""1f1e"",""7c7d"",""S*8b"",""7a7b"",""8b8a"",""7b8b"",""8a9b+"",""8b9b"",""4h5i"",""7d7e"",""1e1d"",""1c1d"",""1i1d"",""7e7f"",""1d1a+""],""scoreCp"":390}]},{""label"":""gote-middlegame:mt100-mpv2-t1-h256:warm3"",""candidates"":[]}]"
middlegame-60,1nr1g1kn1/l2sb4/p1p1gpppl/1p2p4/3p2P2/1PP2+B1sp/P1KPPP2P/L1G1RSG2/1N2S2NL b p 1,100,2,1,256,3,3,592,455.1,866.3,100,65339,653390,146.7,14,"{""ok"":3}",0,0,"[{""label"":""middlegame-60:mt100-mpv2-t1-h256:warm1"",""candidates"":[{""move"":""3h3g"",""pvUsi"":[""3h3g"",""2f1g+"",""2i1g"",""1f1g+"",""3e3d"",""3c3d"",""5g5f"",""5b6c"",""5f5e"",""5d5e"",""S*1b"",""5c4d""],""scoreCp"":738},{""move"":""1g1f"",""pvUsi"":[""1g1f"",""5c4d"",""4f6d"",""3a2b"",""3h3g"",""2f3e"",""1f1e"",""3e2d"",""6d6e"",""1c1e"",""1i1e"",""7c7d"",""P*1f""],""scoreCp"":721}]},{""label"":""middlegame-60:mt100-mpv2-t1-h256:warm2"",""candidates"":[{""move"":""3h3g"",""pvUsi"":[""3h3g"",""2f1g+"",""2i1g"",""1f1g+"",""3e3d"",""3c3d"",""5g5f"",""5b6c"",""5f5e"",""5d5e"",""S*1b"",""5c4d""],""scoreCp"":738},{""move"":""1g1f"",""pvUsi"":[""1g1f"",""5c4d"",""4f6d"",""3a2b"",""3h3g"",""2f3e"",""1f1e"",""3e2d"",""6d6e"",""1c1e"",""1i1e"",""7c7d"",""P*1f""],""scoreCp"":721}]},{""label"":""middlegame-60:mt100-mpv2-t1-h256:warm3"",""candidates"":[{""move"":""3h3g"",""pvUsi"":[""3h3g"",""2f1g+"",""2i1g"",""1f1g+"",""3e3d"",""3c3d"",""5g5f"",""5b6c"",""5f5e"",""5d5e"",""S*1b"",""5c4d""],""scoreCp"":738},{""move"":""1g1f"",""pvUsi"":[""1g1f"",""5c4d"",""4f6d"",""3a2b"",""3h3g"",""2f3e"",""1f1e"",""3e2d"",""6d6e"",""1c1e"",""1i1e"",""7c7d"",""P*1f""],""scoreCp"":721}]}]"
middlegame-80,1nsg3nk/l1r6/p1p1gppp1/1p1+B5/1b1pp1P1l/1PP1PP2p/P2P3GN/LKG1R1S1L/1NS1S4 b 2p 1,100,2,1,256,3,3,499.367,484.7,558.6,101,67080,664158.4,146.7,0,"{""incomplete"":3}",3,0,"[{""label"":""middlegame-80:mt100-mpv2-t1-h256:warm1"",""candidates"":[]},{""label"":""middlegame-80:mt100-mpv2-t1-h256:warm2"",""candidates"":[]},{""label"":""middlegame-80:mt100-mpv2-t1-h256:warm3"",""candidates"":[]}]"
hand-piece-rich,1n2g4/l1s3k1r/p1+B1gp1pn/Bp7/1PPp5/5P2l/PG1P+pS2N/LK2R3L/1NS1S4 b 2Pg5p 1,100,2,1,256,3,3,460.8,462.2,465.1,101,58576,579960.4,146.7,14.67,"{""ok"":3}",0,0,"[{""label"":""hand-piece-rich:mt100-mpv2-t1-h256:warm1"",""candidates"":[{""move"":""7c5a"",""pvUsi"":[""7c5a"",""9c9d"",""5h5g"",""B*4d"",""8h7h"",""P*5f"",""4g5f"",""3b2a""],""scoreCp"":1863},{""move"":""9d7b+"",""pvUsi"":[""9d7b+"",""8a7c"",""5h5g"",""B*3c"",""8h7h"",""6e6f"",""6g6f"",""5a4b"",""7b7c"",""3c6f"",""P*3c"",""3b2b"",""5g6g"",""6f9i+"",""N*3d"",""2b3c"",""3d4b+"",""3c4b""],""scoreCp"":1545}]},{""label"":""hand-piece-rich:mt100-mpv2-t1-h256:warm2"",""candidates"":[{""move"":""7c5a"",""pvUsi"":[""7c5a"",""9c9d"",""5h5g"",""B*4d"",""8h7h"",""P*5f"",""4g5f"",""3b2a""],""scoreCp"":1863},{""move"":""9d7b+"",""pvUsi"":[""9d7b+"",""8a7c"",""5h5g"",""B*3c"",""8h7h"",""6e6f"",""6g6f"",""5a4b"",""7b7c"",""3c6f"",""P*3c"",""3b2b"",""5g6g"",""6f9i+"",""N*3d"",""2b3c"",""3d4b+"",""3c4b""],""scoreCp"":1545}]},{""label"":""hand-piece-rich:mt100-mpv2-t1-h256:warm3"",""candidates"":[{""move"":""7c5a"",""pvUsi"":[""7c5a"",""9c9d"",""5h5g"",""B*4d"",""8h7h"",""P*5f"",""4g5f"",""3b2a""],""scoreCp"":1863},{""move"":""9d7b+"",""pvUsi"":[""9d7b+"",""8a7c"",""5h5g"",""B*3c"",""8h7h"",""6e6f"",""6g6f"",""5a4b"",""7b7c"",""3c6f"",""P*3c"",""3b2b"",""5g6g"",""6f9i+"",""N*3d"",""2b3c"",""3d4b+"",""3c4b""],""scoreCp"":1545}]}]"
middlegame-120,1n2g4/+B1s1k3r/p+P2gp1pn/B8/2Pp2p2/1p2LP2l/PG1P+pS2N/LKR4PL/1NS1S1+p1g b 2P2p 1,100,2,1,256,3,3,472.867,461.1,501.4,101,57960.3,573864.7,146.7,15,"{""ok"":3}",0,0,"[{""label"":""middlegame-120:mt100-mpv2-t1-h256:warm1"",""candidates"":[{""move"":""9d8e"",""pvUsi"":[""9d8e"",""5b4b"",""8g8f"",""4b3c"",""5f5c"",""3c2d"",""5c5a+"",""1i1h"",""8c7b"",""1f1g+"",""8e6c+""],""scoreCp"":1715},{""move"":""8g8f"",""pvUsi"":[""8g8f"",""9c9d"",""P*5d"",""5c6c"",""8c7b"",""5g5f"",""4g5f""],""scoreCp"":1602}]},{""label"":""middlegame-120:mt100-mpv2-t1-h256:warm2"",""candidates"":[{""move"":""9d8e"",""pvUsi"":[""9d8e"",""5b4b"",""5f5c+"",""4b3c"",""8g8f"",""3c3d"",""8c7b"",""1i1h"",""9b8a"",""1f1g+"",""N*2f"",""3d2d""],""scoreCp"":1691},{""move"":""8g8f"",""pvUsi"":[""8g8f"",""9c9d"",""P*5d"",""5c6c"",""8c7b"",""5g5f"",""4g5f""],""scoreCp"":1602}]},{""label"":""middlegame-120:mt100-mpv2-t1-h256:warm3"",""candidates"":[{""move"":""9d8e"",""pvUsi"":[""9d8e"",""5b4b"",""5f5c+"",""4b3c"",""8g8f"",""3c3d"",""8c7b"",""1i1h"",""9b8a"",""1f1g+"",""N*2f"",""3d2d""],""scoreCp"":1691},{""move"":""8g8f"",""pvUsi"":[""8g8f"",""9c9d"",""P*5d"",""5c6c"",""8c7b"",""5g5f"",""4g5f""],""scoreCp"":1602}]}]"
middlegame-150,1+Bp6/4+Bgr1p/1P2L1kpn/p4p2n/2Pp2p2/1pG2P3/P2P1S2+l/LKRS+p2PL/1NS1S1+p1g b GN2p 1,100,2,1,256,3,3,572.9,483,778.9,100.333,59329,591187.8,143.3,8.67,"{""incomplete"":1,""ok"":2}",1,0,"[{""label"":""middlegame-150:mt100-mpv2-t1-h256:warm1"",""candidates"":[]},{""label"":""middlegame-150:mt100-mpv2-t1-h256:warm2"",""candidates"":[{""move"":""G*3d"",""pvUsi"":[""G*3d"",""3c2b"",""8a5d"",""1c2e"",""5d4d"",""2b1c"",""4d3e"",""1c2b"",""5b4b"",""3b4b"",""4g5h"",""B*5e"",""6h7g"",""5e7g+"",""8h7g""],""scoreCp"":2622},{""move"":""N*2f"",""pvUsi"":[""N*2f"",""1d2f"",""G*3d"",""3c2b"",""5b4b"",""8f8g+"",""8h8g"",""N*9e"",""8g8h"",""3b3d"",""G*2a"",""2b2a"",""8a5d"",""2a1a""],""scoreCp"":1732}]},{""label"":""middlegame-150:mt100-mpv2-t1-h256:warm3"",""candidates"":[{""move"":""G*3d"",""pvUsi"":[""G*3d"",""3c2b"",""8a5d"",""1c2e"",""5d4d"",""2b1c"",""4d3e"",""1c2b""],""scoreCp"":2885},{""move"":""N*2f"",""pvUsi"":[""N*2f"",""4b5b"",""G*3d"",""3c2b"",""2f1d"",""2b1a"",""5c5b+"",""5h6h"",""7f8f"",""6h7h"",""8h7h"",""3b5b""],""scoreCp"":1646}]}]"
mate-in-one,2p2+B2k/1+B3g2p/1P2L1Gpn/p1P2p3/3p2p2/lpG1NP3/P1KP+p3+l/LS1S2SP+n/1NR1S1+pg1 b RPp 1,100,2,1,256,3,3,484.7,485.7,488.9,100,99312.3,993123.3,153.3,33.33,"{""mate"":3}",0,0,"[{""label"":""mate-in-one:mt100-mpv2-t1-h256:warm1"",""candidates"":[{""move"":""R*3a"",""pvUsi"":[""R*3a""],""scoreMate"":1},{""move"":""4a4b"",""pvUsi"":[""4a4b"",""5g6g"",""6h6g"",""8f8g+"",""8h8g"",""3i3h"",""G*2b""],""scoreMate"":7}]},{""label"":""mate-in-one:mt100-mpv2-t1-h256:warm2"",""candidates"":[{""move"":""R*3a"",""pvUsi"":[""R*3a""],""scoreMate"":1},{""move"":""4a4b"",""pvUsi"":[""4a4b"",""5g6g"",""6h6g"",""8f8g+"",""8h8g"",""3i3h"",""G*2b""],""scoreMate"":7}]},{""label"":""mate-in-one:mt100-mpv2-t1-h256:warm3"",""candidates"":[{""move"":""R*3a"",""pvUsi"":[""R*3a""],""scoreMate"":1},{""move"":""4a4b"",""pvUsi"":[""4a4b"",""5g6g"",""6h6g"",""8f8g+"",""8h8g"",""3i3h"",""G*2b""],""scoreMate"":7}]}]"
single-legal-move,2p5k/4Rg2p/1P2L1Gp1/p1P+B+Bp3/n2p2pnP/l1G2P3/P+pKP1+p2+l/LS1S2SP+n/1NR1S1+pg1 b P 1,100,2,1,256,3,3,496.733,470.6,564.2,100,83726.3,837263.3,143.3,0,"{""incomplete"":3}",3,0,"[{""label"":""single-legal-move:mt100-mpv2-t1-h256:warm1"",""candidates"":[]},{""label"":""single-legal-move:mt100-mpv2-t1-h256:warm2"",""candidates"":[]},{""label"":""single-legal-move:mt100-mpv2-t1-h256:warm3"",""candidates"":[]}]"
sparse-endgame,l+P1+S5/+B1+B4sl/5r+N1n/l3p3p/2g1kS2P/2P3PG1/2S5L/+n1G4pK/P+p1G1R3 b 7Pn2p 1,100,2,1,256,3,3,521.833,541.3,569.2,100,202789,2027890,143.3,50.67,"{""mate"":3}",0,0,"[{""label"":""sparse-endgame:mt100-mpv2-t1-h256:warm1"",""candidates"":[{""move"":""7b5d"",""pvUsi"":[""7b5d""],""scoreMate"":1},{""move"":""4e5f"",""pvUsi"":[""4e5f"",""5e6d"",""4i4c+"",""N*4b"",""7b7c""],""scoreMate"":5}]},{""label"":""sparse-endgame:mt100-mpv2-t1-h256:warm2"",""candidates"":[{""move"":""7b5d"",""pvUsi"":[""7b5d""],""scoreMate"":1},{""move"":""4e5f"",""pvUsi"":[""4e5f"",""5e6d"",""4i4c+"",""N*4b"",""7b7c""],""scoreMate"":5}]},{""label"":""sparse-endgame:mt100-mpv2-t1-h256:warm3"",""candidates"":[{""move"":""7b5d"",""pvUsi"":[""7b5d""],""scoreMate"":1},{""move"":""4e5f"",""pvUsi"":[""4e5f"",""5e6d"",""4i4c+"",""N*4b"",""7b7c""],""scoreMate"":5}]}]"
initial-position,lnsgkgsnl/1r5b1/ppppppppp/9/9/9/PPPPPPPPP/1B5R1/LNSGKGSNL b - 1,100,2,2,256,3,3,687.467,500.3,1063,100,152726,1527260,326.7,5,"{""ok"":1,""incomplete"":2}",2,0,"[{""label"":""initial-position:mt100-mpv2-t2-h256:warm1"",""candidates"":[{""move"":""6i7h"",""pvUsi"":[""6i7h"",""8c8d""],""scoreCp"":51},{""move"":""2g2f"",""pvUsi"":[""2g2f"",""8c8d"",""2f2e"",""4a3b"",""6i7h"",""8d8e"",""9g9f"",""1c1d"",""3i3h"",""9c9d"",""1g1f"",""7a7b"",""5i6h"",""5a4b"",""2e2d"",""2c2d"",""2h2d""],""scoreCp"":35}]},{""label"":""initial-position:mt100-mpv2-t2-h256:warm2"",""candidates"":[]},{""label"":""initial-position:mt100-mpv2-t2-h256:warm3"",""candidates"":[]}]"
quiet-no-mate,1n1g1ksn1/l1rsg2b1/p1pp1p+Bpl/1p2p4/8p/2P3P1P/PP1PPPSP1/3S4R/LNG1KG1NL b P 1,100,2,2,256,3,3,550.8,572.1,597.1,100.333,127240.3,1267866.3,293.3,13.67,"{""ok"":3}",0,0,"[{""label"":""quiet-no-mate:mt100-mpv2-t2-h256:warm1"",""candidates"":[{""move"":""3c2b"",""pvUsi"":[""3c2b"",""3a2b"",""1f1e"",""B*5e"",""B*7g"",""5e7g+"",""6h7g"",""B*6e"",""5i4h"",""7c7d"",""1e1d""],""scoreCp"":1534},{""move"":""3c2c"",""pvUsi"":[""3c2c"",""4a5a"",""1f1e"",""2b9i+"",""1e1d"",""3a2b"",""2c1b"",""L*2c"",""2g2f"",""6b7a"",""8i7g""],""scoreCp"":1523}]},{""label"":""quiet-no-mate:mt100-mpv2-t2-h256:warm2"",""candidates"":[{""move"":""3c2b"",""pvUsi"":[""3c2b"",""3a2b"",""1f1e"",""B*6e"",""5i5h"",""6e7f"",""1e1d"",""1c1d"",""1h1d"",""P*1c"",""1d1e"",""7f8g+"",""B*8c"",""7c7d"",""8c7b+"",""6a7b""],""scoreCp"":1550},{""move"":""3c2c"",""pvUsi"":[""3c2c"",""4a5a"",""2c2b"",""3a2b"",""1f1e"",""B*2c"",""9g9f"",""7b8b""],""scoreCp"":1462}]},{""label"":""quiet-no-mate:mt100-mpv2-t2-h256:warm3"",""candidates"":[{""move"":""3c2b"",""pvUsi"":[""3c2b"",""3a2b"",""1f1e"",""B*6e"",""5i5h"",""6e7f"",""1e1d"",""1c1d"",""1h1d"",""P*1c"",""1d1h"",""7f8g+"",""B*8c"",""6b7a"",""P*1d"",""1c1d"",""1h1d""],""scoreCp"":1543},{""move"":""3c2c"",""pvUsi"":[""3c2c"",""4a5a"",""2c2b"",""3a2b"",""1f1e"",""B*7d"",""1e1d"",""7d4g+"",""1d1c+"",""2b1c"",""B*5f"",""4g5f"",""5g5f""],""scoreCp"":1488}]}]"
sente-middlegame,1nrg3n1/l2s2k2/p1p1gp1pl/1p1pp2s1/6P1p/b1P5P/PP1PPP1P1/L1KSRSG2/1NG4NL b BP 1,100,2,2,256,3,3,528.633,555.2,568.8,100.333,136080,1356030,283.3,9.67,"{""ok"":2,""incomplete"":1}",1,0,"[{""label"":""sente-middlegame:mt100-mpv2-t2-h256:warm1"",""candidates"":[{""move"":""9g9f"",""pvUsi"":[""9g9f"",""7c7d"",""B*8c"",""7d7e"",""8c9b+"",""7e7f"",""L*7d"",""7f7g+"",""6h7g"",""7a7d"",""9b7d""],""scoreCp"":2002},{""move"":""1f1e"",""pvUsi"":[""1f1e"",""9f8e"",""1e1d"",""1c1d"",""1i1d"",""P*1c"",""P*1b"",""1c1d"",""1b1a+"",""7c7d"",""1a2a"",""7d7e"",""3e3d""],""scoreCp"":1267}]},{""label"":""sente-middlegame:mt100-mpv2-t2-h256:warm2"",""candidates"":[{""move"":""9g9f"",""pvUsi"":[""9g9f"",""7c7d"",""B*8c"",""7d7e"",""8c9b+"",""7e7f"",""9b8b"",""8a7c"",""8b7a"",""6a7a"",""R*1b"",""B*2b"",""1b2b+"",""3b2b""],""scoreCp"":1918},{""move"":""3e3d"",""pvUsi"":[""3e3d"",""9f8e"",""1f1e"",""7c7d"",""1e1d"",""1c1d"",""1i1d"",""P*1c"",""1d1c+"",""2d1c"",""2i3g"",""3b4b"",""3g4e"",""1c2d"",""3d3c+"",""2a3c"",""4e5c+"",""4b5c""],""scoreCp"":1228}]},{""label"":""sente-middlegame:mt100-mpv2-t2-h256:warm3"",""candidates"":[]}]"
gote-middlegame,1nrgB2n1/l2s2k2/p1p1gp1pl/1p1pp2s1/6P1p/b1P5P/PP1PPP1P1/L1KSRSG2/1NG4NL w P 1,100,2,2,256,3,3,517.433,505.2,566.8,100,138138.3,1381383.3,280,0,"{""incomplete"":3}",3,0,"[{""label"":""gote-middlegame:mt100-mpv2-t2-h256:warm1"",""candidates"":[]},{""label"":""gote-middlegame:mt100-mpv2-t2-h256:warm2"",""candidates"":[]},{""label"":""gote-middlegame:mt100-mpv2-t2-h256:warm3"",""candidates"":[]}]"
middlegame-60,1nr1g1kn1/l2sb4/p1p1gpppl/1p2p4/3p2P2/1PP2+B1sp/P1KPPP2P/L1G1RSG2/1N2S2NL b p 1,100,2,2,256,3,3,515.367,471.5,604.6,100.333,133677.3,1332345.2,286.7,13.67,"{""ok"":3}",0,0,"[{""label"":""middlegame-60:mt100-mpv2-t2-h256:warm1"",""candidates"":[{""move"":""1g1f"",""pvUsi"":[""1g1f"",""5c4d"",""4f6d"",""3a2b"",""1f1e"",""2f3e"",""5g5f"",""7a6a"",""6d2h"",""8d8e"",""8f8e"",""7c7d""],""scoreCp"":818},{""move"":""3h3g"",""pvUsi"":[""3h3g"",""2f1e"",""1g1f"",""1e2d"",""1f1e"",""1c1e"",""P*1f"",""8d8e"",""1f1e"",""7c7d"",""4f8b"",""8e8f"",""8b7a"",""6b7a""],""scoreCp"":764}]},{""label"":""middlegame-60:mt100-mpv2-t2-h256:warm2"",""candidates"":[{""move"":""1g1f"",""pvUsi"":[""1g1f"",""5c4d"",""1f1e"",""5a4b"",""1e1d"",""1c1d"",""1i1d"",""P*1c"",""1d1c+"",""2a1c"",""3e3d"",""1c2e"",""3d3c+""],""scoreCp"":788},{""move"":""3h3g"",""pvUsi"":[""3h3g"",""2f1g"",""2i1g"",""1f1g+"",""3e3d"",""3c3d"",""5g5f"",""P*1h"",""5f5e"",""5d5e"",""1i1h"",""1g1h"",""P*1b"",""3a2b"",""5h5e""],""scoreCp"":717}]},{""label"":""middlegame-60:mt100-mpv2-t2-h256:warm3"",""candidates"":[{""move"":""1g1f"",""pvUsi"":[""1g1f"",""5c4d"",""4f6d"",""3a3b"",""3h3g"",""2f3e"",""1f1e"",""7a6a"",""1e1d"",""1c1d"",""1i1d""],""scoreCp"":817},{""move"":""3h3g"",""pvUsi"":[""3h3g"",""2f1g"",""3e3d"",""3c3d"",""2i1g"",""1f1g+"",""5g5f"",""5a4b"",""5f5e"",""5d5e"",""5h5e"",""5b6c"",""1i1g"",""1c1g"",""5e1e"",""P*1c"",""1e1g""],""scoreCp"":817}]}]"
middlegame-80,1nsg3nk/l1r6/p1p1gppp1/1p1+B5/1b1pp1P1l/1PP1PP2p/P2P3GN/LKG1R1S1L/1NS1S4 b 2p 1,100,2,2,256,3,3,495.833,499.6,517.5,100.667,123460.7,1226344.1,296.7,5,"{""incomplete"":2,""ok"":1}",2,0,"[{""label"":""middlegame-80:mt100-mpv2-t2-h256:warm1"",""candidates"":[]},{""label"":""middlegame-80:mt100-mpv2-t2-h256:warm2"",""candidates"":[]},{""label"":""middlegame-80:mt100-mpv2-t2-h256:warm3"",""candidates"":[{""move"":""6d5c"",""pvUsi"":[""6d5c"",""8e7f"",""1g2e"",""1a2b"",""G*7g"",""7f9d"",""5c4c"",""6a5b""],""scoreCp"":2145},{""move"":""6d7e"",""pvUsi"":[""6d7e"",""8e9d"",""1g2e"",""5c6c"",""7e3a"",""9d7f"",""7h7g"",""7f9d"",""5f5e"",""6e6f"",""6g6f""],""scoreCp"":1911}]}]"
hand-piece-rich,1n2g4/l1s3k1r/p1+B1gp1pn/Bp7/1PPp5/5P2l/PG1P+pS2N/LK2R3L/1NS1S4 b 2Pg5p 1,100,2,2,256,3,3,509.7,479.7,581.1,100.667,116970.3,1161795.8,286.7,15,"{""ok"":3}",0,0,"[{""label"":""hand-piece-rich:mt100-mpv2-t2-h256:warm1"",""candidates"":[{""move"":""7c5a"",""pvUsi"":[""7c5a"",""9c9d"",""P*3c"",""3b2b"",""5h5g"",""B*4d"",""8h7h"",""P*5f"",""5g5f"",""P*3a"",""P*1d"",""1f1g"",""1d1c+"",""2b1c""],""scoreCp"":1972},{""move"":""9d7b+"",""pvUsi"":[""9d7b+"",""8a7c"",""5h5g"",""P*5f"",""4g5f"",""P*7h"",""7b7c"",""G*6b"",""8h7h"",""6b7c"",""N*4e"",""3b4a"",""4e5c+""],""scoreCp"":1536}]},{""label"":""hand-piece-rich:mt100-mpv2-t2-h256:warm2"",""candidates"":[{""move"":""7c5a"",""pvUsi"":[""7c5a"",""P*3c"",""9d7b+"",""5g5h"",""S*4b"",""3b2a"",""G*3a"",""2a2b"",""4b3c"",""2b3a"",""P*2b"",""1b2b"",""P*3b"",""2b3b"",""3c3b+"",""3a3b""],""scoreCp"":2087},{""move"":""9d7b+"",""pvUsi"":[""9d7b+"",""8a7c"",""5h5g"",""B*3c"",""8h7h"",""P*7g"",""8i7g"",""7c8e"",""P*3d"",""3c7g+"",""8g7g""],""scoreCp"":1510}]},{""label"":""hand-piece-rich:mt100-mpv2-t2-h256:warm3"",""candidates"":[{""move"":""7c5a"",""pvUsi"":[""7c5a"",""9c9d"",""P*3c"",""3b2b"",""5h5g"",""B*4d"",""8h7h"",""P*5f"",""5g5f"",""1f1g+"",""1h1g"",""2b1a"",""P*2b""],""scoreCp"":1950},{""move"":""9d7b+"",""pvUsi"":[""9d7b+"",""8a7c"",""5h5g"",""B*3c"",""8h7h"",""6e6f"",""6g6f"",""1f1g+"",""5g5c+"",""N*9e"",""5c7c"",""9e8g+"",""7h8g""],""scoreCp"":1594}]}]"
middlegame-120,1n2g4/+B1s1k3r/p+P2gp1pn/B8/2Pp2p2/1p2LP2l/PG1P+pS2N/LKR4PL/1NS1S1+p1g b 2P2p 1,100,2,2,256,3,3,601.2,569.1,779.4,101.333,109378.3,1079417,283.3,9.33,"{""ok"":2,""incomplete"":1}",1,0,"[{""label"":""middlegame-120:mt100-mpv2-t2-h256:warm1"",""candidates"":[{""move"":""9d8e"",""pvUsi"":[""9d8e"",""5b4b"",""5f5c+"",""4b3c"",""8g8f"",""3c2d"",""8c7b"",""5g4g"",""9b6e"",""P*8g"",""8h8g"",""4g4f"",""S*2f""],""scoreCp"":1788},{""move"":""8g8f"",""pvUsi"":[""8g8f"",""9c9d"",""8c7b"",""5g5f"",""4g5f"",""P*8e"",""8f8e"",""5b4b"",""P*3d"",""1i1h"",""9b6e"",""1f1g+"",""S*3c"",""4b3a""],""scoreCp"":1505}]},{""label"":""middlegame-120:mt100-mpv2-t2-h256:warm2"",""candidates"":[{""move"":""9d8e"",""pvUsi"":[""9d8e"",""5b4b"",""8g8f"",""5g5f"",""P*5d"",""4b3c"",""5d5c+"",""3c3d"",""4g5f"",""1i1h"",""5f4e"",""3d2d""],""scoreCp"":1621},{""move"":""8g8f"",""pvUsi"":[""8g8f"",""9c9d"",""8c7b"",""B*1a"",""8i7g"",""5g5f"",""4g5f"",""1f1g+"",""1h1g""],""scoreCp"":1586}]},{""label"":""middlegame-120:mt100-mpv2-t2-h256:warm3"",""candidates"":[]}]"
middlegame-150,1+Bp6/4+Bgr1p/1P2L1kpn/p4p2n/2Pp2p2/1pG2P3/P2P1S2+l/LKRS+p2PL/1NS1S1+p1g b GN2p 1,100,2,2,256,3,3,603.733,481.7,855.1,101,123167.3,1219478.6,286.7,4.67,"{""incomplete"":2,""ok"":1}",2,0,"[{""label"":""middlegame-150:mt100-mpv2-t2-h256:warm1"",""candidates"":[]},{""label"":""middlegame-150:mt100-mpv2-t2-h256:warm2"",""candidates"":[{""move"":""G*3d"",""pvUsi"":[""G*3d"",""3c2b"",""5b4b"",""3b3d"",""8a5d"",""G*8g"",""8h9i"",""1c2e"",""4g5h"",""8g7h"",""7i7h"",""8f8g+"",""7h8g"",""1g1h"",""G*3b"",""2b1c""],""scoreCp"":2335},{""move"":""8a5d"",""pvUsi"":[""8a5d"",""4b5b"",""5d3b"",""3c3b"",""5c5b+"",""5h6h"",""7f8f"",""B*5e"",""N*7g"",""6h7h"",""7i7h"",""3b4c""],""scoreCp"":1736}]},{""label"":""middlegame-150:mt100-mpv2-t2-h256:warm3"",""candidates"":[]}]"
mate-in-one,2p2+B2k/1+B3g2p/1P2L1Gpn/p1P2p3/3p2p2/lpG1NP3/P1KP+p3+l/LS1S2SP+n/1NR1S1+pg1 b RPp 1,100,2,2,256,3,3,477.833,476.2,502.4,100.333,193868.7,1931931,280,36.67,"{""mate"":3}",0,0,"[{""label"":""mate-in-one:mt100-mpv2-t2-h256:warm1"",""candidates"":[{""move"":""R*3a"",""pvUsi"":[""R*3a""],""scoreMate"":1},{""move"":""4a4b"",""pvUsi"":[""4a4b"",""5g6g"",""7g6g"",""6e6f"",""7f6f"",""3i3h"",""G*2b""],""scoreMate"":7}]},{""label"":""mate-in-one:mt100-mpv2-t2-h256:warm2"",""candidates"":[{""move"":""R*3a"",""pvUsi"":[""R*3a""],""scoreMate"":1},{""move"":""4a4b"",""pvUsi"":[""4a4b"",""5g6g"",""7g6g"",""6e6f"",""7f6f"",""3i3h"",""G*2b""],""scoreMate"":7}]},{""label"":""mate-in-one:mt100-mpv2-t2-h256:warm3"",""candidates"":[{""move"":""R*3a"",""pvUsi"":[""R*3a""],""scoreMate"":1},{""move"":""4a4b"",""pvUsi"":[""4a4b"",""5g6g"",""6h6g"",""8f8g+"",""8h8g"",""1g2h"",""G*2b""],""scoreMate"":7}]}]"
single-legal-move,2p5k/4Rg2p/1P2L1Gp1/p1P+B+Bp3/n2p2pnP/l1G2P3/P+pKP1+p2+l/LS1S2SP+n/1NR1S1+pg1 b P 1,100,2,2,256,3,3,596.5,471.5,854,100,172407,1724070,280,0,"{""incomplete"":3}",3,0,"[{""label"":""single-legal-move:mt100-mpv2-t2-h256:warm1"",""candidates"":[]},{""label"":""single-legal-move:mt100-mpv2-t2-h256:warm2"",""candidates"":[]},{""label"":""single-legal-move:mt100-mpv2-t2-h256:warm3"",""candidates"":[]}]"
sparse-endgame,l+P1+S5/+B1+B4sl/5r+N1n/l3p3p/2g1kS2P/2P3PG1/2S5L/+n1G4pK/P+p1G1R3 b 7Pn2p 1,100,2,2,256,3,3,532.333,516.6,569.3,100,390401.3,3904013.3,283.3,60.33,"{""mate"":3}",0,0,"[{""label"":""sparse-endgame:mt100-mpv2-t2-h256:warm1"",""candidates"":[{""move"":""7b5d"",""pvUsi"":[""7b5d""],""scoreMate"":1},{""move"":""4e5f"",""pvUsi"":[""4e5f"",""5e6d"",""4i4c+"",""9a9b"",""4c5d""],""scoreMate"":5}]},{""label"":""sparse-endgame:mt100-mpv2-t2-h256:warm2"",""candidates"":[{""move"":""7b5d"",""pvUsi"":[""7b5d""],""scoreMate"":1},{""move"":""4e5f"",""pvUsi"":[""4e5f"",""5e6d"",""4i4c+"",""N*4b"",""R*6c""],""scoreMate"":5}]},{""label"":""sparse-endgame:mt100-mpv2-t2-h256:warm3"",""candidates"":[{""move"":""7b5d"",""pvUsi"":[""7b5d""],""scoreMate"":1},{""move"":""4e5f"",""pvUsi"":[""4e5f"",""5e6d"",""4i4c+"",""9a9b"",""4c5d""],""scoreMate"":5}]}]"
initial-position,lnsgkgsnl/1r5b1/ppppppppp/9/9/9/PPPPPPPPP/1B5R1/LNSGKGSNL b - 1,100,3,1,256,3,3,463.933,456.4,485.5,100.333,79933.7,796705.3,143.3,4.67,"{""incomplete"":2,""ok"":1}",2,0,"[{""label"":""initial-position:mt100-mpv3-t1-h256:warm1"",""candidates"":[]},{""label"":""initial-position:mt100-mpv3-t1-h256:warm2"",""candidates"":[{""move"":""2g2f"",""pvUsi"":[""2g2f"",""4a3b"",""7g7f"",""8c8d"",""7i6h"",""3c3d"",""6h7g"",""3a4b"",""2f2e"",""4b3c"",""6i7h"",""2b3a"",""9g9f"",""5a4a""],""scoreCp"":45},{""move"":""7g7f"",""pvUsi"":[""7g7f"",""8c8d"",""7i6h"",""3c3d"",""6h7g"",""3a4b"",""5g5f"",""4a3b"",""2g2f"",""4b3c"",""2f2e"",""8d8e""],""scoreCp"":43},{""move"":""6i7h"",""pvUsi"":[""6i7h"",""3c3d"",""7g7f"",""9c9d"",""2g2f"",""4c4d"",""2f2e"",""2b3c"",""9g9f"",""8c8d"",""7i6h""],""scoreCp"":40}]},{""label"":""initial-position:mt100-mpv3-t1-h256:warm3"",""candidates"":[]}]"
quiet-no-mate,1n1g1ksn1/l1rsg2b1/p1pp1p+Bpl/1p2p4/8p/2P3P1P/PP1PPPSP1/3S4R/LNG1KG1NL b P 1,100,3,1,256,3,3,485.467,485.3,486.7,101,65336.7,646897.7,146.7,14,"{""ok"":3}",0,0,"[{""label"":""quiet-no-mate:mt100-mpv3-t1-h256:warm1"",""candidates"":[{""move"":""3c2b"",""pvUsi"":[""3c2b"",""3a2b"",""1f1e"",""B*3c"",""1e1d"",""3c9i+"",""1d1c+"",""2b1c"",""B*8c"",""7c7d"",""8c7b+"",""6a7b"",""R*6a"",""5b5a"",""6a8a+""],""scoreCp"":1521},{""move"":""3c2c"",""pvUsi"":[""3c2c"",""4a5a"",""2c2b"",""3a2b"",""1f1e"",""B*4d"",""6h7g"",""6b5c""],""scoreCp"":1468},{""move"":""3c3d"",""pvUsi"":[""3c3d"",""2b9i+"",""1f1e"",""9i2b"",""1e1d"",""1c1d"",""1h1d"",""L*1c"",""1d1c+"",""2a1c"",""P*1d"",""P*1b"",""5i5h""],""scoreCp"":776}]},{""label"":""quiet-no-mate:mt100-mpv3-t1-h256:warm2"",""candidates"":[{""move"":""3c2b"",""pvUsi"":[""3c2b"",""3a2b"",""1f1e"",""B*3c"",""1e1d"",""3c9i+"",""1d1c+"",""2b1c"",""B*8c"",""7c7d"",""8c7b+"",""6a7b"",""R*6a"",""5b5a"",""6a8a+""],""scoreCp"":1521},{""move"":""3c2c"",""pvUsi"":[""3c2c"",""4a5a"",""2c2b"",""3a2b"",""1f1e"",""B*4d"",""6h7g"",""6b5c""],""scoreCp"":1468},{""move"":""3c3d"",""pvUsi"":[""3c3d"",""2b9i+"",""1f1e"",""9i2b"",""1e1d"",""1c1d"",""1h1d"",""L*1c"",""1d1c+"",""2a1c"",""P*1d"",""P*1b"",""5i5h""],""scoreCp"":776}]},{""label"":""quiet-no-mate:mt100-mpv3-t1-h256:warm3"",""candidates"":[{""move"":""3c2b"",""pvUsi"":[""3c2b"",""3a2b"",""1f1e"",""B*3c"",""1e1d"",""3c9i+"",""1d1c+"",""2b1c"",""B*8c"",""7c7d"",""8c7b+"",""6a7b"",""R*6a"",""5b5a"",""6a8a+""],""scoreCp"":1521},{""move"":""3c2c"",""pvUsi"":[""3c2c"",""4a5a"",""2c2b"",""3a2b"",""1f1e"",""B*4d"",""6h7g"",""6b5c""],""scoreCp"":1468},{""move"":""3c3d"",""pvUsi"":[""3c3d"",""2b9i+"",""1f1e"",""9i2b"",""1e1d"",""1c1d"",""1h1d"",""L*1c"",""1d1c+"",""2a1c"",""P*1d"",""P*1b"",""5i5h""],""scoreCp"":776}]}]"
sente-middlegame,1nrg3n1/l2s2k2/p1p1gp1pl/1p1pp2s1/6P1p/b1P5P/PP1PPP1P1/L1KSRSG2/1NG4NL b BP 1,100,3,1,256,3,3,469.233,459,496,100.333,72407.7,721768.4,143.3,9.33,"{""incomplete"":1,""ok"":2}",1,0,"[{""label"":""sente-middlegame:mt100-mpv3-t1-h256:warm1"",""candidates"":[]},{""label"":""sente-middlegame:mt100-mpv3-t1-h256:warm2"",""candidates"":[{""move"":""9g9f"",""pvUsi"":[""9g9f"",""7c7d"",""5g5f"",""7d7e"",""7f7e"",""1e1f"",""3e3d"",""8d8e"",""2g2f"",""7a7e"",""P*7g""],""scoreCp"":1934},{""move"":""1f1e"",""pvUsi"":[""1f1e"",""9f6c"",""1e1d"",""1c1d"",""1i1d"",""P*1c"",""P*1b"",""1c1d"",""1b1a+""],""scoreCp"":1155},{""move"":""3e3d"",""pvUsi"":[""3e3d"",""9f6c"",""1f1e"",""1c1e"",""1i1e"",""2d1e"",""4g4f"",""1e2d"",""4h4g"",""7c7d"",""2i3g"",""3b4b"",""3g4e""],""scoreCp"":1140}]},{""label"":""sente-middlegame:mt100-mpv3-t1-h256:warm3"",""candidates"":[{""move"":""9g9f"",""pvUsi"":[""9g9f"",""7c7d"",""5g5f"",""7d7e"",""7f7e"",""1e1f"",""3e3d"",""8d8e"",""2g2f"",""7a7e"",""P*7g""],""scoreCp"":1934},{""move"":""1f1e"",""pvUsi"":[""1f1e"",""9f6c"",""1e1d"",""1c1d"",""1i1d"",""P*1c"",""P*1b"",""1c1d"",""1b1a+""],""scoreCp"":1155},{""move"":""3e3d"",""pvUsi"":[""3e3d"",""9f6c"",""1f1e"",""1c1e"",""1i1e"",""2d1e"",""4g4f"",""1e2d"",""4h4g"",""7c7d"",""2i3g"",""3b4b"",""3g4e""],""scoreCp"":1140}]}]"
gote-middlegame,1nrgB2n1/l2s2k2/p1p1gp1pl/1p1pp2s1/6P1p/b1P5P/PP1PPP1P1/L1KSRSG2/1NG4NL w P 1,100,3,1,256,3,3,452.5,452.4,457.4,100.333,71177.3,709563.6,143.3,0,"{""incomplete"":3}",3,0,"[{""label"":""gote-middlegame:mt100-mpv3-t1-h256:warm1"",""candidates"":[]},{""label"":""gote-middlegame:mt100-mpv3-t1-h256:warm2"",""candidates"":[]},{""label"":""gote-middlegame:mt100-mpv3-t1-h256:warm3"",""candidates"":[]}]"
middlegame-60,1nr1g1kn1/l2sb4/p1p1gpppl/1p2p4/3p2P2/1PP2+B1sp/P1KPPP2P/L1G1RSG2/1N2S2NL b p 1,100,3,1,256,3,3,456.7,456.4,457.9,100.333,67334.3,671105.6,143.3,0,"{""incomplete"":3}",3,0,"[{""label"":""middlegame-60:mt100-mpv3-t1-h256:warm1"",""candidates"":[]},{""label"":""middlegame-60:mt100-mpv3-t1-h256:warm2"",""candidates"":[]},{""label"":""middlegame-60:mt100-mpv3-t1-h256:warm3"",""candidates"":[]}]"
middlegame-80,1nsg3nk/l1r6/p1p1gppp1/1p1+B5/1b1pp1P1l/1PP1PP2p/P2P3GN/LKG1R1S1L/1NS1S4 b 2p 1,100,3,1,256,3,3,457.367,456.3,460.6,100.333,62914,627089.9,146.7,14.67,"{""ok"":3}",0,0,"[{""label"":""middlegame-80:mt100-mpv3-t1-h256:warm1"",""candidates"":[{""move"":""6d5c"",""pvUsi"":[""6d5c"",""8e7f"",""G*7g"",""6a5b"",""5c3a"",""7f9h+"",""8h9h"",""1f1g+"",""2g1g"",""1a1b""],""scoreCp"":2166},{""move"":""6d7e"",""pvUsi"":[""6d7e"",""8e9d"",""1g2e"",""7a6b"",""2g2f"",""1f1g+"",""2f1e"",""1g1h"",""3e3d"",""3c3d""],""scoreCp"":1930},{""move"":""6d5e"",""pvUsi"":[""6d5e"",""1f1g+"",""8f8e"",""1g1h"",""3e3d"",""5c4d"",""5e7g"",""4d3d"",""2g2f"",""1a1b"",""2f1e"",""7b8b"",""L*2f""],""scoreCp"":1666}]},{""label"":""middlegame-80:mt100-mpv3-t1-h256:warm2"",""candidates"":[{""move"":""6d5c"",""pvUsi"":[""6d5c"",""8e7f"",""G*7g"",""6a5b"",""5c3a"",""7f9h+"",""8h9h"",""1f1g+"",""2g1g"",""1a1b""],""scoreCp"":2166},{""move"":""6d7e"",""pvUsi"":[""6d7e"",""8e9d"",""1g2e"",""7a6b"",""2g2f"",""1f1g+"",""2f1e"",""1g1h"",""3e3d"",""3c3d""],""scoreCp"":1930},{""move"":""6d5e"",""pvUsi"":[""6d5e"",""1f1g+"",""8f8e"",""1g1h"",""3e3d"",""5c4d"",""5e7g"",""4d3d"",""2g2f"",""1a1b"",""2f1e"",""7b8b"",""L*2f""],""scoreCp"":1666}]},{""label"":""middlegame-80:mt100-mpv3-t1-h256:warm3"",""candidates"":[{""move"":""6d5c"",""pvUsi"":[""6d5c"",""8e7f"",""G*7g"",""6a5b"",""5c3a"",""7f9h+"",""8h9h"",""1f1g+"",""2g1g"",""1a1b""],""scoreCp"":2166},{""move"":""6d7e"",""pvUsi"":[""6d7e"",""8e9d"",""1g2e"",""7a6b"",""2g2f"",""1f1g+"",""2f1e"",""1g1h"",""3e3d"",""3c3d""],""scoreCp"":1930},{""move"":""6d5e"",""pvUsi"":[""6d5e"",""1f1g+"",""8f8e"",""1g1h"",""3e3d"",""5c4d"",""5e7g"",""4d3d"",""2g2f"",""1a1b"",""2f1e"",""7b8b"",""L*2f""],""scoreCp"":1666}]}]"
hand-piece-rich,1n2g4/l1s3k1r/p1+B1gp1pn/Bp7/1PPp5/5P2l/PG1P+pS2N/LK2R3L/1NS1S4 b 2Pg5p 1,100,3,1,256,3,3,474.067,470.7,488.9,100.667,54585.7,542417.7,150,4.33,"{""incomplete"":2,""ok"":1}",2,0,"[{""label"":""hand-piece-rich:mt100-mpv3-t1-h256:warm1"",""candidates"":[]},{""label"":""hand-piece-rich:mt100-mpv3-t1-h256:warm2"",""candidates"":[{""move"":""7c5a"",""pvUsi"":[""7c5a"",""9c9d"",""P*3c"",""3b2a"",""G*3b"",""2a1a"",""5h5g"",""P*3a"",""P*2b"",""3a3b"",""3c3b+""],""scoreCp"":1915},{""move"":""9d7b+"",""pvUsi"":[""9d7b+"",""8a7c"",""5h5g"",""B*3c"",""8h7h"",""P*7g"",""7h6h"",""G*7h"",""7i7h"",""7g7h+"",""6h7h""],""scoreCp"":1374},{""move"":""P*3c"",""pvUsi"":[""P*3c"",""3b4a"",""7c7d"",""G*6c"",""5h5g"",""P*5d"",""7d6c"",""7b6c"",""9d8c+"",""B*4d"",""P*5e"",""1f1g+"",""1h1g"",""4d1g+"",""5e5d"",""1g4d"",""8h7h"",""6c5d""],""scoreCp"":1172}]},{""label"":""hand-piece-rich:mt100-mpv3-t1-h256:warm3"",""candidates"":[]}]"
middlegame-120,1n2g4/+B1s1k3r/p+P2gp1pn/B8/2Pp2p2/1p2LP2l/PG1P+pS2N/LKR4PL/1NS1S1+p1g b 2P2p 1,100,3,1,256,3,3,459.367,461.5,465.3,101,53021.7,524967,143.3,13.33,"{""ok"":3}",0,0,"[{""label"":""middlegame-120:mt100-mpv3-t1-h256:warm1"",""candidates"":[{""move"":""9d8e"",""pvUsi"":[""9d8e"",""5b4b"",""8g8f"",""4b3c"",""8c7b"",""3c2d"",""5f5c+"",""1i1h"",""9b8a"",""P*8g"",""8h8g"",""1f1g+"",""5c4c""],""scoreCp"":1664},{""move"":""8g8f"",""pvUsi"":[""8g8f"",""9c9d"",""P*5d"",""5c6c"",""8c7b"",""B*1a"",""8h8g"",""5b4a""],""scoreCp"":1541},{""move"":""5f5c"",""pvUsi"":[""5f5c"",""5b5c"",""8g8f"",""9c9d"",""8c7b"",""P*8e"",""8f7f"",""5g6g"",""9b6e"",""6g7h"",""7i7h"",""1b7b"",""S*5d"",""5c4d""],""scoreCp"":1474}]},{""label"":""middlegame-120:mt100-mpv3-t1-h256:warm2"",""candidates"":[{""move"":""9d8e"",""pvUsi"":[""9d8e"",""5b4b"",""8g8f"",""4b3c"",""8c7b"",""3c2d"",""5f5c+"",""1i1h"",""9b8a"",""P*8g"",""8h8g"",""1f1g+"",""5c4c""],""scoreCp"":1664},{""move"":""8g8f"",""pvUsi"":[""8g8f"",""9c9d"",""P*5d"",""5c6c"",""8c7b"",""B*1a"",""8h8g"",""5b4a""],""scoreCp"":1541},{""move"":""5f5c+"",""pvUsi"":[""5f5c+"",""5b5c"",""8g8f"",""9c9d"",""8c7b"",""P*8e"",""8f7f"",""5g6g"",""9b6e"",""5c4b"",""P*3d"",""6g7h"",""7i7h""],""scoreCp"":1376}]},{""label"":""middlegame-120:mt100-mpv3-t1-h256:warm3"",""candidates"":[{""move"":""9d8e"",""pvUsi"":[""9d8e"",""5b4b"",""8g8f"",""4b3c"",""8c7b"",""3c2d"",""5f5c+"",""1i1h"",""9b8a"",""P*8g"",""8h8g"",""1f1g+"",""5c4c""],""scoreCp"":1664},{""move"":""8g8f"",""pvUsi"":[""8g8f"",""9c9d"",""P*5d"",""5c6c"",""8c7b"",""B*1a"",""8h8g"",""5b4a""],""scoreCp"":1541},{""move"":""5f5c+"",""pvUsi"":[""5f5c+"",""5b5c"",""8g8f"",""9c9d"",""8c7b"",""P*8e"",""8f7f"",""5g6g"",""9b6e"",""5c4b"",""P*3d"",""6g7h"",""7i7h""],""scoreCp"":1376}]}]"
middlegame-150,1+Bp6/4+Bgr1p/1P2L1kpn/p4p2n/2Pp2p2/1pG2P3/P2P1S2+l/LKRS+p2PL/1NS1S1+p1g b GN2p 1,100,3,1,256,3,3,629.9,467.5,958,100.333,61462,612556.1,146.7,0,"{""incomplete"":3}",3,0,"[{""label"":""middlegame-150:mt100-mpv3-t1-h256:warm1"",""candidates"":[]},{""label"":""middlegame-150:mt100-mpv3-t1-h256:warm2"",""candidates"":[]},{""label"":""middlegame-150:mt100-mpv3-t1-h256:warm3"",""candidates"":[]}]"
mate-in-one,2p2+B2k/1+B3g2p/1P2L1Gpn/p1P2p3/3p2p2/lpG1NP3/P1KP+p3+l/LS1S2SP+n/1NR1S1+pg1 b RPp 1,100,3,1,256,3,3,480.9,477.7,506.2,100,89396.7,893966.7,146.7,0,"{""incomplete"":3}",3,0,"[{""label"":""mate-in-one:mt100-mpv3-t1-h256:warm1"",""candidates"":[]},{""label"":""mate-in-one:mt100-mpv3-t1-h256:warm2"",""candidates"":[]},{""label"":""mate-in-one:mt100-mpv3-t1-h256:warm3"",""candidates"":[]}]"
single-legal-move,2p5k/4Rg2p/1P2L1Gp1/p1P+B+Bp3/n2p2pnP/l1G2P3/P+pKP1+p2+l/LS1S2SP+n/1NR1S1+pg1 b P 1,100,3,1,256,3,3,623.4,522.3,885.2,100.333,84757,844928.3,146.7,0,"{""incomplete"":3}",3,0,"[{""label"":""single-legal-move:mt100-mpv3-t1-h256:warm1"",""candidates"":[]},{""label"":""single-legal-move:mt100-mpv3-t1-h256:warm2"",""candidates"":[]},{""label"":""single-legal-move:mt100-mpv3-t1-h256:warm3"",""candidates"":[]}]"
sparse-endgame,l+P1+S5/+B1+B4sl/5r+N1n/l3p3p/2g1kS2P/2P3PG1/2S5L/+n1G4pK/P+p1G1R3 b 7Pn2p 1,100,3,1,256,3,3,474.533,473.7,486.6,100,147903,1479030,150,13.67,"{""mate"":1,""incomplete"":2}",2,0,"[{""label"":""sparse-endgame:mt100-mpv3-t1-h256:warm1"",""candidates"":[{""move"":""7b5d"",""pvUsi"":[""7b5d""],""scoreMate"":1},{""move"":""4e5f"",""pvUsi"":[""4e5f"",""5e6d"",""4i4c+"",""7e7f"",""R*6e""],""scoreMate"":5},{""move"":""3c4c"",""pvUsi"":[""3c4c"",""5e6d"",""R*6c"",""6d5e"",""9b5f""],""scoreMate"":5}]},{""label"":""sparse-endgame:mt100-mpv3-t1-h256:warm2"",""candidates"":[]},{""label"":""sparse-endgame:mt100-mpv3-t1-h256:warm3"",""candidates"":[]}]"
initial-position,lnsgkgsnl/1r5b1/ppppppppp/9/9/9/PPPPPPPPP/1B5R1/LNSGKGSNL b - 1,100,3,2,256,3,3,520.267,508.7,568.2,100,156970,1569700,293.3,0,"{""incomplete"":3}",3,0,"[{""label"":""initial-position:mt100-mpv3-t2-h256:warm1"",""candidates"":[]},{""label"":""initial-position:mt100-mpv3-t2-h256:warm2"",""candidates"":[]},{""label"":""initial-position:mt100-mpv3-t2-h256:warm3"",""candidates"":[]}]"
quiet-no-mate,1n1g1ksn1/l1rsg2b1/p1pp1p+Bpl/1p2p4/8p/2P3P1P/PP1PPPSP1/3S4R/LNG1KG1NL b P 1,100,3,2,256,3,3,515.367,507.2,565.5,100.333,139134,1386747,283.3,9.33,"{""incomplete"":1,""ok"":2}",1,0,"[{""label"":""quiet-no-mate:mt100-mpv3-t2-h256:warm1"",""candidates"":[]},{""label"":""quiet-no-mate:mt100-mpv3-t2-h256:warm2"",""candidates"":[{""move"":""3c2b"",""pvUsi"":[""3c2b"",""3a2b"",""1f1e"",""B*3c"",""B*7g"",""3c7g+"",""6h7g"",""B*7d"",""5i5h"",""6b5c"",""1e1d"",""1c1d"",""P*1e""],""scoreCp"":1574},{""move"":""3c2c"",""pvUsi"":[""3c2c"",""4a5a"",""2c2b"",""3a2b"",""1f1e"",""B*4d"",""1e1d"",""4d9i+"",""1d1c+"",""2a1c"",""B*8c"",""1c2e"",""1h1b+"",""2e3g"",""2i3g""],""scoreCp"":1510},{""move"":""3c3d"",""pvUsi"":[""3c3d"",""2b9i+"",""1f1e"",""4a5a"",""6h7g"",""7c7d"",""1e1d"",""1c1d"",""1h1d"",""L*1c""],""scoreCp"":731}]},{""label"":""quiet-no-mate:mt100-mpv3-t2-h256:warm3"",""candidates"":[{""move"":""3c2b"",""pvUsi"":[""3c2b"",""3a2b"",""1f1e"",""B*4d"",""B*7g"",""4d7g+"",""8i7g"",""7c7d"",""B*1b"",""7d7e"",""1b2a+""],""scoreCp"":1511},{""move"":""3c2c"",""pvUsi"":[""3c2c"",""4a5a"",""2c2b"",""3a2b"",""1f1e"",""B*3c"",""1e1d"",""1c1d"",""1h1d"",""P*1c"",""1d3d"",""7b8b"",""3d3c+"",""2b3c""],""scoreCp"":1511},{""move"":""3c3d"",""pvUsi"":[""3c3d"",""2b9i+"",""1f1e"",""4a5a"",""3d5f"",""9i2b"",""5f6f"",""6b5c"",""1e1d"",""1c1d"",""1h1d"",""L*1c"",""1d3d"",""P*3c"",""1i1c+"",""2b1c"",""P*1d"",""3c3d""],""scoreCp"":830}]}]"
sente-middlegame,1nrg3n1/l2s2k2/p1p1gp1pl/1p1pp2s1/6P1p/b1P5P/PP1PPP1P1/L1KSRSG2/1NG4NL b BP 1,100,3,2,256,3,3,493.533,490.8,518.1,100.333,134284.3,1338362.4,283.3,9.33,"{""ok"":2,""incomplete"":1}",1,0,"[{""label"":""sente-middlegame:mt100-mpv3-t2-h256:warm1"",""candidates"":[{""move"":""9g9f"",""pvUsi"":[""9g9f"",""7c7d"",""B*8c"",""1e1f"",""8c9b+"",""7d7e"",""7f7e"",""6a5b"",""3e3d"",""7a7e"",""P*7g""],""scoreCp"":2054},{""move"":""3e3d"",""pvUsi"":[""3e3d"",""9f8e""],""scoreCp"":1220},{""move"":""1f1e"",""pvUsi"":[""1f1e"",""9f8e"",""3e3d"",""7c7d"",""B*8c"",""7d7e"",""8c9b+"",""7e7f"",""7h6i"",""1c1e"",""1i1e"",""2d1e""],""scoreCp"":1152}]},{""label"":""sente-middlegame:mt100-mpv3-t2-h256:warm2"",""candidates"":[{""move"":""9g9f"",""pvUsi"":[""9g9f"",""7c7d"",""B*8c"",""1e1f"",""8c9b+"",""7d7e"",""L*7d"",""8a7c"",""9b8b"",""7e7f"",""8b7a"",""6a7a"",""7d7c+"",""6b7c"",""P*7g"",""7f7g+"",""6h7g""],""scoreCp"":1978},{""move"":""1f1e"",""pvUsi"":[""1f1e"",""9f8e"",""1e1d"",""1c1d"",""1i1d"",""P*1c"",""P*1b"",""7c7d"",""1b1a+"",""7d7e"",""1a2a"",""1c1d"",""3e3d"",""7e7f"",""7h6i"",""4c4d"",""4h5i"",""L*7c"",""L*3c"",""3b2a""],""scoreCp"":1277},{""move"":""2i3g"",""pvUsi"":[""2i3g"",""9f8e"",""1f1e"",""1c1e"",""1i1e"",""2d1e"",""3e3d"",""3b4b"",""P*1b"",""P*3f"",""3g4e""],""scoreCp"":1093}]},{""label"":""sente-middlegame:mt100-mpv3-t2-h256:warm3"",""candidates"":[]}]"
gote-middlegame,1nrgB2n1/l2s2k2/p1p1gp1pl/1p1pp2s1/6P1p/b1P5P/PP1PPP1P1/L1KSRSG2/1NG4NL w P 1,100,3,2,256,3,3,594.7,576.2,676.1,100,140352,1403520,276.7,0,"{""incomplete"":3}",3,0,"[{""label"":""gote-middlegame:mt100-mpv3-t2-h256:warm1"",""candidates"":[]},{""label"":""gote-middlegame:mt100-mpv3-t2-h256:warm2"",""candidates"":[]},{""label"":""gote-middlegame:mt100-mpv3-t2-h256:warm3"",""candidates"":[]}]"
middlegame-60,1nr1g1kn1/l2sb4/p1p1gpppl/1p2p4/3p2P2/1PP2+B1sp/P1KPPP2P/L1G1RSG2/1N2S2NL b p 1,100,3,2,256,3,3,487.967,493.5,498.6,100.333,139176.7,1387252.2,283.3,4.67,"{""incomplete"":2,""ok"":1}",2,0,"[{""label"":""middlegame-60:mt100-mpv3-t2-h256:warm1"",""candidates"":[]},{""label"":""middlegame-60:mt100-mpv3-t2-h256:warm2"",""candidates"":[]},{""label"":""middlegame-60:mt100-mpv3-t2-h256:warm3"",""candidates"":[{""move"":""1g1f"",""pvUsi"":[""1g1f"",""5c4d"",""4f6d"",""3a2b"",""3h3g"",""2f3e"",""1f1e"",""7c7d"",""6d8b"",""7d7e"",""1e1d"",""1c1d"",""1i1d"",""7e7f"",""7g6h""],""scoreCp"":740},{""move"":""4h3g"",""pvUsi"":[""4h3g"",""2f1g+"",""5g5f"",""5a4b"",""5f5e"",""5d5e"",""4f5e"",""P*5d"",""5e5f"",""4b3b"",""P*1b"",""3a2b"",""1b1a+"",""2b1a"",""2i1g"",""1f1g+""],""scoreCp"":637},{""move"":""3h3g"",""pvUsi"":[""3h3g"",""2f1g+"",""3e3d"",""3c3d"",""5g5f"",""5a4b"",""2i1g"",""1f1g+""],""scoreCp"":628}]}]"
middlegame-80,1nsg3nk/l1r6/p1p1gppp1/1p1+B5/1b1pp1P1l/1PP1PP2p/P2P3GN/LKG1R1S1L/1NS1S4 b 2p 1,100,3,2,256,3,3,684.367,565.5,1013.2,100.667,127327.3,1264656.6,283.3,4.67,"{""incomplete"":2,""ok"":1}",2,0,"[{""label"":""middlegame-80:mt100-mpv3-t2-h256:warm1"",""candidates"":[]},{""label"":""middlegame-80:mt100-mpv3-t2-h256:warm2"",""candidates"":[{""move"":""6d5c"",""pvUsi"":[""6d5c"",""8e7f"",""1g2e"",""1a2b"",""5f5e"",""1f1g+"",""P*7g"",""6a5b"",""5c7e"",""7f9d"",""5e5d"",""1g2g"",""1h1e"",""8d8e"",""8f8e""],""scoreCp"":2168},{""move"":""6d7e"",""pvUsi"":[""6d7e"",""8e7d"",""1g2e"",""6a5b"",""5f5e"",""8d8e"",""2g2f""],""scoreCp"":1882},{""move"":""6d5e"",""pvUsi"":[""6d5e"",""8e6c"",""1g2e"",""1a1b"",""P*1c"",""2a1c"",""2e1c+"",""1b1c""],""scoreCp"":1605}]},{""label"":""middlegame-80:mt100-mpv3-t2-h256:warm3"",""candidates"":[]}]"
hand-piece-rich,1n2g4/l1s3k1r/p1+B1gp1pn/Bp7/1PPp5/5P2l/PG1P+pS2N/LK2R3L/1NS1S4 b 2Pg5p 1,100,3,2,256,3,3,483.233,479.2,496.2,101,109758,1086402,286.7,9,"{""ok"":2,""incomplete"":1}",1,0,"[{""label"":""hand-piece-rich:mt100-mpv3-t2-h256:warm1"",""candidates"":[{""move"":""7c5a"",""pvUsi"":[""7c5a"",""9c9d"",""P*3c"",""3b2b"",""5h5g"",""B*4d"",""8h7h"",""2b1a"",""P*1d"",""1f1g"",""1d1c+"",""1b1c"",""N*3d"",""N*8f"",""8g8f""],""scoreCp"":1945},{""move"":""9d7b+"",""pvUsi"":[""9d7b+"",""8a7c"",""5h5g"",""B*3c"",""8h7h"",""P*5f"",""5g5f"",""P*5e"",""5f7f"",""7c8e""],""scoreCp"":1434},{""move"":""P*3c"",""pvUsi"":[""P*3c"",""3b4a"",""9d7b+"",""8a7c"",""5h5g"",""P*5f"",""5g5f"",""1b7b""],""scoreCp"":1305}]},{""label"":""hand-piece-rich:mt100-mpv3-t2-h256:warm2"",""candidates"":[]},{""label"":""hand-piece-rich:mt100-mpv3-t2-h256:warm3"",""candidates"":[{""move"":""7c5a"",""pvUsi"":[""7c5a"",""5g5h"",""P*3c"",""3b2a"",""G*3b"",""2a1a"",""P*2b"",""1b2b"",""3b2b"",""1a2b"",""9d7b+"",""R*6i""],""scoreCp"":1964},{""move"":""9d7b+"",""pvUsi"":[""9d7b+"",""8a7c"",""5h5g"",""P*5f"",""5g5f"",""P*5e"",""5f7f"",""7c8e"",""P*5d"",""5c4d"",""5d5c+"",""5e5f"",""7f5f""],""scoreCp"":1515},{""move"":""P*3c"",""pvUsi"":[""P*3c"",""3b4b"",""9d7b+"",""8a7c"",""5h5g"",""7c8e"",""P*5d"",""4b3c"",""7b7c"",""5a6b"",""7c5e"",""5c4d"",""5e6e"",""3c2d"",""5d5c+"",""4d3d"",""6e6f""],""scoreCp"":1324}]}]"
middlegame-120,1n2g4/+B1s1k3r/p+P2gp1pn/B8/2Pp2p2/1p2LP2l/PG1P+pS2N/LKR4PL/1NS1S1+p1g b 2P2p 1,100,3,2,256,3,3,570.8,597.3,611.7,100.667,102122,1014570.3,286.7,13,"{""ok"":3}",0,0,"[{""label"":""middlegame-120:mt100-mpv3-t2-h256:warm1"",""candidates"":[{""move"":""9d8e"",""pvUsi"":[""9d8e"",""5b4b"",""8g8f"",""5g5f"",""P*3d"",""5f4g"",""8c7b"",""L*8d"",""S*3c"",""4b3a"",""9b7d"",""8d8e"",""7d8e"",""B*5e"",""8h8g"",""1f1g+"",""1h1g""],""scoreCp"":1648},{""move"":""8g8f"",""pvUsi"":[""8g8f"",""9c9d"",""P*5d"",""5b4b"",""5d5c+"",""4b3c"",""5c4c"",""3c3d""],""scoreCp"":1483},{""move"":""5f5c+"",""pvUsi"":[""5f5c+"",""5b5c"",""8g8f"",""9c9d"",""8c7b"",""5g6g"",""9b6e"",""6g7h"",""7i7h"",""5c4b"",""7b8a"",""R*5g"",""N*5d"",""4b4a"",""6e7d"",""4a3a""],""scoreCp"":1381}]},{""label"":""middlegame-120:mt100-mpv3-t2-h256:warm2"",""candidates"":[{""move"":""9d8e"",""pvUsi"":[""9d8e"",""5b4b"",""5f5c+"",""4b3c"",""8g8f"",""1i1h"",""8c7b"",""3c3d"",""9b6e"",""1f1g+"",""6e4c"",""3d2d""],""scoreCp"":1647},{""move"":""8g8f"",""pvUsi"":[""8g8f"",""9c9d"",""8c7b"",""5g5f"",""4g5f"",""3i4i"",""P*5d"",""5c5d"",""9b7d"",""L*6c"",""7b8a"",""4i5i""],""scoreCp"":1443},{""move"":""5f5c+"",""pvUsi"":[""5f5c+"",""5b5c"",""8g8f"",""9c9d"",""8c7b"",""5g6g"",""9b6e"",""6g7h"",""7i7h"",""5c4b"",""7b8a"",""4b3c"",""N*2e"",""3c2d""],""scoreCp"":1344}]},{""label"":""middlegame-120:mt100-mpv3-t2-h256:warm3"",""candidates"":[{""move"":""9d8e"",""pvUsi"":[""9d8e"",""5b4b"",""8g8f"",""4b3c"",""5f5c"",""3c2d"",""5c5a+"",""1i1h"",""8e4a+"",""2d1e"",""8c7b"",""P*8e"",""4a2c""],""scoreCp"":1683},{""move"":""8g8f"",""pvUsi"":[""8g8f"",""9c9d"",""P*5d"",""5c6c"",""8c7b"",""5g6g"",""5d5c+"",""6c5c"",""9b7d"",""5b4b"",""5f5c+"",""4b5c"",""P*5d"",""5c5d"",""S*4e"",""5d5c""],""scoreCp"":1442},{""move"":""5f5c+"",""pvUsi"":[""5f5c+"",""5b5c"",""8g8f"",""9c9d"",""8c7b"",""5g6g"",""9b6e"",""6g7h"",""7i7h"",""R*5g"",""P*5d"",""5c4b"",""P*3d"",""P*8e"",""S*3c"",""4b4a"",""6e7d"",""4a3a""],""scoreCp"":1257}]}]"
middlegame-150,1+Bp6/4+Bgr1p/1P2L1kpn/p4p2n/2Pp2p2/1pG2P3/P2P1S2+l/LKRS+p2PL/1NS1S1+p1g b GN2p 1,100,3,2,256,3,3,604.8,581.6,757.9,100.667,121117.7,1202930.3,286.7,12.67,"{""ok"":3}",0,0,"[{""label"":""middlegame-150:mt100-mpv3-t2-h256:warm1"",""candidates"":[{""move"":""G*3d"",""pvUsi"":[""G*3d"",""3c2b"",""5b4b"",""3b3d"",""7f8f"",""G*3b"",""4b3b"",""2b3b"",""8a5d"",""3b3c"",""1h1g"",""5h6h""],""scoreCp"":2242},{""move"":""8a5d"",""pvUsi"":[""8a5d"",""4b5b"",""5d3b"",""3c3b"",""5c5b+"",""5h6h"",""7f8f"",""3b3c"",""R*3a"",""3c2d"",""1h1g"",""6h7h"",""8h7h""],""scoreCp"":1665},{""move"":""N*2f"",""pvUsi"":[""N*2f"",""4b5b"",""G*3d"",""3c2b"",""2f1d"",""2b1a""],""scoreCp"":1565}]},{""label"":""middlegame-150:mt100-mpv3-t2-h256:warm2"",""candidates"":[{""move"":""G*3d"",""pvUsi"":[""G*3d"",""3c2b"",""5b4b"",""3b3d"",""7f8f"",""G*3b"",""4b5a"",""5h6h"",""5i6h"",""P*8e"",""8f8e"",""1i1h"",""8a6c"",""P*8g"",""8h8g""],""scoreCp"":2305},{""move"":""8a5d"",""pvUsi"":[""8a5d"",""4b5b"",""5d3b"",""3c3b"",""5c5b+"",""5h6h"",""7f8f"",""P*8e"",""7h6h"",""8e8f""],""scoreCp"":1604},{""move"":""N*2f"",""pvUsi"":[""N*2f"",""4b5b"",""G*3d"",""3c2b"",""2f1d"",""2b1a"",""7f8f"",""5h6h"",""5i6h"",""5b5c"",""P*3c"",""L*8d"",""6h7g"",""8d8f"",""7g8f""],""scoreCp"":1554}]},{""label"":""middlegame-150:mt100-mpv3-t2-h256:warm3"",""candidates"":[{""move"":""G*3d"",""pvUsi"":[""G*3d"",""3c2b"",""8a5d"",""1i1h"",""5b4b"",""3b4b"",""5i5h"",""L*8g"",""8h9i""],""scoreCp"":2606},{""move"":""N*4e"",""pvUsi"":[""N*4e"",""3c2d"",""1h1g"",""4b5b"",""L*2g"",""2d3d"",""5c5b+"",""5h6h"",""G*3c"",""3b3c"",""4e3c+"",""3d3c"",""R*3a"",""N*3b""],""scoreCp"":1686},{""move"":""8a5d"",""pvUsi"":[""8a5d"",""4b5b"",""5d3b"",""3c3b"",""7f8f"",""5h6h"",""5i6h"",""B*5e"",""8h8g"",""5b5c""],""scoreCp"":1632}]}]"
mate-in-one,2p2+B2k/1+B3g2p/1P2L1Gpn/p1P2p3/3p2p2/lpG1NP3/P1KP+p3+l/LS1S2SP+n/1NR1S1+pg1 b RPp 1,100,3,2,256,3,3,602.567,608.6,623.4,100,189419.3,1894193.3,286.7,33.67,"{""mate"":3}",0,0,"[{""label"":""mate-in-one:mt100-mpv3-t2-h256:warm1"",""candidates"":[{""move"":""R*3a"",""pvUsi"":[""R*3a""],""scoreMate"":1},{""move"":""4a4b"",""pvUsi"":[""4a4b"",""8f8g+"",""7g8g"",""9f9g+"",""8g9g"",""P*8f"",""G*2b""],""scoreMate"":7},{""move"":""4a3a"",""pvUsi"":[""4a3a"",""8f8g+"",""8h8g"",""5g6g"",""6h6g"",""4b3c"",""R*2a""],""scoreMate"":7}]},{""label"":""mate-in-one:mt100-mpv3-t2-h256:warm2"",""candidates"":[{""move"":""R*3a"",""pvUsi"":[""R*3a""],""scoreMate"":1},{""move"":""4a4b"",""pvUsi"":[""4a4b"",""5g6g"",""7g8f"",""P*8e"",""8f7e"",""9d9e"",""G*2b""],""scoreMate"":7},{""move"":""4a3a"",""pvUsi"":[""4a3a"",""8f8g+"",""7g8g"",""P*8f"",""8g8f"",""4b3c"",""R*2a""],""scoreMate"":7}]},{""label"":""mate-in-one:mt100-mpv3-t2-h256:warm3"",""candidates"":[{""move"":""R*3a"",""pvUsi"":[""R*3a""],""scoreMate"":1},{""move"":""4a4b"",""pvUsi"":[""4a4b"",""8f8g+"",""8h8g"",""5g6g"",""6h6g"",""P*8f"",""G*2b""],""scoreMate"":7},{""move"":""4a3a"",""pvUsi"":[""4a3a"",""5g6g"",""7g6g"",""6e6f"",""7f6f"",""4b3c"",""R*2a""],""scoreMate"":7}]}]"
single-legal-move,2p5k/4Rg2p/1P2L1Gp1/p1P+B+Bp3/n2p2pnP/l1G2P3/P+pKP1+p2+l/LS1S2SP+n/1NR1S1+pg1 b P 1,100,3,2,256,3,3,518.167,493.5,586.5,100.667,160164.7,1591172.9,290,0,"{""incomplete"":3}",3,0,"[{""label"":""single-legal-move:mt100-mpv3-t2-h256:warm1"",""candidates"":[]},{""label"":""single-legal-move:mt100-mpv3-t2-h256:warm2"",""candidates"":[]},{""label"":""single-legal-move:mt100-mpv3-t2-h256:warm3"",""candidates"":[]}]"
sparse-endgame,l+P1+S5/+B1+B4sl/5r+N1n/l3p3p/2g1kS2P/2P3PG1/2S5L/+n1G4pK/P+p1G1R3 b 7Pn2p 1,100,3,2,256,3,3,559.9,572.6,600.8,100,317318.3,3173183.3,290,32,"{""mate"":2,""incomplete"":1}",1,0,"[{""label"":""sparse-endgame:mt100-mpv3-t2-h256:warm1"",""candidates"":[{""move"":""7b5d"",""pvUsi"":[""7b5d""],""scoreMate"":1},{""move"":""4e5f"",""pvUsi"":[""4e5f"",""5e6d"",""4i4c+"",""7e7f"",""R*6e""],""scoreMate"":5},{""move"":""3c4c"",""pvUsi"":[""3c4c"",""5e6d"",""R*6c"",""6d5e"",""9b5f""],""scoreMate"":5}]},{""label"":""sparse-endgame:mt100-mpv3-t2-h256:warm2"",""candidates"":[]},{""label"":""sparse-endgame:mt100-mpv3-t2-h256:warm3"",""candidates"":[{""move"":""7b5d"",""pvUsi"":[""7b5d""],""scoreMate"":1},{""move"":""4e5f"",""pvUsi"":[""4e5f"",""5e6d"",""4i4c+"",""7e7f"",""R*6e""],""scoreMate"":5},{""move"":""3c4c"",""pvUsi"":[""3c4c"",""5e6d"",""R*6c"",""6d5e"",""9b5f""],""scoreMate"":5}]}]"
initial-position,lnsgkgsnl/1r5b1/ppppppppp/9/9/9/PPPPPPPPP/1B5R1/LNSGKGSNL b - 1,250,2,1,256,3,3,626.433,632.8,642.9,250.333,195293,780143.5,293.3,12.67,"{""ok"":2,""incomplete"":1}",1,0,"[{""label"":""initial-position:mt250-mpv2-t1-h256:warm1"",""candidates"":[{""move"":""6i7h"",""pvUsi"":[""6i7h"",""8c8d""],""scoreCp"":68},{""move"":""2g2f"",""pvUsi"":[""2g2f"",""4a3b"",""6i7h"",""8c8d"",""9g9f"",""1c1d"",""2f2e"",""8d8e"",""5i6h"",""7a6b"",""3i3h"",""6a5b"",""1g1f"",""9c9d"",""7g7f""],""scoreCp"":41}]},{""label"":""initial-position:mt250-mpv2-t1-h256:warm2"",""candidates"":[{""move"":""6i7h"",""pvUsi"":[""6i7h"",""8c8d"",""2g2f"",""8d8e"",""2f2e"",""4a3b"",""5i6h"",""7a7b"",""9g9f"",""5a4b"",""2e2d"",""2c2d"",""2h2d"",""1c1d"",""2d2h""],""scoreCp"":55},{""move"":""2g2f"",""pvUsi"":[""2g2f"",""4a3b"",""6i7h"",""8c8d"",""2f2e"",""8d8e"",""5i6h"",""8e8f"",""8g8f"",""8b8f"",""P*8g"",""8f8b"",""3i3h"",""7a6b"",""9g9f"",""1c1d"",""2e2d"",""2c2d"",""2h2d"",""P*2c"",""2d2f"",""9c9d""],""scoreCp"":53}]},{""label"":""initial-position:mt250-mpv2-t1-h256:warm3"",""candidates"":[]}]"
quiet-no-mate,1n1g1ksn1/l1rsg2b1/p1pp1p+Bpl/1p2p4/8p/2P3P1P/PP1PPPSP1/3S4R/LNG1KG1NL b P 1,250,2,1,256,3,3,629.2,630.8,649.3,250.667,162521.7,648472.6,300,5.67,"{""ok"":1,""incomplete"":2}",2,0,"[{""label"":""quiet-no-mate:mt250-mpv2-t1-h256:warm1"",""candidates"":[{""move"":""3c2b"",""pvUsi"":[""3c2b"",""3a2b"",""1f1e"",""B*3c"",""B*6f"",""3c6f"",""6g6f"",""B*4e"",""1e1d"",""6b5c"",""1d1c+"",""2a1c"",""5i4h"",""1c2e"",""1h1b+""],""scoreCp"":1657},{""move"":""3c2c"",""pvUsi"":[""3c2c"",""4a5a"",""1f1e"",""2b9i+"",""1e1d"",""1c1d"",""1h1d"",""L*2b"",""2c1b"",""6b5c"",""1b2a"",""3a4b"",""8i7g"",""2b2g+"",""P*2h"",""2g3g"",""2i3g"",""S*8h""],""scoreCp"":1472}]},{""label"":""quiet-no-mate:mt250-mpv2-t1-h256:warm2"",""candidates"":[]},{""label"":""quiet-no-mate:mt250-mpv2-t1-h256:warm3"",""candidates"":[]}]"
sente-middlegame,1nrg3n1/l2s2k2/p1p1gp1pl/1p1pp2s1/6P1p/b1P5P/PP1PPP1P1/L1KSRSG2/1NG4NL b BP 1,250,2,1,256,3,3,629.833,627.8,646.8,250.667,158403.3,631854.5,303.3,10.67,"{""ok"":2,""incomplete"":1}",1,0,"[{""label"":""sente-middlegame:mt250-mpv2-t1-h256:warm1"",""candidates"":[{""move"":""9g9f"",""pvUsi"":[""9g9f"",""1e1f"",""B*8c"",""1f1g+"",""2i1g"",""P*1f"",""1g2e"",""2d2e"",""8c9b+"",""7c7d"",""5g5f"",""7d7e"",""5f5e""],""scoreCp"":2006},{""move"":""1f1e"",""pvUsi"":[""1f1e"",""9f8e"",""1e1d"",""1c1d"",""1i1d"",""P*1c"",""P*1b"",""7c7d"",""1b1a+"",""7d7e"",""1a2a"",""1c1d"",""7h6i"",""3b2a"",""5g5f"",""7e7f""],""scoreCp"":1163}]},{""label"":""sente-middlegame:mt250-mpv2-t1-h256:warm2"",""candidates"":[]},{""label"":""sente-middlegame:mt250-mpv2-t1-h256:warm3"",""candidates"":[{""move"":""9g9f"",""pvUsi"":[""9g9f"",""1e1f"",""B*8c"",""1f1g+"",""2i1g"",""P*1f"",""1g2e"",""2d2e"",""8c9b+"",""7c7d"",""5g5f"",""7d7e"",""5f5e""],""scoreCp"":2006},{""move"":""1f1e"",""pvUsi"":[""1f1e"",""9f8e"",""1e1d"",""1c1d"",""1i1d"",""P*1c"",""P*1b"",""7c7d"",""1b1a+"",""7d7e"",""1a2a"",""1c1d"",""7h6i"",""3b2a"",""5g5f"",""7e7f""],""scoreCp"":1163}]}]"
gote-middlegame,1nrgB2n1/l2s2k2/p1p1gp1pl/1p1pp2s1/6P1p/b1P5P/PP1PPP1P1/L1KSRSG2/1NG4NL w P 1,250,2,1,256,3,3,625.167,632,637.6,250.333,158839.7,634444,293.3,4.67,"{""incomplete"":2,""ok"":1}",2,0,"[{""label"":""gote-middlegame:mt250-mpv2-t1-h256:warm1"",""candidates"":[]},{""label"":""gote-middlegame:mt250-mpv2-t1-h256:warm2"",""candidates"":[{""move"":""9f8e"",""pvUsi"":[""9f8e"",""5a2d+"",""2c2d"",""1f1e"",""7c7d"",""4h5i"",""7d7e"",""1e1d"",""1c1d"",""1i1d"",""6d6e"",""5h4h""],""scoreCp"":175},{""move"":""9f8g+"",""pvUsi"":[""9f8g+"",""7h8g"",""6a5a"",""B*8b"",""8d8e"",""8b7a+"",""6b7a"",""1f1e"",""8e8f"",""8g8f"",""B*4d"",""6h7g"",""7c7d"",""8f8g""],""scoreCp"":328}]},{""label"":""gote-middlegame:mt250-mpv2-t1-h256:warm3"",""candidates"":[]}]"
middlegame-60,1nr1g1kn1/l2sb4/p1p1gpppl/1p2p4/3p2P2/1PP2+B1sp/P1KPPP2P/L1G1RSG2/1N2S2NL b p 1,250,2,1,256,3,3,646.8,640.3,693.5,251,157686,628231.1,296.7,16,"{""ok"":3}",0,0,"[{""label"":""middlegame-60:mt250-mpv2-t1-h256:warm1"",""candidates"":[{""move"":""1g1f"",""pvUsi"":[""1g1f"",""5c4d"",""1f1e"",""5a4b"",""1e1d"",""1c1d"",""1i1d"",""P*1c"",""1d1c+"",""2a1c"",""4f5f"",""1c2e"",""5f2c"",""7c7d"",""P*2b""],""scoreCp"":793},{""move"":""3h3g"",""pvUsi"":[""3h3g"",""2f1g"",""3e3d"",""3c3d"",""5g5f"",""1g2h"",""5f5e"",""5d5e"",""1i1f"",""1c1f"",""5h5e"",""5a4b"",""5e1e"",""P*1c"",""1e1f""],""scoreCp"":740}]},{""label"":""middlegame-60:mt250-mpv2-t1-h256:warm2"",""candidates"":[{""move"":""1g1f"",""pvUsi"":[""1g1f"",""5c4d"",""1f1e"",""5a4b"",""1e1d"",""1c1d"",""1i1d"",""P*1c"",""1d1c+"",""2a1c"",""4f5f"",""1c2e"",""5f2c"",""7c7d"",""P*2b""],""scoreCp"":793},{""move"":""3h3g"",""pvUsi"":[""3h3g"",""2f1g"",""3e3d"",""3c3d"",""5g5f"",""1g2h"",""5f5e"",""5d5e"",""1i1f"",""1c1f"",""5h5e"",""5a4b"",""5e1e"",""P*1c"",""1e1f""],""scoreCp"":740}]},{""label"":""middlegame-60:mt250-mpv2-t1-h256:warm3"",""candidates"":[{""move"":""1g1f"",""pvUsi"":[""1g1f"",""5c4d"",""1f1e"",""5a4b"",""1e1d"",""1c1d"",""1i1d"",""P*1c"",""1d1c+"",""2a1c"",""4f5f"",""1c2e"",""5f2c"",""7c7d"",""P*2b""],""scoreCp"":793},{""move"":""3h3g"",""pvUsi"":[""3h3g"",""2f1g"",""3e3d"",""3c3d"",""5g5f"",""1g2h"",""5f5e"",""5d5e"",""1i1f"",""1c1f"",""5h5e"",""5a4b"",""5e1e"",""P*1c"",""1e1f""],""scoreCp"":740}]}]"
middlegame-80,1nsg3nk/l1r6/p1p1gppp1/1p1+B5/1b1pp1P1l/1PP1PP2p/P2P3GN/LKG1R1S1L/1NS1S4 b 2p 1,250,2,1,256,3,3,658.8,631.6,725,250.667,147811.7,589644.7,296.7,16,"{""ok"":3}",0,0,"[{""label"":""middlegame-80:mt250-mpv2-t1-h256:warm1"",""candidates"":[{""move"":""6d5c"",""pvUsi"":[""6d5c"",""8e7f"",""1g2e"",""6e6f"",""6g6f"",""1f1g+"",""G*7g"",""7f5h+"",""5i5h"",""1g1h"",""5c4c"",""L*7d"",""B*3a"",""7d7g+"",""7h7g""],""scoreCp"":2134},{""move"":""6d7e"",""pvUsi"":[""6d7e"",""1f1g+"",""8f8e"",""6a5b"",""2g1g"",""8d8e"",""P*1c"",""1a2b"",""5f5e""],""scoreCp"":1918}]},{""label"":""middlegame-80:mt250-mpv2-t1-h256:warm2"",""candidates"":[{""move"":""6d5c"",""pvUsi"":[""6d5c"",""8e7f"",""1g2e"",""6e6f"",""6g6f"",""1f1g+"",""G*7g"",""7f5h+"",""5i5h"",""1g1h"",""5c4c"",""L*7d"",""B*3a"",""7d7g+"",""7h7g""],""scoreCp"":2134},{""move"":""6d7e"",""pvUsi"":[""6d7e"",""1f1g+"",""8f8e"",""6a5b"",""2g1g"",""8d8e"",""P*1c"",""1a2b"",""5f5e""],""scoreCp"":1918}]},{""label"":""middlegame-80:mt250-mpv2-t1-h256:warm3"",""candidates"":[{""move"":""6d5c"",""pvUsi"":[""6d5c"",""8e7f"",""1g2e"",""6e6f"",""6g6f"",""1f1g+"",""G*7g"",""7f5h+"",""5i5h"",""1g1h"",""5c4c"",""L*7d"",""B*3a"",""7d7g+"",""7h7g""],""scoreCp"":2134},{""move"":""6d7e"",""pvUsi"":[""6d7e"",""1f1g+"",""8f8e"",""6a5b"",""2g1g"",""8d8e"",""P*1c"",""1a2b"",""5f5e""],""scoreCp"":1918}]}]"
hand-piece-rich,1n2g4/l1s3k1r/p1+B1gp1pn/Bp7/1PPp5/5P2l/PG1P+pS2N/LK2R3L/1NS1S4 b 2Pg5p 1,250,2,1,256,3,3,652,639.7,708.4,250.667,147478.3,588545.9,296.7,16,"{""ok"":3}",0,0,"[{""label"":""hand-piece-rich:mt250-mpv2-t1-h256:warm1"",""candidates"":[{""move"":""7c5a"",""pvUsi"":[""7c5a"",""5g5h"",""9d7b+"",""R*6i"",""P*3c"",""3b2b"",""G*3b"",""2b1a"",""P*2b"",""1b2b"",""3b2b"",""1a2b""],""scoreCp"":2126},{""move"":""9d7b+"",""pvUsi"":[""9d7b+"",""8a7c"",""5h5g"",""P*5f"",""5g5f"",""P*5e"",""5f5e"",""B*4d"",""7b7c"",""1f1g+"",""P*3c"",""4d3c""],""scoreCp"":1528}]},{""label"":""hand-piece-rich:mt250-mpv2-t1-h256:warm2"",""candidates"":[{""move"":""7c5a"",""pvUsi"":[""7c5a"",""5g5h"",""9d7b+"",""R*6i"",""P*3c"",""3b2b"",""G*3b"",""2b1a"",""P*2b"",""1b2b"",""3b2b"",""1a2b""],""scoreCp"":2126},{""move"":""9d7b+"",""pvUsi"":[""9d7b+"",""8a7c"",""5h5g"",""P*5f"",""5g5f"",""P*5e"",""5f5e"",""B*4d"",""7b7c"",""1f1g+"",""P*3c"",""4d3c""],""scoreCp"":1528}]},{""label"":""hand-piece-rich:mt250-mpv2-t1-h256:warm3"",""candidates"":[{""move"":""7c5a"",""pvUsi"":[""7c5a"",""5g5h"",""9d7b+"",""R*6i"",""P*3c"",""3b2b"",""G*3b"",""2b1a"",""P*2b"",""1b2b"",""3b2b"",""1a2b""],""scoreCp"":2126},{""move"":""9d7b+"",""pvUsi"":[""9d7b+"",""8a7c"",""5h5g"",""P*5f"",""5g5f"",""P*5e"",""5f5e"",""B*4d"",""7b7c"",""1f1g+"",""P*3c"",""4d3c""],""scoreCp"":1528}]}]"
middlegame-120,1n2g4/+B1s1k3r/p+P2gp1pn/B8/2Pp2p2/1p2LP2l/PG1P+pS2N/LKR4PL/1NS1S1+p1g b 2P2p 1,250,2,1,256,3,3,616.567,611.1,635.6,250.667,134962.7,538391.4,296.7,16,"{""ok"":3}",0,0,"[{""label"":""middlegame-120:mt250-mpv2-t1-h256:warm1"",""candidates"":[{""move"":""9d8e"",""pvUsi"":[""9d8e"",""5b4b"",""8g8f"",""4b3c"",""5f5c"",""3c2d"",""5c5a+"",""1i1h"",""8c7b"",""1f1g+"",""8e6c+""],""scoreCp"":1715},{""move"":""8g8f"",""pvUsi"":[""8g8f"",""9c9d"",""8c7b"",""5g6g"",""9b7d"",""5b4b"",""5f5c+"",""4b5c"",""7d6e"",""6g7h"",""7i7h"",""R*5g"",""G*5d"",""5g5d+"",""6e5d"",""5c5d"",""R*5f"",""5d6c"",""5f5a+""],""scoreCp"":1458}]},{""label"":""middlegame-120:mt250-mpv2-t1-h256:warm2"",""candidates"":[{""move"":""9d8e"",""pvUsi"":[""9d8e"",""5b4b"",""8g8f"",""4b3c"",""5f5c"",""3c2d"",""5c5a+"",""1i1h"",""8c7b"",""1f1g+"",""8e6c+""],""scoreCp"":1715},{""move"":""8g8f"",""pvUsi"":[""8g8f"",""9c9d"",""8c7b"",""5g6g"",""9b7d"",""5b4b"",""5f5c+"",""4b5c"",""7d6e"",""6g7h"",""7i7h"",""R*5g"",""G*5d"",""5g5d+"",""6e5d"",""5c5d"",""R*5f"",""5d6c"",""5f5a+""],""scoreCp"":1458}]},{""label"":""middlegame-120:mt250-mpv2-t1-h256:warm3"",""candidates"":[{""move"":""9d8e"",""pvUsi"":[""9d8e"",""5b4b"",""8g8f"",""4b3c"",""5f5c"",""3c2d"",""5c5a+"",""1i1h"",""8c7b"",""1f1g+"",""8e6c+""],""scoreCp"":1715},{""move"":""8g8f"",""pvUsi"":[""8g8f"",""9c9d"",""8c7b"",""5g6g"",""9b7d"",""5b4b"",""5f5c+"",""4b5c"",""7d6e"",""6g7h"",""7i7h"",""R*5g"",""G*5d"",""5g5d+"",""6e5d"",""5c5d"",""R*5f"",""5d6c"",""5f5a+""],""scoreCp"":1458}]}]"
middlegame-150,1+Bp6/4+Bgr1p/1P2L1kpn/p4p2n/2Pp2p2/1pG2P3/P2P1S2+l/LKRS+p2PL/1NS1S1+p1g b GN2p 1,250,2,1,256,3,3,645.233,606.1,726.4,250.333,171604.7,685559,296.7,15,"{""ok"":3}",0,0,"[{""label"":""middlegame-150:mt250-mpv2-t1-h256:warm1"",""candidates"":[{""move"":""G*3d"",""pvUsi"":[""G*3d"",""3c2b"",""8a5d"",""1c2e"",""5d4d"",""2b1c"",""4d3e"",""1c2b"",""5b4b"",""3b4b"",""G*3c"",""2b2a"",""3c4b"",""B*5e"",""6h7g"",""5e7g+"",""7h7g""],""scoreCp"":2855},{""move"":""N*2f"",""pvUsi"":[""N*2f"",""1d2f"",""G*3d"",""3c2b"",""5b4b"",""8f8g+"",""8h8g"",""N*9e"",""8g8h"",""3b3d"",""8a5d"",""G*8g"",""8h9i"",""1c2e"",""G*2a"",""2b1c""],""scoreCp"":1687}]},{""label"":""middlegame-150:mt250-mpv2-t1-h256:warm2"",""candidates"":[{""move"":""G*3d"",""pvUsi"":[""G*3d"",""3c2b"",""8a5d"",""1c2e"",""5d4d"",""2b1c"",""4d3e"",""1c2b"",""5b4b"",""3b4b"",""G*3c"",""2b2a"",""3c4b"",""B*5e"",""6h7g"",""5e7g+"",""7h7g""],""scoreCp"":2855},{""move"":""N*2f"",""pvUsi"":[""N*2f"",""1d2f"",""G*3d"",""3c2b"",""5b4b"",""8f8g+"",""8h8g"",""N*9e"",""8g8h"",""3b3d"",""8a5d"",""G*8g"",""8h9i"",""1c2e"",""G*2a"",""2b1c""],""scoreCp"":1687}]},{""label"":""middlegame-150:mt250-mpv2-t1-h256:warm3"",""candidates"":[{""move"":""G*3d"",""pvUsi"":[""G*3d"",""3c2b"",""8a5d"",""1c2e"",""5d4d"",""2b1c"",""4d3e"",""1c2b"",""5b4b"",""3b4b"",""G*3c"",""2b2a"",""3c4b"",""B*5e"",""6h7g"",""5e7g+"",""7h7g""],""scoreCp"":2855},{""move"":""N*2f"",""pvUsi"":[""N*2f"",""1d2f"",""G*3d"",""3c2b"",""5b4b"",""8f8g+"",""8h8g"",""N*9e"",""8g8h"",""3b3d"",""8a5d"",""G*8g"",""8h9i"",""1c2e"",""G*2a"",""2b1c""],""scoreCp"":1687}]}]"
mate-in-one,2p2+B2k/1+B3g2p/1P2L1Gpn/p1P2p3/3p2p2/lpG1NP3/P1KP+p3+l/LS1S2SP+n/1NR1S1+pg1 b RPp 1,250,2,1,256,3,3,632.3,641.2,645.7,250,280958.3,1123833.3,296.7,40.33,"{""mate"":3}",0,0,"[{""label"":""mate-in-one:mt250-mpv2-t1-h256:warm1"",""candidates"":[{""move"":""R*3a"",""pvUsi"":[""R*3a""],""scoreMate"":1},{""move"":""4a4b"",""pvUsi"":[""4a4b"",""5g6g"",""6h6g"",""8f8g+"",""8h8g"",""3i3h"",""G*2b""],""scoreMate"":7}]},{""label"":""mate-in-one:mt250-mpv2-t1-h256:warm2"",""candidates"":[{""move"":""R*3a"",""pvUsi"":[""R*3a""],""scoreMate"":1},{""move"":""4a4b"",""pvUsi"":[""4a4b"",""5g6g"",""6h6g"",""8f8g+"",""8h8g"",""3i3h"",""G*2b""],""scoreMate"":7}]},{""label"":""mate-in-one:mt250-mpv2-t1-h256:warm3"",""candidates"":[{""move"":""R*3a"",""pvUsi"":[""R*3a""],""scoreMate"":1},{""move"":""4a4b"",""pvUsi"":[""4a4b"",""5g6g"",""6h6g"",""8f8g+"",""8h8g"",""3i3h"",""G*2b""],""scoreMate"":7}]}]"
single-legal-move,2p5k/4Rg2p/1P2L1Gp1/p1P+B+Bp3/n2p2pnP/l1G2P3/P+pKP1+p2+l/LS1S2SP+n/1NR1S1+pg1 b P 1,250,2,1,256,3,3,623.133,624.9,633,250,287793.7,1151174.7,293.3,0,"{""incomplete"":3}",3,0,"[{""label"":""single-legal-move:mt250-mpv2-t1-h256:warm1"",""candidates"":[]},{""label"":""single-legal-move:mt250-mpv2-t1-h256:warm2"",""candidates"":[]},{""label"":""single-legal-move:mt250-mpv2-t1-h256:warm3"",""candidates"":[]}]"
sparse-endgame,l+P1+S5/+B1+B4sl/5r+N1n/l3p3p/2g1kS2P/2P3PG1/2S5L/+n1G4pK/P+p1G1R3 b 7Pn2p 1,250,2,1,256,3,3,671.8,659.6,705.6,249.667,586203.7,2348154.7,293.3,57,"{""incomplete"":1,""mate"":2}",1,0,"[{""label"":""sparse-endgame:mt250-mpv2-t1-h256:warm1"",""candidates"":[]},{""label"":""sparse-endgame:mt250-mpv2-t1-h256:warm2"",""candidates"":[{""move"":""7b5d"",""pvUsi"":[""7b5d""],""scoreMate"":1},{""move"":""4e5f"",""pvUsi"":[""4e5f"",""5e6d"",""4i4c+"",""N*4b"",""7b7c""],""scoreMate"":5}]},{""label"":""sparse-endgame:mt250-mpv2-t1-h256:warm3"",""candidates"":[{""move"":""7b5d"",""pvUsi"":[""7b5d""],""scoreMate"":1},{""move"":""4e5f"",""pvUsi"":[""4e5f"",""5e6d"",""4i4c+"",""N*4b"",""7b7c""],""scoreMate"":5}]}]"
initial-position,lnsgkgsnl/1r5b1/ppppppppp/9/9/9/PPPPPPPPP/1B5R1/LNSGKGSNL b - 1,250,2,2,256,3,3,718.833,715.5,752.8,250.333,404961.7,1617752.9,583.3,0,"{""incomplete"":3}",3,0,"[{""label"":""initial-position:mt250-mpv2-t2-h256:warm1"",""candidates"":[]},{""label"":""initial-position:mt250-mpv2-t2-h256:warm2"",""candidates"":[]},{""label"":""initial-position:mt250-mpv2-t2-h256:warm3"",""candidates"":[]}]"
quiet-no-mate,1n1g1ksn1/l1rsg2b1/p1pp1p+Bpl/1p2p4/8p/2P3P1P/PP1PPPSP1/3S4R/LNG1KG1NL b P 1,250,2,2,256,3,3,635.333,633,669.4,250.667,336785.7,1343620.8,580,10.67,"{""ok"":2,""incomplete"":1}",1,0,"[{""label"":""quiet-no-mate:mt250-mpv2-t2-h256:warm1"",""candidates"":[{""move"":""3c2c"",""pvUsi"":[""3c2c"",""4a5a"",""1f1e"",""2b9i+"",""1e1d"",""1c1d"",""1h1d"",""L*1c"",""1d3d"",""P*3c"",""3d2d"",""1c1i+"",""2c1b"",""3a3b""],""scoreCp"":1572},{""move"":""3c2b"",""pvUsi"":[""3c2b"",""3a2b"",""1f1e"",""B*3c"",""B*7g"",""3c7g+"",""6h7g"",""B*8c"",""5i5h"",""6b5c"",""1e1d"",""1c1d"",""1h1d"",""P*1c""],""scoreCp"":1505}]},{""label"":""quiet-no-mate:mt250-mpv2-t2-h256:warm2"",""candidates"":[]},{""label"":""quiet-no-mate:mt250-mpv2-t2-h256:warm3"",""candidates"":[{""move"":""3c2b"",""pvUsi"":[""3c2b"",""3a2b"",""1f1e"",""B*4d"",""B*6f"",""4d6f"",""6g6f"",""B*9d"",""1e1d"",""9d7f"",""B*8c"",""P*1g"",""1h1g"",""7f4i+"",""5i4i""],""scoreCp"":1562},{""move"":""3c2c"",""pvUsi"":[""3c2c"",""4a5a"",""1f1e"",""2b9i+"",""1e1d"",""1c1d"",""1h1d"",""L*2b"",""2c5f"",""P*1c"",""1d3d"",""9i3c"",""3d3e"",""6b7a"",""1i1c+"",""2b2g+"",""1c1b"",""2g3g"",""2i3g""],""scoreCp"":1462}]}]"
sente-middlegame,1nrg3n1/l2s2k2/p1p1gp1pl/1p1pp2s1/6P1p/b1P5P/PP1PPP1P1/L1KSRSG2/1NG4NL b BP 1,250,2,2,256,3,3,694.633,727.2,730.1,250.667,325076.7,1296865.1,580,10.67,"{""ok"":2,""incomplete"":1}",1,0,"[{""label"":""sente-middlegame:mt250-mpv2-t2-h256:warm1"",""candidates"":[{""move"":""9g9f"",""pvUsi"":[""9g9f"",""7c7d"",""B*8c"",""7d7e"",""8c9b+"",""7e7f"",""L*7d"",""8a7c"",""9b8b"",""1e1f"",""3e3d"",""7f7g+"",""6h7g"",""7c8e"",""7d7a+""],""scoreCp"":2007},{""move"":""1f1e"",""pvUsi"":[""1f1e"",""9f8e"",""1e1d"",""1c1d"",""1i1d"",""P*1c"",""P*1b"",""7c7d"",""1b1a+"",""1c1d"",""1a2a"",""7d7e"",""7h6i"",""7e7f"",""3e3d"",""5c4d"",""N*3f""],""scoreCp"":1244}]},{""label"":""sente-middlegame:mt250-mpv2-t2-h256:warm2"",""candidates"":[]},{""label"":""sente-middlegame:mt250-mpv2-t2-h256:warm3"",""candidates"":[{""move"":""9g9f"",""pvUsi"":[""9g9f"",""7c7d"",""B*8c"",""7d7e"",""8c9b+"",""7e7f"",""9b8b"",""8a7c"",""B*6f"",""7c8e"",""8b7a"",""6a7a"",""R*1b"",""3b4a"",""6f2b+"",""8e7g+"",""8i7g""],""scoreCp"":2032},{""move"":""1f1e"",""pvUsi"":[""1f1e"",""9f8e"",""1e1d"",""1c1d"",""1i1d"",""P*1c"",""P*1b"",""7c7d"",""1b1a+"",""7d7e"",""3e3d"",""7e7f"",""1a2a"",""1c1d"",""7h6i"",""L*7d"",""P*7h"",""6a5a"",""8g8f"",""8e9d"",""5g5f""],""scoreCp"":1227}]}]"
gote-middlegame,1nrgB2n1/l2s2k2/p1p1gp1pl/1p1pp2s1/6P1p/b1P5P/PP1PPP1P1/L1KSRSG2/1NG4NL w P 1,250,2,2,256,3,3,669,646.5,718.3,250.333,333841.7,1333525.5,583.3,0,"{""incomplete"":3}",3,0,"[{""label"":""gote-middlegame:mt250-mpv2-t2-h256:warm1"",""candidates"":[]},{""label"":""gote-middlegame:mt250-mpv2-t2-h256:warm2"",""candidates"":[]},{""label"":""gote-middlegame:mt250-mpv2-t2-h256:warm3"",""candidates"":[]}]"
middlegame-60,1nr1g1kn1/l2sb4/p1p1gpppl/1p2p4/3p2P2/1PP2+B1sp/P1KPPP2P/L1G1RSG2/1N2S2NL b p 1,250,2,2,256,3,3,657.5,628.7,719.5,250.333,334363,1335609.2,583.3,10.33,"{""ok"":2,""incomplete"":1}",1,0,"[{""label"":""middlegame-60:mt250-mpv2-t2-h256:warm1"",""candidates"":[{""move"":""1g1f"",""pvUsi"":[""1g1f"",""5c4d"",""4f6d"",""3a2b"",""3h3g"",""2f3e"",""1f1e"",""8d8e"",""8f8e"",""7c7d"",""1e1d"",""1c1d"",""1i1d"",""7d7e"",""P*1c"",""7e7f"",""7g6h""],""scoreCp"":796},{""move"":""3h3g"",""pvUsi"":[""3h3g"",""2f1g"",""2i1g"",""1f1g+"",""3e3d"",""3c3d"",""5g5f"",""7c7d"",""5f5e"",""5b6c"",""5e5d"",""5c5d"",""P*2d"",""2c2d"",""4f2d"",""7d7e"",""7f7e"",""8d8e"",""P*1d"",""8e8f""],""scoreCp"":788}]},{""label"":""middlegame-60:mt250-mpv2-t2-h256:warm2"",""candidates"":[{""move"":""1g1f"",""pvUsi"":[""1g1f"",""5c4d"",""4f6d"",""3a3b"",""1f1e"",""2f3e"",""1e1d"",""1c1d"",""1i1d"",""P*1c"",""1d1c+"",""2a1c"",""6d2h"",""7c7d""],""scoreCp"":784},{""move"":""3h3g"",""pvUsi"":[""3h3g"",""2f1g+"",""2i1g"",""1f1g+"",""5g5f"",""4c4d"",""5f5e"",""5d5e"",""5h5e"",""P*5d"",""5e6e"",""7c7d"",""6e6f"",""7d7e"",""7f7e""],""scoreCp"":725}]},{""label"":""middlegame-60:mt250-mpv2-t2-h256:warm3"",""candidates"":[]}]"
middlegame-80,1nsg3nk/l1r6/p1p1gppp1/1p1+B5/1b1pp1P1l/1PP1PP2p/P2P3GN/LKG1R1S1L/1NS1S4 b 2p 1,250,2,2,256,3,3,739.033,664.3,922.3,251.333,320174,1273933.8,583.3,16.33,"{""ok"":3}",0,0,"[{""label"":""middlegame-80:mt250-mpv2-t2-h256:warm1"",""candidates"":[{""move"":""6d5c"",""pvUsi"":[""6d5c"",""8e7f"",""G*7g"",""7f9h+"",""8h9h"",""1f1g+"",""2g1g"",""8d8e"",""B*6c"",""7b8b"",""8f8e"",""P*1b"",""9h9i""],""scoreCp"":2165},{""move"":""6d7e"",""pvUsi"":[""6d7e"",""1f1g+"",""8f8e"",""N*6d"",""2g1g"",""7c7d"",""7e4h"",""P*1d"",""8h9i"",""1a2b"",""5f5e"",""P*5g"",""4h5g"",""1e1g+"",""1h1g""],""scoreCp"":1877}]},{""label"":""middlegame-80:mt250-mpv2-t2-h256:warm2"",""candidates"":[{""move"":""6d5c"",""pvUsi"":[""6d5c"",""8e7f"",""1g2e"",""6e6f"",""6g6f"",""1f1g+"",""5c3a"",""P*1b"",""P*7g"",""1g2g"",""7g7f"",""1e1h+"",""3h2g"",""8d8e"",""3e3d""],""scoreCp"":2215},{""move"":""6d7e"",""pvUsi"":[""6d7e"",""8e9d"",""1g2e"",""7a6b"",""5f5e"",""7c7d"",""7e6e"",""8a7c"",""6e6f"",""1f1g+"",""5e5d"",""5c6d"",""1h1g"",""1e1g+"",""2g1g""],""scoreCp"":1967}]},{""label"":""middlegame-80:mt250-mpv2-t2-h256:warm3"",""candidates"":[{""move"":""6d5c"",""pvUsi"":[""6d5c"",""8e7f"",""1g2e"",""1f1g+"",""G*7g"",""1g1h"",""7g7f"",""L*7d"",""5c4c"",""7d7f"",""4c6a"",""7f7h+"",""7i7h""],""scoreCp"":2237},{""move"":""6d7e"",""pvUsi"":[""6d7e"",""1f1g+"",""8f8e"",""7a6b"",""2g1g"",""7c7d"",""7e6e"",""7d7e"",""P*2d"",""2c2d"",""6e5e"",""1a2b"",""P*2c"",""2b2c"",""B*4a"",""2c2b"",""P*2c"",""2b1b""],""scoreCp"":1905}]}]"
hand-piece-rich,1n2g4/l1s3k1r/p1+B1gp1pn/Bp7/1PPp5/5P2l/PG1P+pS2N/LK2R3L/1NS1S4 b 2Pg5p 1,250,2,2,256,3,3,647.933,623.1,708.6,250.667,299678,1195496.8,580,5.33,"{""incomplete"":2,""ok"":1}",2,0,"[{""label"":""hand-piece-rich:mt250-mpv2-t2-h256:warm1"",""candidates"":[]},{""label"":""hand-piece-rich:mt250-mpv2-t2-h256:warm2"",""candidates"":[]},{""label"":""hand-piece-rich:mt250-mpv2-t2-h256:warm3"",""candidates"":[{""move"":""7c5a"",""pvUsi"":[""7c5a"",""9c9d"",""P*3c"",""3b2b"",""G*3b"",""2b1a"",""P*2b"",""B*4d"",""8i7g"",""1b2b"",""5h5g"",""G*1b"",""3b2b"",""1b2b""],""scoreCp"":2026},{""move"":""9d7b+"",""pvUsi"":[""9d7b+"",""8a7c"",""5h5g"",""P*5f"",""5g5f"",""P*5e"",""7b7c"",""5e5f"",""7c5a"",""B*4d"",""8i7g"",""R*2h"",""P*5h"",""P*3c"",""S*4a"",""3b2a"",""P*2b"",""1b2b""],""scoreCp"":1516}]}]"
middlegame-120,1n2g4/+B1s1k3r/p+P2gp1pn/B8/2Pp2p2/1p2LP2l/PG1P+pS2N/LKR4PL/1NS1S1+p1g b 2P2p 1,250,2,2,256,3,3,692.633,706.9,722.3,250.667,293753.7,1171898.9,583.3,15.33,"{""ok"":3}",0,0,"[{""label"":""middlegame-120:mt250-mpv2-t2-h256:warm1"",""candidates"":[{""move"":""9d8e"",""pvUsi"":[""9d8e"",""5b4b"",""5f5c+"",""4b3c"",""8g8f"",""3c2d"",""8c7b"",""1i1h"",""S*2f"",""P*8g"",""8h8g"",""1f1g+"",""G*1e"",""2d3d"",""9b8a""],""scoreCp"":1781},{""move"":""8g8f"",""pvUsi"":[""8g8f"",""9c9d"",""8c7b"",""B*1a"",""8h8g"",""5g5f"",""P*5d"",""5f4g"",""5d5c+"",""5b5c"",""9b8a""],""scoreCp"":1553}]},{""label"":""middlegame-120:mt250-mpv2-t2-h256:warm2"",""candidates"":[{""move"":""9d8e"",""pvUsi"":[""9d8e"",""5b4b"",""5f5c+"",""4b3c"",""8g8f"",""3c2d"",""8c7b"",""P*8g"",""8h8g"",""1c2e"",""S*2f"",""1f1g+"",""1h1g"",""1b1g+""],""scoreCp"":1802},{""move"":""8g8f"",""pvUsi"":[""8g8f"",""9c9d"",""8c7b"",""5g5f"",""4g5f"",""1i1h"",""9b8a"",""P*8e"",""8f8e"",""L*8c"",""P*8d"",""B*4d"",""S*5e"",""4d5e"",""5f5e""],""scoreCp"":1542}]},{""label"":""middlegame-120:mt250-mpv2-t2-h256:warm3"",""candidates"":[{""move"":""9d8e"",""pvUsi"":[""9d8e"",""5b4b"",""5f5c+"",""4b3c"",""8g8f"",""P*8d"",""8e7f"",""3c2d"",""8c7b"",""1i1h"",""S*2f"",""L*6d"",""G*1e"",""2d3d"",""7f6e"",""6d6e"",""9b6e"",""B*4d"",""8h8g"",""4d5c""],""scoreCp"":1844},{""move"":""8g8f"",""pvUsi"":[""8g8f"",""9c9d"",""P*5d"",""5c6c"",""8c7b"",""P*8e"",""5d5c+"",""5b4a"",""8f8e"",""5g6g"",""7h7f"",""B*6f"",""7f6f"",""6e6f""],""scoreCp"":1447}]}]"
middlegame-150,1+Bp6/4+Bgr1p/1P2L1kpn/p4p2n/2Pp2p2/1pG2P3/P2P1S2+l/LKRS+p2PL/1NS1S1+p1g b GN2p 1,250,2,2,256,3,3,701.767,718.3,730.5,250.333,284196.3,1135303.6,580,15,"{""ok"":3}",0,0,"[{""label"":""middlegame-150:mt250-mpv2-t2-h256:warm1"",""candidates"":[{""move"":""G*3d"",""pvUsi"":[""G*3d"",""3c2b"",""5b4b"",""3b3d"",""4b4c"",""G*8g"",""8h9i"",""8g9h"",""7h9h"",""L*3b"",""4c3d"",""3b3d"",""8a5d"",""1c2e"",""G*2d"",""2c2d"",""R*2a"",""2b1c""],""scoreCp"":3033},{""move"":""5b6a"",""pvUsi"":[""5b6a"",""5h6h"",""5i6h"",""S*8g"",""8h7g"",""8g7f"",""7g7f"",""G*4c"",""1h1g"",""4b5c"",""G*1e"",""P*5b"",""6a5a"",""3c2b""],""scoreCp"":1761}]},{""label"":""middlegame-150:mt250-mpv2-t2-h256:warm2"",""candidates"":[{""move"":""G*3d"",""pvUsi"":[""G*3d"",""3c2b"",""5b4b"",""3b3d"",""7f8f"",""5h6h"",""5i6h"",""G*3b"",""4b5b"",""S*4c"",""1h1g"",""4c5b"",""5c5b+"",""2b3c"",""8a5d""],""scoreCp"":2504},{""move"":""N*2f"",""pvUsi"":[""N*2f"",""4b5b"",""G*3d"",""3c2b"",""2f1d"",""2b1a"",""5c5b+"",""5h6h"",""7f8f"",""B*5e"",""N*7g"",""6h7h"",""7i7h"",""3b5b""],""scoreCp"":1876}]},{""label"":""middlegame-150:mt250-mpv2-t2-h256:warm3"",""candidates"":[{""move"":""G*3d"",""pvUsi"":[""G*3d"",""3c2b"",""5b4b"",""3b3d"",""8a5d"",""1c2e"",""7f8f"",""1i1h"",""5d4c"",""P*8g"",""8h8g"",""L*8d"",""G*3c"",""2b1a""],""scoreCp"":2365},{""move"":""N*2f"",""pvUsi"":[""N*2f"",""8f8g+"",""8h8g"",""1d2f"",""G*3d"",""3c2b"",""5b4b"",""N*9e"",""8g8h"",""3b3d"",""8a5d"",""G*8g"",""8h9i"",""1c2e"",""G*8f"",""2f1h+"",""8f8g"",""9e8g"",""9i8h"",""5h6h"",""7i6h""],""scoreCp"":1704}]}]"
mate-in-one,2p2+B2k/1+B3g2p/1P2L1Gpn/p1P2p3/3p2p2/lpG1NP3/P1KP+p3+l/LS1S2SP+n/1NR1S1+pg1 b RPp 1,250,2,2,256,3,3,638.767,644.6,652.4,250,600231.7,2400926.7,586.7,46.33,"{""mate"":3}",0,0,"[{""label"":""mate-in-one:mt250-mpv2-t2-h256:warm1"",""candidates"":[{""move"":""R*3a"",""pvUsi"":[""R*3a""],""scoreMate"":1},{""move"":""4a4b"",""pvUsi"":[""4a4b"",""8f8g+"",""8h8g"",""5g6g"",""6h6g"",""9f9g+"",""G*2b""],""scoreMate"":7}]},{""label"":""mate-in-one:mt250-mpv2-t2-h256:warm2"",""candidates"":[{""move"":""R*3a"",""pvUsi"":[""R*3a""],""scoreMate"":1},{""move"":""4a4b"",""pvUsi"":[""4a4b"",""5g6g"",""6h6g"",""8f8g+"",""8h8g"",""P*8f"",""G*2b""],""scoreMate"":7}]},{""label"":""mate-in-one:mt250-mpv2-t2-h256:warm3"",""candidates"":[{""move"":""R*3a"",""pvUsi"":[""R*3a""],""scoreMate"":1},{""move"":""4a4b"",""pvUsi"":[""4a4b"",""8f8g+"",""8h8g"",""5g6g"",""6h6g"",""3i3h"",""G*2b""],""scoreMate"":7}]}]"
single-legal-move,2p5k/4Rg2p/1P2L1Gp1/p1P+B+Bp3/n2p2pnP/l1G2P3/P+pKP1+p2+l/LS1S2SP+n/1NR1S1+pg1 b P 1,250,2,2,256,3,3,696.533,620.1,852.4,250,516137.3,2064549.3,583.3,0,"{""incomplete"":3}",3,0,"[{""label"":""single-legal-move:mt250-mpv2-t2-h256:warm1"",""candidates"":[]},{""label"":""single-legal-move:mt250-mpv2-t2-h256:warm2"",""candidates"":[]},{""label"":""single-legal-move:mt250-mpv2-t2-h256:warm3"",""candidates"":[]}]"
sparse-endgame,l+P1+S5/+B1+B4sl/5r+N1n/l3p3p/2g1kS2P/2P3PG1/2S5L/+n1G4pK/P+p1G1R3 b 7Pn2p 1,250,2,2,256,3,3,641.767,653.3,653.6,250,1097501.3,4390005.3,583.3,113,"{""mate"":3}",0,0,"[{""label"":""sparse-endgame:mt250-mpv2-t2-h256:warm1"",""candidates"":[{""move"":""7b5d"",""pvUsi"":[""7b5d""],""scoreMate"":1},{""move"":""4e5f"",""pvUsi"":[""4e5f"",""5e6d"",""4i4c+"",""9a9b"",""4c5d""],""scoreMate"":5}]},{""label"":""sparse-endgame:mt250-mpv2-t2-h256:warm2"",""candidates"":[{""move"":""7b5d"",""pvUsi"":[""7b5d""],""scoreMate"":1},{""move"":""4e5f"",""pvUsi"":[""4e5f"",""5e6d"",""4i4c+"",""N*4b"",""7b7c""],""scoreMate"":5}]},{""label"":""sparse-endgame:mt250-mpv2-t2-h256:warm3"",""candidates"":[{""move"":""7b5d"",""pvUsi"":[""7b5d""],""scoreMate"":1},{""move"":""4e5f"",""pvUsi"":[""4e5f"",""5e6d"",""4i4c+"",""9a9b"",""4c5d""],""scoreMate"":5}]}]"
initial-position,lnsgkgsnl/1r5b1/ppppppppp/9/9/9/PPPPPPPPP/1B5R1/LNSGKGSNL b - 1,250,3,1,256,3,3,610.533,604.4,634,250.333,212098.3,847374.6,293.3,0,"{""incomplete"":3}",3,0,"[{""label"":""initial-position:mt250-mpv3-t1-h256:warm1"",""candidates"":[]},{""label"":""initial-position:mt250-mpv3-t1-h256:warm2"",""candidates"":[]},{""label"":""initial-position:mt250-mpv3-t1-h256:warm3"",""candidates"":[]}]"
quiet-no-mate,1n1g1ksn1/l1rsg2b1/p1pp1p+Bpl/1p2p4/8p/2P3P1P/PP1PPPSP1/3S4R/LNG1KG1NL b P 1,250,3,1,256,3,3,607.233,604.7,613,250.333,166509,665095.8,300,10.67,"{""ok"":2,""incomplete"":1}",1,0,"[{""label"":""quiet-no-mate:mt250-mpv3-t1-h256:warm1"",""candidates"":[{""move"":""3c2c"",""pvUsi"":[""3c2c"",""4a5a"",""2c2b"",""3a2b"",""1f1e"",""B*7d"",""5i4h"",""6b5c"",""1e1d"",""1c1d"",""1h1d"",""P*1c"",""1d1f"",""2a3c"",""7f7e"",""7d8c"",""3f3e"",""3c2e""],""scoreCp"":1578},{""move"":""3c2b"",""pvUsi"":[""3c2b"",""3a2b"",""1f1e"",""B*3c"",""B*6f"",""6b5c"",""6f3c+"",""2a3c"",""1e1d"",""1c1d"",""1h1d"",""3c4e"",""3g4h"",""B*5e""],""scoreCp"":1558},{""move"":""3c3d"",""pvUsi"":[""3c3d"",""2b9i+"",""1f1e"",""3a2b"",""1e1d"",""1c1d"",""1h1d"",""L*1c"",""1d1c+"",""2a1c"",""P*1d"",""P*3c""],""scoreCp"":920}]},{""label"":""quiet-no-mate:mt250-mpv3-t1-h256:warm2"",""candidates"":[]},{""label"":""quiet-no-mate:mt250-mpv3-t1-h256:warm3"",""candidates"":[{""move"":""3c2b"",""pvUsi"":[""3c2b"",""3a2b"",""1f1e"",""B*3c"",""B*6f"",""6b5c"",""1e1d"",""1c1d"",""1h1d"",""3c6f"",""6g6f"",""P*1c"",""1d1h"",""B*8c"",""5i4h"",""7b8b"",""8i7g""],""scoreCp"":1582},{""move"":""3c2c"",""pvUsi"":[""3c2c"",""4a5a"",""2c2b"",""3a2b"",""1f1e"",""B*7d"",""5i4h"",""6b5c"",""1e1d"",""1c1d"",""1h1d"",""P*1c"",""1d1f"",""2a3c"",""7f7e"",""7d8c"",""3f3e"",""3c2e""],""scoreCp"":1578},{""move"":""3c3d"",""pvUsi"":[""3c3d"",""2b9i+"",""1f1e"",""3a2b"",""1e1d"",""1c1d"",""1h1d"",""L*1c"",""1d1c+"",""2a1c"",""P*1d"",""P*3c""],""scoreCp"":920}]}]"
sente-middlegame,1nrg3n1/l2s2k2/p1p1gp1pl/1p1pp2s1/6P1p/b1P5P/PP1PPP1P1/L1KSRSG2/1NG4NL b BP 1,250,3,1,256,3,3,613.433,606.2,632.1,250.333,166583.7,665460.6,293.3,15,"{""ok"":3}",0,0,"[{""label"":""sente-middlegame:mt250-mpv3-t1-h256:warm1"",""candidates"":[{""move"":""9g9f"",""pvUsi"":[""9g9f"",""7c7d"",""B*8b"",""7a7b"",""8b9a+"",""8a7c"",""1f1e"",""7d7e"",""B*8c"",""7e7f"",""8c7b+"",""6a7b"",""9a9b"",""1c1e"",""1i1e""],""scoreCp"":1997},{""move"":""1f1e"",""pvUsi"":[""1f1e"",""9f8e"",""1e1d"",""1c1d"",""1i1d"",""P*1c"",""1d1c"",""2d1c"",""3e3d""],""scoreCp"":1192},{""move"":""3e3d"",""pvUsi"":[""3e3d"",""9f8e"",""1f1e"",""3b4b"",""5g5f"",""7c7d"",""5f5e""],""scoreCp"":1155}]},{""label"":""sente-middlegame:mt250-mpv3-t1-h256:warm2"",""candidates"":[{""move"":""9g9f"",""pvUsi"":[""9g9f"",""7c7d"",""B*8b"",""7a7b"",""8b9a+"",""8a7c"",""1f1e"",""7d7e"",""B*8c"",""7e7f"",""8c7b+"",""6a7b"",""9a9b"",""1c1e"",""1i1e""],""scoreCp"":1997},{""move"":""1f1e"",""pvUsi"":[""1f1e"",""9f8e"",""1e1d"",""1c1d"",""1i1d"",""P*1c"",""1d1c"",""2d1c"",""3e3d""],""scoreCp"":1192},{""move"":""3e3d"",""pvUsi"":[""3e3d"",""9f8e"",""1f1e"",""3b4b"",""5g5f"",""7c7d"",""5f5e""],""scoreCp"":1155}]},{""label"":""sente-middlegame:mt250-mpv3-t1-h256:warm3"",""candidates"":[{""move"":""9g9f"",""pvUsi"":[""9g9f"",""7c7d"",""B*8b"",""7a7b"",""8b9a+"",""8a7c"",""1f1e"",""7d7e"",""B*8c"",""7e7f"",""8c7b+"",""6a7b"",""9a9b"",""1c1e"",""1i1e""],""scoreCp"":1997},{""move"":""1f1e"",""pvUsi"":[""1f1e"",""9f8e"",""1e1d"",""1c1d"",""1i1d"",""P*1c"",""1d1c"",""2d1c"",""3e3d""],""scoreCp"":1192},{""move"":""3e3d"",""pvUsi"":[""3e3d"",""9f8e"",""1f1e"",""3b4b"",""5g5f"",""7c7d"",""5f5e""],""scoreCp"":1155}]}]"
gote-middlegame,1nrgB2n1/l2s2k2/p1p1gp1pl/1p1pp2s1/6P1p/b1P5P/PP1PPP1P1/L1KSRSG2/1NG4NL w P 1,250,3,1,256,3,3,615.133,615.5,634.3,250.667,176672.7,704842.1,296.7,0,"{""incomplete"":3}",3,0,"[{""label"":""gote-middlegame:mt250-mpv3-t1-h256:warm1"",""candidates"":[]},{""label"":""gote-middlegame:mt250-mpv3-t1-h256:warm2"",""candidates"":[]},{""label"":""gote-middlegame:mt250-mpv3-t1-h256:warm3"",""candidates"":[]}]"
middlegame-60,1nr1g1kn1/l2sb4/p1p1gpppl/1p2p4/3p2P2/1PP2+B1sp/P1KPPP2P/L1G1RSG2/1N2S2NL b p 1,250,3,1,256,3,3,760.3,633.4,1040.5,250,179638.7,718554.7,296.7,15,"{""ok"":3}",0,0,"[{""label"":""middlegame-60:mt250-mpv3-t1-h256:warm1"",""candidates"":[{""move"":""1g1f"",""pvUsi"":[""1g1f"",""5c4d"",""4f6d"",""3a3b"",""1f1e"",""2f3e"",""1e1d"",""1c1d"",""1i1d"",""P*1c"",""1d1c+"",""2a1c"",""P*1d"",""1c2e"",""1d1c+"",""5b7d"",""6d7e""],""scoreCp"":810},{""move"":""3h3g"",""pvUsi"":[""3h3g"",""2f1g"",""2i1g"",""1f1g+"",""3e3d"",""3c3d"",""5g5f"",""5a4b"",""5f5e"",""5d5e"",""5h5e"",""P*5d"",""5e2e"",""4b3b"",""P*2d""],""scoreCp"":780},{""move"":""4h3g"",""pvUsi"":[""4h3g"",""2f1g+"",""3e3d"",""3c3d"",""5g5f"",""5a4b"",""5f5e"",""5d5e"",""5h5e"",""5c4d"",""2i1g"",""4d5e"",""4f5e"",""1f1g+""],""scoreCp"":661}]},{""label"":""middlegame-60:mt250-mpv3-t1-h256:warm2"",""candidates"":[{""move"":""1g1f"",""pvUsi"":[""1g1f"",""5c4d"",""4f6d"",""3a3b"",""1f1e"",""2f3e"",""1e1d"",""1c1d"",""1i1d"",""P*1c"",""1d1c+"",""2a1c"",""P*1d"",""1c2e"",""1d1c+"",""5b7d"",""6d7e""],""scoreCp"":810},{""move"":""3h3g"",""pvUsi"":[""3h3g"",""2f1g"",""2i1g"",""1f1g+"",""3e3d"",""3c3d"",""5g5f"",""5a4b"",""5f5e"",""5d5e"",""5h5e"",""P*5d"",""5e2e"",""4b3b"",""P*2d""],""scoreCp"":780},{""move"":""4h3g"",""pvUsi"":[""4h3g"",""2f1g+"",""3e3d"",""3c3d"",""5g5f"",""5a4b"",""5f5e"",""5d5e"",""5h5e"",""5c4d"",""2i1g"",""4d5e"",""4f5e"",""1f1g+""],""scoreCp"":661}]},{""label"":""middlegame-60:mt250-mpv3-t1-h256:warm3"",""candidates"":[{""move"":""1g1f"",""pvUsi"":[""1g1f"",""5c4d"",""4f6d"",""3a3b"",""1f1e"",""2f3e"",""1e1d"",""1c1d"",""1i1d"",""P*1c"",""1d1c+"",""2a1c"",""P*1d"",""1c2e"",""1d1c+"",""5b7d"",""6d7e""],""scoreCp"":810},{""move"":""3h3g"",""pvUsi"":[""3h3g"",""2f1g"",""2i1g"",""1f1g+"",""3e3d"",""3c3d"",""5g5f"",""5a4b"",""5f5e"",""5d5e"",""5h5e"",""P*5d"",""5e2e"",""4b3b"",""P*2d""],""scoreCp"":780},{""move"":""4h3g"",""pvUsi"":[""4h3g"",""2f1g+"",""3e3d"",""3c3d"",""5g5f"",""5a4b"",""5f5e"",""5d5e"",""5h5e"",""5c4d"",""2i1g"",""4d5e"",""4f5e"",""1f1g+""],""scoreCp"":661}]}]"
middlegame-80,1nsg3nk/l1r6/p1p1gppp1/1p1+B5/1b1pp1P1l/1PP1PP2p/P2P3GN/LKG1R1S1L/1NS1S4 b 2p 1,250,3,1,256,3,3,634.9,633.7,651.8,250.667,169822,677531.3,293.3,0,"{""incomplete"":3}",3,0,"[{""label"":""middlegame-80:mt250-mpv3-t1-h256:warm1"",""candidates"":[]},{""label"":""middlegame-80:mt250-mpv3-t1-h256:warm2"",""candidates"":[]},{""label"":""middlegame-80:mt250-mpv3-t1-h256:warm3"",""candidates"":[]}]"
hand-piece-rich,1n2g4/l1s3k1r/p1+B1gp1pn/Bp7/1PPp5/5P2l/PG1P+pS2N/LK2R3L/1NS1S4 b 2Pg5p 1,250,3,1,256,3,3,633,633.1,633.3,250.667,151003,602415.4,296.7,15,"{""ok"":3}",0,0,"[{""label"":""hand-piece-rich:mt250-mpv3-t1-h256:warm1"",""candidates"":[{""move"":""7c5a"",""pvUsi"":[""7c5a"",""9c9d"",""P*3c"",""3b2a"",""G*3b"",""1b3b"",""3c3b+"",""2a3b"",""P*3c"",""3b2a"",""5h5g"",""B*4d"",""8h7h"",""P*7g"",""8i7g"",""6e6f"",""3c3b+"",""2a3b""],""scoreCp"":2096},{""move"":""9d7b+"",""pvUsi"":[""9d7b+"",""8a7c"",""5h5g"",""B*3c"",""8h7h"",""P*7g"",""7h6h"",""6e6f"",""6g6f"",""3c6f"",""5g5c+"",""G*5g"",""5c5g"",""6f5g+"",""6h5g""],""scoreCp"":1536},{""move"":""P*3c"",""pvUsi"":[""P*3c"",""3b4a"",""9d7b+"",""1b7b"",""7c7b"",""5g5h"",""5i5h"",""R*1i"",""8h7h"",""P*3a""],""scoreCp"":1298}]},{""label"":""hand-piece-rich:mt250-mpv3-t1-h256:warm2"",""candidates"":[{""move"":""7c5a"",""pvUsi"":[""7c5a"",""9c9d"",""P*3c"",""3b2a"",""G*3b"",""1b3b"",""3c3b+"",""2a3b"",""P*3c"",""3b2a"",""5h5g"",""B*4d"",""8h7h"",""P*7g"",""8i7g"",""6e6f"",""3c3b+"",""2a3b""],""scoreCp"":2096},{""move"":""9d7b+"",""pvUsi"":[""9d7b+"",""8a7c"",""5h5g"",""B*3c"",""8h7h"",""P*7g"",""7h6h"",""6e6f"",""6g6f"",""3c6f"",""5g5c+"",""G*5g"",""5c5g"",""6f5g+"",""6h5g""],""scoreCp"":1536},{""move"":""P*3c"",""pvUsi"":[""P*3c"",""3b4a"",""9d7b+"",""1b7b"",""7c7b"",""5g5h"",""5i5h"",""R*1i"",""8h7h"",""P*3a""],""scoreCp"":1298}]},{""label"":""hand-piece-rich:mt250-mpv3-t1-h256:warm3"",""candidates"":[{""move"":""7c5a"",""pvUsi"":[""7c5a"",""9c9d"",""P*3c"",""3b2a"",""G*3b"",""1b3b"",""3c3b+"",""2a3b"",""P*3c"",""3b2a"",""5h5g"",""B*4d"",""8h7h"",""P*7g"",""8i7g"",""6e6f"",""3c3b+"",""2a3b""],""scoreCp"":2096},{""move"":""9d7b+"",""pvUsi"":[""9d7b+"",""8a7c"",""5h5g"",""B*3c"",""8h7h"",""P*7g"",""7h6h"",""6e6f"",""6g6f"",""3c6f"",""5g5c+"",""G*5g"",""5c5g"",""6f5g+"",""6h5g""],""scoreCp"":1536},{""move"":""P*3c"",""pvUsi"":[""P*3c"",""3b4a"",""9d7b+"",""1b7b"",""7c7b"",""5g5h"",""5i5h"",""R*1i"",""8h7h"",""P*3a""],""scoreCp"":1298}]}]"
middlegame-120,1n2g4/+B1s1k3r/p+P2gp1pn/B8/2Pp2p2/1p2LP2l/PG1P+pS2N/LKR4PL/1NS1S1+p1g b 2P2p 1,250,3,1,256,3,3,639.033,638.4,647.2,250.667,132922.3,530295.8,296.7,14,"{""ok"":3}",0,0,"[{""label"":""middlegame-120:mt250-mpv3-t1-h256:warm1"",""candidates"":[{""move"":""9d8e"",""pvUsi"":[""9d8e"",""5b4b"",""8g8f"",""4b3c"",""8c7b"",""3c2d"",""5f5c+"",""1i1h"",""9b8a"",""P*8g"",""8h8g"",""1f1g+"",""5c4c""],""scoreCp"":1664},{""move"":""8g8f"",""pvUsi"":[""8g8f"",""9c9d"",""P*5d"",""5c6c"",""8c7b"",""B*1a"",""8h8g"",""5b4a""],""scoreCp"":1541},{""move"":""5f5c"",""pvUsi"":[""5f5c"",""5b5c"",""8g8f"",""9c9d"",""8c7b"",""P*8e"",""8f7f"",""5g6g"",""9b6e"",""6g7h"",""7i7h"",""1b7b"",""S*5d"",""5c4d""],""scoreCp"":1474}]},{""label"":""middlegame-120:mt250-mpv3-t1-h256:warm2"",""candidates"":[{""move"":""9d8e"",""pvUsi"":[""9d8e"",""5b4b"",""8g8f"",""4b3c"",""8c7b"",""3c2d"",""5f5c+"",""1i1h"",""9b8a"",""P*8g"",""8h8g"",""1f1g+"",""5c4c""],""scoreCp"":1664},{""move"":""8g8f"",""pvUsi"":[""8g8f"",""9c9d"",""P*5d"",""5c6c"",""8c7b"",""B*1a"",""8h8g"",""5b4a""],""scoreCp"":1541},{""move"":""5f5c"",""pvUsi"":[""5f5c"",""5b5c"",""8g8f"",""9c9d"",""8c7b"",""P*8e"",""8f7f"",""5g6g"",""9b6e"",""6g7h"",""7i7h"",""1b7b"",""S*5d"",""5c4d""],""scoreCp"":1474}]},{""label"":""middlegame-120:mt250-mpv3-t1-h256:warm3"",""candidates"":[{""move"":""9d8e"",""pvUsi"":[""9d8e"",""5b4b"",""8g8f"",""4b3c"",""8c7b"",""3c2d"",""5f5c+"",""1i1h"",""9b8a"",""P*8g"",""8h8g"",""1f1g+"",""5c4c""],""scoreCp"":1664},{""move"":""8g8f"",""pvUsi"":[""8g8f"",""9c9d"",""P*5d"",""5c6c"",""8c7b"",""B*1a"",""8h8g"",""5b4a""],""scoreCp"":1541},{""move"":""5f5c"",""pvUsi"":[""5f5c"",""5b5c"",""8g8f"",""9c9d"",""8c7b"",""P*8e"",""8f7f"",""5g6g"",""9b6e"",""6g7h"",""7i7h"",""1b7b"",""S*5d"",""5c4d""],""scoreCp"":1474}]}]"
middlegame-150,1+Bp6/4+Bgr1p/1P2L1kpn/p4p2n/2Pp2p2/1pG2P3/P2P1S2+l/LKRS+p2PL/1NS1S1+p1g b GN2p 1,250,3,1,256,3,3,631.6,596.1,703.6,250.667,145791.7,581692.6,290,15,"{""ok"":3}",0,0,"[{""label"":""middlegame-150:mt250-mpv3-t1-h256:warm1"",""candidates"":[{""move"":""G*3d"",""pvUsi"":[""G*3d"",""3c2b"",""5b4b"",""3b3d"",""4b4c"",""1c2e"",""4c3d"",""5h6h"",""G*3c"",""2b1a"",""R*3a"",""S*2a"",""3a2a+"",""1a2a""],""scoreCp"":2496},{""move"":""N*4e"",""pvUsi"":[""N*4e"",""3c2d"",""1h1g"",""4b5b"",""L*2g"",""2d3d"",""5c5b+"",""B*1a"",""6h7g"",""8f8g+"",""8h8g"",""P*8f"",""7f8f""],""scoreCp"":1821},{""move"":""8a5d"",""pvUsi"":[""8a5d"",""4b5b"",""5d3b"",""3c3b"",""5c5b+"",""5h6h"",""7f8f"",""6h6g"",""1h1g"",""6g7h"",""7i7h"",""P*8g"",""8f8g"",""B*6f"",""N*7g""],""scoreCp"":1712}]},{""label"":""middlegame-150:mt250-mpv3-t1-h256:warm2"",""candidates"":[{""move"":""G*3d"",""pvUsi"":[""G*3d"",""3c2b"",""5b4b"",""3b3d"",""4b4c"",""1c2e"",""4c3d"",""5h6h"",""G*3c"",""2b1a"",""R*3a"",""S*2a"",""3a2a+"",""1a2a""],""scoreCp"":2496},{""move"":""N*4e"",""pvUsi"":[""N*4e"",""3c2d"",""1h1g"",""4b5b"",""L*2g"",""2d3d"",""5c5b+"",""B*1a"",""6h7g"",""8f8g+"",""8h8g"",""P*8f"",""7f8f""],""scoreCp"":1821},{""move"":""8a5d"",""pvUsi"":[""8a5d"",""4b5b"",""5d3b"",""3c3b"",""5c5b+"",""5h6h"",""7f8f"",""6h6g"",""1h1g"",""6g7h"",""7i7h"",""P*8g"",""8f8g"",""B*6f"",""N*7g""],""scoreCp"":1712}]},{""label"":""middlegame-150:mt250-mpv3-t1-h256:warm3"",""candidates"":[{""move"":""G*3d"",""pvUsi"":[""G*3d"",""3c2b"",""5b4b"",""3b3d"",""4b4c"",""1c2e"",""4c3d"",""5h6h"",""G*3c"",""2b1a"",""R*3a"",""S*2a"",""3a2a+"",""1a2a""],""scoreCp"":2496},{""move"":""N*4e"",""pvUsi"":[""N*4e"",""3c2d"",""1h1g"",""4b5b"",""L*2g"",""2d3d"",""5c5b+"",""B*1a"",""6h7g"",""8f8g+"",""8h8g"",""P*8f"",""7f8f""],""scoreCp"":1821},{""move"":""8a5d"",""pvUsi"":[""8a5d"",""4b5b"",""5d3b"",""3c3b"",""5c5b+"",""5h6h"",""7f8f"",""6h6g"",""1h1g"",""6g7h"",""7i7h"",""P*8g"",""8f8g"",""B*6f"",""N*7g""],""scoreCp"":1712}]}]"
mate-in-one,2p2+B2k/1+B3g2p/1P2L1Gpn/p1P2p3/3p2p2/lpG1NP3/P1KP+p3+l/LS1S2SP+n/1NR1S1+pg1 b RPp 1,250,3,1,256,3,3,744.233,632.5,1003.8,250.333,257351.3,1028030.4,296.7,38,"{""mate"":3}",0,0,"[{""label"":""mate-in-one:mt250-mpv3-t1-h256:warm1"",""candidates"":[{""move"":""R*3a"",""pvUsi"":[""R*3a""],""scoreMate"":1},{""move"":""4a3a"",""pvUsi"":[""4a3a"",""5g6g"",""6h6g"",""8f8g+"",""8h8g"",""4b3c"",""R*2a""],""scoreMate"":7},{""move"":""4a4b"",""pvUsi"":[""4a4b"",""8f8g+"",""7g8g"",""9f9g+"",""8g9g"",""P*8f"",""G*2b""],""scoreMate"":7}]},{""label"":""mate-in-one:mt250-mpv3-t1-h256:warm2"",""candidates"":[{""move"":""R*3a"",""pvUsi"":[""R*3a""],""scoreMate"":1},{""move"":""4a3a"",""pvUsi"":[""4a3a"",""5g6g"",""6h6g"",""8f8g+"",""8h8g"",""4b3c"",""R*2a""],""scoreMate"":7},{""move"":""4a4b"",""pvUsi"":[""4a4b"",""8f8g+"",""7g8g"",""9f9g+"",""8g9g"",""P*8f"",""G*2b""],""scoreMate"":7}]},{""label"":""mate-in-one:mt250-mpv3-t1-h256:warm3"",""candidates"":[{""move"":""R*3a"",""pvUsi"":[""R*3a""],""scoreMate"":1},{""move"":""4a3a"",""pvUsi"":[""4a3a"",""5g6g"",""6h6g"",""8f8g+"",""8h8g"",""4b3c"",""R*2a""],""scoreMate"":7},{""move"":""4a4b"",""pvUsi"":[""4a4b"",""8f8g+"",""7g8g"",""9f9g+"",""8g9g"",""P*8f"",""G*2b""],""scoreMate"":7}]}]"
single-legal-move,2p5k/4Rg2p/1P2L1Gp1/p1P+B+Bp3/n2p2pnP/l1G2P3/P+pKP1+p2+l/LS1S2SP+n/1NR1S1+pg1 b P 1,250,3,1,256,3,3,609.867,600.4,636.7,250,266222,1064888,296.7,0,"{""incomplete"":3}",3,0,"[{""label"":""single-legal-move:mt250-mpv3-t1-h256:warm1"",""candidates"":[]},{""label"":""single-legal-move:mt250-mpv3-t1-h256:warm2"",""candidates"":[]},{""label"":""single-legal-move:mt250-mpv3-t1-h256:warm3"",""candidates"":[]}]"
sparse-endgame,l+P1+S5/+B1+B4sl/5r+N1n/l3p3p/2g1kS2P/2P3PG1/2S5L/+n1G4pK/P+p1G1R3 b 7Pn2p 1,250,3,1,256,3,3,613.3,604.8,645,250,529085.3,2116341.3,293.3,0,"{""incomplete"":3}",3,0,"[{""label"":""sparse-endgame:mt250-mpv3-t1-h256:warm1"",""candidates"":[]},{""label"":""sparse-endgame:mt250-mpv3-t1-h256:warm2"",""candidates"":[]},{""label"":""sparse-endgame:mt250-mpv3-t1-h256:warm3"",""candidates"":[]}]"
initial-position,lnsgkgsnl/1r5b1/ppppppppp/9/9/9/PPPPPPPPP/1B5R1/LNSGKGSNL b - 1,250,3,2,256,3,3,652.567,641.5,713.1,250.333,405124.3,1618264.8,580,0,"{""incomplete"":3}",3,0,"[{""label"":""initial-position:mt250-mpv3-t2-h256:warm1"",""candidates"":[]},{""label"":""initial-position:mt250-mpv3-t2-h256:warm2"",""candidates"":[]},{""label"":""initial-position:mt250-mpv3-t2-h256:warm3"",""candidates"":[]}]"
quiet-no-mate,1n1g1ksn1/l1rsg2b1/p1pp1p+Bpl/1p2p4/8p/2P3P1P/PP1PPPSP1/3S4R/LNG1KG1NL b P 1,250,3,2,256,3,3,698.167,714.7,720.4,250,352933.7,1411734.7,586.7,5.33,"{""ok"":1,""incomplete"":2}",2,0,"[{""label"":""quiet-no-mate:mt250-mpv3-t2-h256:warm1"",""candidates"":[{""move"":""3c2b"",""pvUsi"":[""3c2b"",""3a2b"",""1f1e"",""B*3c"",""B*7g"",""3c7g+"",""6h7g"",""B*8c"",""5i5h"",""7c7d"",""1e1d"",""7d7e"",""7f7e"",""1c1d"",""1h1d"",""7b7e"",""1d1b+"",""8c4g+"",""5h4g""],""scoreCp"":1573},{""move"":""3c2c"",""pvUsi"":[""3c2c"",""4a5a"",""2c2b"",""3a2b"",""1f1e"",""B*5e"",""B*7g"",""2b2c"",""7g5e"",""5d5e"",""2g2f"",""7c7d"",""1h2h"",""7d7e"",""B*8c"",""7b8b""],""scoreCp"":1476},{""move"":""3c3d"",""pvUsi"":[""3c3d"",""2b9i+"",""6h7g"",""7c7d"",""7g8h"",""L*3b"",""8h9i"",""3b3d"",""1f1e""],""scoreCp"":708}]},{""label"":""quiet-no-mate:mt250-mpv3-t2-h256:warm2"",""candidates"":[]},{""label"":""quiet-no-mate:mt250-mpv3-t2-h256:warm3"",""candidates"":[]}]"
sente-middlegame,1nrg3n1/l2s2k2/p1p1gp1pl/1p1pp2s1/6P1p/b1P5P/PP1PPP1P1/L1KSRSG2/1NG4NL b BP 1,250,3,2,256,3,3,646.8,652.4,654.6,250.333,328309.7,1311515.5,586.7,10.67,"{""ok"":2,""incomplete"":1}",1,0,"[{""label"":""sente-middlegame:mt250-mpv3-t2-h256:warm1"",""candidates"":[{""move"":""9g9f"",""pvUsi"":[""9g9f"",""7c7d"",""B*8c"",""7d7e"",""8c9b+"",""7e7f"",""L*7d"",""8a7c"",""9b8b"",""1e1f"",""B*8c""],""scoreCp"":1971},{""move"":""3e3d"",""pvUsi"":[""3e3d"",""9f8e"",""1f1e"",""7c7d"",""B*8c"",""7d7e"",""8c9b+"",""7e7f"",""9b8b"",""7a7e"",""8b8c"",""7e3e""],""scoreCp"":1204},{""move"":""1f1e"",""pvUsi"":[""1f1e"",""9f8e"",""1e1d"",""1c1d"",""1i1d"",""P*1c"",""P*1b"",""1c1d"",""1b1a+"",""7c7d"",""1a2a"",""7d7e"",""7f7e"",""3b2a"",""3e3d"",""2a3b"",""5h5i"",""L*7f"",""L*7g""],""scoreCp"":1204}]},{""label"":""sente-middlegame:mt250-mpv3-t2-h256:warm2"",""candidates"":[{""move"":""9g9f"",""pvUsi"":[""9g9f"",""7c7d"",""B*8c"",""1e1f"",""5g5f"",""6a7b"",""8c9b+"",""8a7c"",""P*1b"",""1f1g+""],""scoreCp"":2077},{""move"":""1f1e"",""pvUsi"":[""1f1e"",""9f8e"",""3e3d"",""7c7d"",""1e1d"",""1c1d"",""1i1d"",""P*1c"",""P*1b"",""7d7e"",""1b1a+"",""7e7f"",""7h6i"",""1c1d"",""1a2a"",""4c4d"",""L*2f"",""2d1e"",""2a3a"",""3b4b""],""scoreCp"":1222},{""move"":""3e3d"",""pvUsi"":[""3e3d"",""9f8e"",""1f1e"",""5c4d"",""1e1d"",""1c1d"",""1i1d"",""P*1c"",""P*1b"",""1c1d"",""1b1a+"",""4d3d"",""1a2a"",""3b2a"",""2g2f"",""2a3b"",""2f2e"",""2d3e"",""5h5i"",""7c7d""],""scoreCp"":1216}]},{""label"":""sente-middlegame:mt250-mpv3-t2-h256:warm3"",""candidates"":[]}]"
gote-middlegame,1nrgB2n1/l2s2k2/p1p1gp1pl/1p1pp2s1/6P1p/b1P5P/PP1PPP1P1/L1KSRSG2/1NG4NL w P 1,250,3,2,256,3,3,698.033,723.9,747.8,250,332362.7,1329450.7,583.3,0,"{""incomplete"":3}",3,0,"[{""label"":""gote-middlegame:mt250-mpv3-t2-h256:warm1"",""candidates"":[]},{""label"":""gote-middlegame:mt250-mpv3-t2-h256:warm2"",""candidates"":[]},{""label"":""gote-middlegame:mt250-mpv3-t2-h256:warm3"",""candidates"":[]}]"
middlegame-60,1nr1g1kn1/l2sb4/p1p1gpppl/1p2p4/3p2P2/1PP2+B1sp/P1KPPP2P/L1G1RSG2/1N2S2NL b p 1,250,3,2,256,3,3,649,618.6,722.5,250.667,336394.7,1342063.6,583.3,4.67,"{""ok"":1,""incomplete"":2}",2,0,"[{""label"":""middlegame-60:mt250-mpv3-t2-h256:warm1"",""candidates"":[{""move"":""3h3g"",""pvUsi"":[""3h3g"",""2f1e"",""1g1f"",""1e2d"",""3g2f"",""4c4d"",""5g5f"",""8d8e"",""5f5e"",""5d5e"",""4f5e"",""5a4b"",""1f1e""],""scoreCp"":783},{""move"":""1g1f"",""pvUsi"":[""1g1f"",""5c4d"",""4f6d"",""3a3b"",""1f1e"",""1c1e"",""P*1f"",""6b6c"",""6d7e"",""7c7d"",""7e8d"",""7d7e"",""1f1e"",""7e7f"",""7g8h"",""4d3e"",""5g5f"",""P*8e"",""1e1d""],""scoreCp"":755},{""move"":""4h3g"",""pvUsi"":[""4h3g"",""2f1g+"",""3e3d"",""3c3d"",""2i1g"",""1f1g+"",""S*1b"",""5a4b"",""1b2c+"",""P*2b"",""2c1c"",""2a1c"",""4f1c"",""S*6i"",""1i1g""],""scoreCp"":701}]},{""label"":""middlegame-60:mt250-mpv3-t2-h256:warm2"",""candidates"":[]},{""label"":""middlegame-60:mt250-mpv3-t2-h256:warm3"",""candidates"":[]}]"
middlegame-80,1nsg3nk/l1r6/p1p1gppp1/1p1+B5/1b1pp1P1l/1PP1PP2p/P2P3GN/LKG1R1S1L/1NS1S4 b 2p 1,250,3,2,256,3,3,693.4,709.5,721.6,250.667,289557.3,1155352.4,580,5.33,"{""incomplete"":2,""ok"":1}",2,0,"[{""label"":""middlegame-80:mt250-mpv3-t2-h256:warm1"",""candidates"":[]},{""label"":""middlegame-80:mt250-mpv3-t2-h256:warm2"",""candidates"":[{""move"":""6d5c"",""pvUsi"":[""6d5c"",""8e7f"",""1g2e"",""6e6f"",""G*7g"",""6f6g+"",""7g6g"",""7f6g+"",""7h6g"",""8d8e"",""3e3d"",""8e8f"",""5c8f"",""7b6b""],""scoreCp"":2140},{""move"":""6d7e"",""pvUsi"":[""6d7e"",""8e9d"",""7e5c"",""1f1g+"",""5c4c"",""8d8e"",""4c6a"",""8e8f"",""6a7b"",""7a7b"",""R*3b"",""B*9i"",""8h9i""],""scoreCp"":1933},{""move"":""6d6e"",""pvUsi"":[""6d6e"",""1f1g+"",""8f8e"",""1g1h"",""6e7e"",""6a5b"",""P*2d"",""2c2d"",""5f5e"",""7c7d"",""7e6f"",""L*8f"",""8h9i""],""scoreCp"":1618}]},{""label"":""middlegame-80:mt250-mpv3-t2-h256:warm3"",""candidates"":[]}]"
hand-piece-rich,1n2g4/l1s3k1r/p1+B1gp1pn/Bp7/1PPp5/5P2l/PG1P+pS2N/LK2R3L/1NS1S4 b 2Pg5p 1,250,3,2,256,3,3,647.333,657.9,659.6,250,293780.3,1175121.3,580,10,"{""ok"":2,""incomplete"":1}",1,0,"[{""label"":""hand-piece-rich:mt250-mpv3-t2-h256:warm1"",""candidates"":[{""move"":""7c5a"",""pvUsi"":[""7c5a"",""P*7h"",""P*3c"",""3b2a"",""G*3b"",""2a1a"",""5h5g"",""7h7i+"",""8h7i""],""scoreCp"":2150},{""move"":""9d7b+"",""pvUsi"":[""9d7b+"",""8a7c"",""5h5g"",""B*3c"",""P*5e"",""7c8e"",""P*3d"",""3c1e"",""5e5d"",""3b4a"",""5d5c+"",""1b7b""],""scoreCp"":1517},{""move"":""P*3c"",""pvUsi"":[""P*3c"",""3b4a"",""9d7b+"",""8a7c"",""5h5g"",""P*5f"",""S*3b"",""4a5b"",""5g5f"",""P*5e"",""5f7f"",""G*6b"",""7b4e"",""1f1g"",""P*5d"",""5c4d""],""scoreCp"":1208}]},{""label"":""hand-piece-rich:mt250-mpv3-t2-h256:warm2"",""candidates"":[]},{""label"":""hand-piece-rich:mt250-mpv3-t2-h256:warm3"",""candidates"":[{""move"":""7c5a"",""pvUsi"":[""7c5a"",""9c9d"",""P*3c"",""3b2b"",""5h5g"",""B*4d"",""8h7h"",""P*3a"",""P*1d"",""1f1g"",""3c3b+"",""3a3b"",""1d1c+"",""1b1c""],""scoreCp"":2131},{""move"":""9d7b+"",""pvUsi"":[""9d7b+"",""8a7c"",""5h5g"",""P*5f"",""5g5f"",""P*5e"",""5f7f"",""7c8e"",""P*5d"",""P*7h"",""7i7h"",""5c6d"",""5d5c+""],""scoreCp"":1536},{""move"":""P*3c"",""pvUsi"":[""P*3c"",""3b4a"",""9d7b+"",""8a7c"",""5h5g"",""P*5f"",""5g5f"",""P*5e"",""5f5e"",""P*5d"",""7b7c"",""G*6c"",""N*4e"",""6c7c"",""4e5c+"",""5d5e""],""scoreCp"":1276}]}]"
middlegame-120,1n2g4/+B1s1k3r/p+P2gp1pn/B8/2Pp2p2/1p2LP2l/PG1P+pS2N/LKR4PL/1NS1S1+p1g b 2P2p 1,250,3,2,256,3,3,623.5,618.3,635.2,251.667,287846,1143753.9,586.7,15,"{""ok"":3}",0,0,"[{""label"":""middlegame-120:mt250-mpv3-t2-h256:warm1"",""candidates"":[{""move"":""9d8e"",""pvUsi"":[""9d8e"",""5b4b"",""5f5c+"",""4b3c"",""8g8f"",""P*7g"",""8i7g"",""3c2d"",""8c7b"",""1c2e"",""S*2f"",""1f1g+"",""1h1g"",""1b1g+"",""2f1g"",""2e1g+"",""L*2f"",""2d1e""],""scoreCp"":1805},{""move"":""8g8f"",""pvUsi"":[""8g8f"",""9c9d"",""8c7b"",""P*8e"",""8f8e"",""5g6g"",""5f5c+"",""5b5c"",""9b6e"",""6g7h"",""7i7h"",""P*8g"",""8h8g"",""R*5g"",""8i7g"",""5g5i+"",""7b8a"",""B*8i""],""scoreCp"":1487},{""move"":""5f5c+"",""pvUsi"":[""5f5c+"",""5b5c"",""8g8f"",""9c9d"",""8c7b"",""P*8e"",""8f8e"",""5g6g"",""9b6e"",""6g7h"",""7i7h"",""5c4b"",""P*3d"",""P*8g"",""8h8g""],""scoreCp"":1472}]},{""label"":""middlegame-120:mt250-mpv3-t2-h256:warm2"",""candidates"":[{""move"":""9d8e"",""pvUsi"":[""9d8e"",""5b4b"",""8g8f"",""5g5f"",""P*3d"",""5f4g"",""P*1d"",""S*9d"",""1d1c+"",""1f1g+"",""8e9d"",""9c9d"",""S*3c"",""4b5b"",""8c7b"",""L*8d""],""scoreCp"":1682},{""move"":""5f5c+"",""pvUsi"":[""5f5c+"",""5b5c"",""8g8f"",""9c9d"",""8c7b"",""P*8e"",""8f8g"",""5g6g"",""9b6e"",""6g7h"",""7i7h"",""1b7b"",""G*5d"",""5c4b"",""P*3d"",""4b4a""],""scoreCp"":1487},{""move"":""8g8f"",""pvUsi"":[""8g8f"",""9c9d"",""8c7b"",""5g6g"",""5f5c+"",""5b5c"",""9b6e"",""6g7h"",""7i7h"",""P*5d"",""P*5e"",""5c4d"",""P*1d"",""R*5g"",""6e5d"",""4d3d""],""scoreCp"":1471}]},{""label"":""middlegame-120:mt250-mpv3-t2-h256:warm3"",""candidates"":[{""move"":""9d8e"",""pvUsi"":[""9d8e"",""5b4b"",""5f5c+"",""4b3c"",""8g8f"",""3c2d"",""8c7b"",""1c2e"",""9b6e"",""5g4g"",""8e6c+"",""1f1g+"",""G*2f"",""P*8g"",""8f8g"",""1i1h""],""scoreCp"":1764},{""move"":""8g8f"",""pvUsi"":[""8g8f"",""9c9d"",""5f5c+"",""5b5c"",""8c7b"",""P*8e"",""8f7f"",""P*5d"",""9b6e"",""5g6g"",""P*5e"",""6g7h"",""7i7h"",""1f1g+""],""scoreCp"":1528},{""move"":""5f5c+"",""pvUsi"":[""5f5c+"",""5b5c"",""8g8f"",""9c9d"",""8c7b"",""P*8e"",""8f7f"",""P*5d"",""9b6e"",""5g6g"",""P*5e"",""5c4b"",""5e5d"",""L*8f"",""P*8g"",""6g7h"",""7i7h"",""R*5g"",""4g5h""],""scoreCp"":1462}]}]"
middlegame-150,1+Bp6/4+Bgr1p/1P2L1kpn/p4p2n/2Pp2p2/1pG2P3/P2P1S2+l/LKRS+p2PL/1NS1S1+p1g b GN2p 1,250,3,2,256,3,3,675.733,649.8,757.1,250.333,316925,1266154.5,580,4.67,"{""incomplete"":2,""ok"":1}",2,0,"[{""label"":""middlegame-150:mt250-mpv3-t2-h256:warm1"",""candidates"":[]},{""label"":""middlegame-150:mt250-mpv3-t2-h256:warm2"",""candidates"":[]},{""label"":""middlegame-150:mt250-mpv3-t2-h256:warm3"",""candidates"":[{""move"":""G*3d"",""pvUsi"":[""G*3d"",""3c2b"",""5b4b"",""3b3d"",""4b4c"",""G*8g"",""8h9i"",""8g9h"",""7h9h"",""L*3b"",""4g5h"",""8f8g+"",""8a5d"",""8g9h"",""9i9h"",""1c2e"",""4c3d""],""scoreCp"":2694},{""move"":""N*2f"",""pvUsi"":[""N*2f"",""1d2f"",""G*3d"",""3c2b"",""5b4b"",""8f8g+"",""8h8g"",""N*9e"",""8g7g"",""3b3d"",""7i8h"",""5h6h"",""7g6h"",""G*8g"",""8h8g"",""9e8g+""],""scoreCp"":1831},{""move"":""8a5d"",""pvUsi"":[""8a5d"",""4b5b"",""5d3b"",""3c3b"",""5c5b+"",""1i1h"",""G*3d"",""L*8g"",""8h7g""],""scoreCp"":1765}]}]"
mate-in-one,2p2+B2k/1+B3g2p/1P2L1Gpn/p1P2p3/3p2p2/lpG1NP3/P1KP+p3+l/LS1S2SP+n/1NR1S1+pg1 b RPp 1,250,3,2,256,3,3,745.867,761.1,849,250,558977.3,2235909.3,583.3,14,"{""mate"":1,""incomplete"":2}",2,0,"[{""label"":""mate-in-one:mt250-mpv3-t2-h256:warm1"",""candidates"":[{""move"":""R*3a"",""pvUsi"":[""R*3a""],""scoreMate"":1},{""move"":""4a4b"",""pvUsi"":[""4a4b"",""5g6g"",""6h6g"",""8f8g+"",""8h8g"",""9f9g"",""G*2b""],""scoreMate"":7},{""move"":""4a3a"",""pvUsi"":[""4a3a"",""8f8g+"",""7g8g"",""P*8f"",""8g8f"",""4b3c"",""R*2a""],""scoreMate"":7}]},{""label"":""mate-in-one:mt250-mpv3-t2-h256:warm2"",""candidates"":[]},{""label"":""mate-in-one:mt250-mpv3-t2-h256:warm3"",""candidates"":[]}]"
single-legal-move,2p5k/4Rg2p/1P2L1Gp1/p1P+B+Bp3/n2p2pnP/l1G2P3/P+pKP1+p2+l/LS1S2SP+n/1NR1S1+pg1 b P 1,250,3,2,256,3,3,758.267,651,1007.5,249.667,522954.7,2094827.5,583.3,0,"{""incomplete"":3}",3,0,"[{""label"":""single-legal-move:mt250-mpv3-t2-h256:warm1"",""candidates"":[]},{""label"":""single-legal-move:mt250-mpv3-t2-h256:warm2"",""candidates"":[]},{""label"":""single-legal-move:mt250-mpv3-t2-h256:warm3"",""candidates"":[]}]"
sparse-endgame,l+P1+S5/+B1+B4sl/5r+N1n/l3p3p/2g1kS2P/2P3PG1/2S5L/+n1G4pK/P+p1G1R3 b 7Pn2p 1,250,3,2,256,3,3,705.4,720.8,744.9,250,1001648.3,4006593.3,583.3,88.67,"{""mate"":3}",0,0,"[{""label"":""sparse-endgame:mt250-mpv3-t2-h256:warm1"",""candidates"":[{""move"":""7b5d"",""pvUsi"":[""7b5d""],""scoreMate"":1},{""move"":""4e5f"",""pvUsi"":[""4e5f"",""5e6d"",""4i4c+"",""7e7f"",""R*6e""],""scoreMate"":5},{""move"":""3c4c"",""pvUsi"":[""3c4c"",""5e6d"",""R*6c"",""6d5e"",""9b5f""],""scoreMate"":5}]},{""label"":""sparse-endgame:mt250-mpv3-t2-h256:warm2"",""candidates"":[{""move"":""7b5d"",""pvUsi"":[""7b5d""],""scoreMate"":1},{""move"":""4e5f"",""pvUsi"":[""4e5f"",""5e6d"",""4i4c+"",""7e7f"",""R*6e""],""scoreMate"":5},{""move"":""3c4c"",""pvUsi"":[""3c4c"",""5e6d"",""R*6c"",""6d5e"",""9b5f""],""scoreMate"":5}]},{""label"":""sparse-endgame:mt250-mpv3-t2-h256:warm3"",""candidates"":[{""move"":""7b5d"",""pvUsi"":[""7b5d""],""scoreMate"":1},{""move"":""4e5f"",""pvUsi"":[""4e5f"",""5e6d"",""4i4c+"",""7e7f"",""R*6e""],""scoreMate"":5},{""move"":""3c4c"",""pvUsi"":[""3c4c"",""5e6d"",""R*6c"",""6d5e"",""9b5f""],""scoreMate"":5}]}]"
initial-position,lnsgkgsnl/1r5b1/ppppppppp/9/9/9/PPPPPPPPP/1B5R1/LNSGKGSNL b - 1,500,2,1,256,3,3,1195.067,1183.6,1557.7,499.667,402087.7,804753.8,546.7,14,"{""ok"":2,""incomplete"":1}",1,0,"[{""label"":""initial-position:mt500-mpv2-t1-h256:warm1"",""candidates"":[{""move"":""6i7h"",""pvUsi"":[""6i7h"",""8c8d"",""2g2f"",""8d8e"",""2f2e"",""4a3b"",""5i6h"",""1c1d"",""9g9f"",""7a6b"",""3i3h"",""8e8f"",""8g8f"",""8b8f"",""P*8g"",""8f8b"",""3g3f"",""5c5d"",""2i3g"",""6b5c"",""7g7f"",""5c6d"",""2e2d"",""2c2d"",""2h2d""],""scoreCp"":48},{""move"":""2g2f"",""pvUsi"":[""2g2f"",""8c8d"",""6i7h"",""8d8e"",""2f2e"",""4a3b"",""5i6h"",""1c1d"",""9g9f"",""7a7b"",""3i3h"",""5a5b"",""3g3f"",""8e8f"",""8g8f"",""8b8f"",""2e2d"",""2c2d"",""2h2d"",""P*2c"",""2d2f"",""7c7d"",""P*8g"",""8f8b""],""scoreCp"":47}]},{""label"":""initial-position:mt500-mpv2-t1-h256:warm2"",""candidates"":[]},{""label"":""initial-position:mt500-mpv2-t1-h256:warm3"",""candidates"":[{""move"":""6i7h"",""pvUsi"":[""6i7h"",""8c8d"",""2g2f"",""8d8e"",""2f2e"",""4a3b"",""5i6h"",""1c1d"",""9g9f"",""7a6b"",""3i3h"",""8e8f"",""8g8f"",""8b8f"",""P*8g"",""8f8b"",""3g3f"",""5c5d"",""2i3g"",""6b5c"",""7g7f"",""5c6d"",""2e2d"",""2c2d"",""2h2d""],""scoreCp"":48},{""move"":""2g2f"",""pvUsi"":[""2g2f"",""8c8d"",""6i7h"",""8d8e"",""2f2e"",""4a3b"",""5i6h"",""1c1d"",""9g9f"",""7a7b"",""3i3h"",""5a5b"",""3g3f"",""8e8f"",""8g8f"",""8b8f"",""2e2d"",""2c2d"",""2h2d"",""P*2c"",""2d2f"",""7c7d"",""P*8g"",""8f8b""],""scoreCp"":47}]}]"
quiet-no-mate,1n1g1ksn1/l1rsg2b1/p1pp1p+Bpl/1p2p4/8p/2P3P1P/PP1PPPSP1/3S4R/LNG1KG1NL b P 1,500,2,1,256,3,3,888.8,882.4,925.7,500.333,331591.3,662734.4,543.3,18,"{""ok"":3}",0,0,"[{""label"":""quiet-no-mate:mt500-mpv2-t1-h256:warm1"",""candidates"":[{""move"":""3c2b"",""pvUsi"":[""3c2b"",""3a2b"",""1f1e"",""B*3c"",""B*6f"",""3c6f"",""6g6f"",""B*3c"",""1e1d"",""1c1d"",""1h1d"",""P*1c"",""1d1f"",""3c6f"",""B*7g"",""6f7g+"",""8i7g"",""7b8b""],""scoreCp"":1562},{""move"":""3c2c"",""pvUsi"":[""3c2c"",""4a5a"",""2c2b"",""3a2b"",""1f1e"",""B*2c"",""1h2h"",""6b5c"",""1e1d"",""1c1d"",""P*1e"",""1d1e"",""1i1e"",""2b3c""],""scoreCp"":1465}]},{""label"":""quiet-no-mate:mt500-mpv2-t1-h256:warm2"",""candidates"":[{""move"":""3c2b"",""pvUsi"":[""3c2b"",""3a2b"",""1f1e"",""B*3c"",""B*6f"",""3c6f"",""6g6f"",""B*3c"",""1e1d"",""1c1d"",""1h1d"",""P*1c"",""1d1f"",""3c6f"",""B*7g"",""6f7g+"",""8i7g"",""7b8b""],""scoreCp"":1562},{""move"":""3c2c"",""pvUsi"":[""3c2c"",""4a5a"",""2c2b"",""3a2b"",""1f1e"",""B*2c"",""1h2h"",""6b5c"",""1e1d"",""1c1d"",""P*1e"",""1d1e"",""1i1e"",""2b3c""],""scoreCp"":1465}]},{""label"":""quiet-no-mate:mt500-mpv2-t1-h256:warm3"",""candidates"":[{""move"":""3c2b"",""pvUsi"":[""3c2b"",""3a2b"",""1f1e"",""B*3c"",""B*6f"",""3c6f"",""6g6f"",""B*3c"",""1e1d"",""1c1d"",""1h1d"",""P*1c"",""1d1f"",""3c6f"",""B*7g"",""6f7g+"",""8i7g"",""7b8b""],""scoreCp"":1562},{""move"":""3c2c"",""pvUsi"":[""3c2c"",""4a5a"",""2c2b"",""3a2b"",""1f1e"",""B*2c"",""1h2h"",""6b5c"",""1e1d"",""1c1d"",""P*1e"",""1d1e"",""1i1e"",""2b3c""],""scoreCp"":1465}]}]"
sente-middlegame,1nrg3n1/l2s2k2/p1p1gp1pl/1p1pp2s1/6P1p/b1P5P/PP1PPP1P1/L1KSRSG2/1NG4NL b BP 1,500,2,1,256,3,3,863.767,861,877.2,500.333,326652.3,652869.1,546.7,5.67,"{""incomplete"":2,""ok"":1}",2,0,"[{""label"":""sente-middlegame:mt500-mpv2-t1-h256:warm1"",""candidates"":[]},{""label"":""sente-middlegame:mt500-mpv2-t1-h256:warm2"",""candidates"":[{""move"":""9g9f"",""pvUsi"":[""9g9f"",""1e1f"",""B*8c"",""6a7b"",""8c9b+"",""7c7d"",""P*1b"",""1f1g+"",""1b1a+"",""1g2g"",""3h2g"",""1c1i+"",""1a2a"",""1i2i""],""scoreCp"":2044},{""move"":""1f1e"",""pvUsi"":[""1f1e"",""9f8e"",""1e1d"",""1c1d"",""1i1d"",""P*1c"",""P*1b"",""7c7d"",""1b1a+"",""7d7e"",""1a2a"",""1c1d"",""3e3d"",""7e7f"",""7h6i"",""3b2a"",""3h3i"",""P*3b"",""5g5f"",""7f7g+"",""8i7g"",""8e9d""],""scoreCp"":1175}]},{""label"":""sente-middlegame:mt500-mpv2-t1-h256:warm3"",""candidates"":[]}]"
gote-middlegame,1nrgB2n1/l2s2k2/p1p1gp1pl/1p1pp2s1/6P1p/b1P5P/PP1PPP1P1/L1KSRSG2/1NG4NL w P 1,500,2,1,256,3,3,876.767,886.4,889.7,500,335533.7,671067.3,543.3,10.67,"{""incomplete"":1,""ok"":2}",1,0,"[{""label"":""gote-middlegame:mt500-mpv2-t1-h256:warm1"",""candidates"":[]},{""label"":""gote-middlegame:mt500-mpv2-t1-h256:warm2"",""candidates"":[{""move"":""9f8e"",""pvUsi"":[""9f8e"",""5a2d+"",""2c2d"",""1f1e"",""7c7d"",""1e1d"",""1c1d"",""1i1d"",""7d7e"",""1d1b+"",""6d6e"",""7h6i"",""6e6f"",""1b2a"",""7e7f"",""P*7b"",""7a7b"",""4h5i"",""6f6g+"",""L*3d"",""3b2a"",""6h6g""],""scoreCp"":197},{""move"":""9f8g+"",""pvUsi"":[""9f8g+"",""7h8g"",""6a5a"",""B*8b"",""7a6a"",""8b9a+"",""1e1f"",""9a9b"",""1f1g+"",""2i1g"",""P*1f"",""P*8b"",""1f1g+"",""5h5i"",""N*9e""],""scoreCp"":208}]},{""label"":""gote-middlegame:mt500-mpv2-t1-h256:warm3"",""candidates"":[{""move"":""9f8e"",""pvUsi"":[""9f8e"",""5a2d+"",""2c2d"",""1f1e"",""7c7d"",""1e1d"",""1c1d"",""1i1d"",""7d7e"",""1d1b+"",""6d6e"",""7h6i"",""6e6f"",""1b2a"",""7e7f"",""P*7b"",""7a7b"",""4h5i"",""6f6g+"",""L*3d"",""3b2a"",""6h6g""],""scoreCp"":197},{""move"":""9f8g+"",""pvUsi"":[""9f8g+"",""7h8g"",""6a5a"",""B*8b"",""7a6a"",""8b9a+"",""1e1f"",""9a9b"",""1f1g+"",""2i1g"",""P*1f"",""P*8b"",""1f1g+"",""5h5i"",""N*9e""],""scoreCp"":208}]}]"
middlegame-60,1nr1g1kn1/l2sb4/p1p1gpppl/1p2p4/3p2P2/1PP2+B1sp/P1KPPP2P/L1G1RSG2/1N2S2NL b p 1,500,2,1,256,3,3,865.967,858.5,883.3,500,334562.7,669125.3,550,18,"{""ok"":3}",0,0,"[{""label"":""middlegame-60:mt500-mpv2-t1-h256:warm1"",""candidates"":[{""move"":""3h3g"",""pvUsi"":[""3h3g"",""2f1g"",""2i1g"",""1f1g+"",""3e3d"",""3c3d"",""5g5f"",""5c4d"",""5f5e"",""5d5e"",""S*1b"",""1c1d"",""5h5e"",""N*5d"",""4f5f"",""3a2b"",""1b2a+"",""2b2a""],""scoreCp"":847},{""move"":""1g1f"",""pvUsi"":[""1g1f"",""5c4d"",""1f1e"",""1c1e"",""P*1f"",""4d3e"",""4f6d"",""5a4b"",""1f1e"",""6b5c"",""6d2h"",""8d8e"",""1e1d"",""P*1b"",""8f8e"",""7a6a"",""5g5f"",""3a3b""],""scoreCp"":770}]},{""label"":""middlegame-60:mt500-mpv2-t1-h256:warm2"",""candidates"":[{""move"":""3h3g"",""pvUsi"":[""3h3g"",""2f1g"",""2i1g"",""1f1g+"",""3e3d"",""3c3d"",""5g5f"",""5c4d"",""5f5e"",""5d5e"",""S*1b"",""1c1d"",""5h5e"",""N*5d"",""4f5f"",""3a2b"",""1b2a+"",""2b2a""],""scoreCp"":847},{""move"":""1g1f"",""pvUsi"":[""1g1f"",""5c4d"",""1f1e"",""1c1e"",""P*1f"",""4d3e"",""4f6d"",""5a4b"",""1f1e"",""6b5c"",""6d2h"",""8d8e"",""1e1d"",""P*1b"",""8f8e"",""7a6a"",""5g5f"",""3a3b""],""scoreCp"":770}]},{""label"":""middlegame-60:mt500-mpv2-t1-h256:warm3"",""candidates"":[{""move"":""3h3g"",""pvUsi"":[""3h3g"",""2f1g"",""2i1g"",""1f1g+"",""3e3d"",""3c3d"",""5g5f"",""5c4d"",""5f5e"",""5d5e"",""S*1b"",""1c1d"",""5h5e"",""N*5d"",""4f5f"",""3a2b"",""1b2a+"",""2b2a""],""scoreCp"":847},{""move"":""1g1f"",""pvUsi"":[""1g1f"",""5c4d"",""1f1e"",""1c1e"",""P*1f"",""4d3e"",""4f6d"",""5a4b"",""1f1e"",""6b5c"",""6d2h"",""8d8e"",""1e1d"",""P*1b"",""8f8e"",""7a6a"",""5g5f"",""3a3b""],""scoreCp"":770}]}]"
middlegame-80,1nsg3nk/l1r6/p1p1gppp1/1p1+B5/1b1pp1P1l/1PP1PP2p/P2P3GN/LKG1R1S1L/1NS1S4 b 2p 1,500,2,1,256,3,3,1093.567,885.5,1516.4,500.333,330779.7,661113.9,543.3,0,"{""incomplete"":3}",3,0,"[{""label"":""middlegame-80:mt500-mpv2-t1-h256:warm1"",""candidates"":[]},{""label"":""middlegame-80:mt500-mpv2-t1-h256:warm2"",""candidates"":[]},{""label"":""middlegame-80:mt500-mpv2-t1-h256:warm3"",""candidates"":[]}]"
hand-piece-rich,1n2g4/l1s3k1r/p1+B1gp1pn/Bp7/1PPp5/5P2l/PG1P+pS2N/LK2R3L/1NS1S4 b 2Pg5p 1,500,2,1,256,3,3,861.633,861,867.8,500.667,291751.3,582716.2,543.3,17,"{""ok"":3}",0,0,"[{""label"":""hand-piece-rich:mt500-mpv2-t1-h256:warm1"",""candidates"":[{""move"":""7c5a"",""pvUsi"":[""7c5a"",""9c9d"",""P*3c"",""3b2b"",""G*3b"",""2b1a"",""5h5g"",""P*3a"",""P*2b"",""B*4d"",""8h7h"",""P*7g"",""8i7g"",""3a3b"",""3c3b+"",""1b2b"",""3b2b"",""1a2b"",""5g5c+"",""4d5c""],""scoreCp"":2164},{""move"":""9d7b+"",""pvUsi"":[""9d7b+"",""8a7c"",""5h5g"",""P*5f"",""5g5f"",""P*5e"",""5f5e"",""B*4d"",""7b7c"",""1f1g+"",""8h7h"",""4d5e"",""7c5e"",""P*7g"",""7h7g""],""scoreCp"":1422}]},{""label"":""hand-piece-rich:mt500-mpv2-t1-h256:warm2"",""candidates"":[{""move"":""7c5a"",""pvUsi"":[""7c5a"",""9c9d"",""P*3c"",""3b2b"",""G*3b"",""2b1a"",""5h5g"",""P*3a"",""P*2b"",""B*4d"",""8h7h"",""P*7g"",""8i7g"",""3a3b"",""3c3b+"",""1b2b"",""3b2b"",""1a2b"",""5g5c+"",""4d5c""],""scoreCp"":2164},{""move"":""9d7b+"",""pvUsi"":[""9d7b+"",""8a7c"",""5h5g"",""P*5f"",""5g5f"",""P*5e"",""5f5e"",""B*4d"",""7b7c"",""1f1g+"",""8h7h"",""4d5e"",""7c5e"",""P*7g"",""7h7g""],""scoreCp"":1422}]},{""label"":""hand-piece-rich:mt500-mpv2-t1-h256:warm3"",""candidates"":[{""move"":""7c5a"",""pvUsi"":[""7c5a"",""9c9d"",""P*3c"",""3b2b"",""G*3b"",""2b1a"",""5h5g"",""P*3a"",""P*2b"",""B*4d"",""8h7h"",""P*7g"",""8i7g"",""3a3b"",""3c3b+"",""1b2b"",""3b2b"",""1a2b"",""5g5c+"",""4d5c""],""scoreCp"":2164},{""move"":""9d7b+"",""pvUsi"":[""9d7b+"",""8a7c"",""5h5g"",""P*5f"",""5g5f"",""P*5e"",""5f5e"",""B*4d"",""7b7c"",""1f1g+"",""8h7h"",""4d5e"",""7c5e"",""P*7g"",""7h7g""],""scoreCp"":1422}]}]"
middlegame-120,1n2g4/+B1s1k3r/p+P2gp1pn/B8/2Pp2p2/1p2LP2l/PG1P+pS2N/LKR4PL/1NS1S1+p1g b 2P2p 1,500,2,1,256,3,3,905.9,888.4,971.4,500.667,277678.7,554608.4,550,17,"{""ok"":3}",0,0,"[{""label"":""middlegame-120:mt500-mpv2-t1-h256:warm1"",""candidates"":[{""move"":""9d8e"",""pvUsi"":[""9d8e"",""5b4b"",""8g8f"",""4b3c"",""5f5c"",""3c2d"",""5c5a+"",""1i1h"",""8c7b"",""1f1g+"",""8e6c+""],""scoreCp"":1715},{""move"":""8g8f"",""pvUsi"":[""8g8f"",""9c9d"",""8c7b"",""5g6g"",""9b7d"",""5b4b"",""5f5c+"",""4b5c"",""7d6e"",""6g7h"",""7i7h"",""R*5g"",""G*5d"",""5g5d+"",""6e5d"",""5c5d"",""R*5f"",""5d6c"",""5f5a+""],""scoreCp"":1458}]},{""label"":""middlegame-120:mt500-mpv2-t1-h256:warm2"",""candidates"":[{""move"":""9d8e"",""pvUsi"":[""9d8e"",""5b4b"",""8g8f"",""4b3c"",""5f5c"",""3c2d"",""5c5a+"",""1i1h"",""8c7b"",""1f1g+"",""8e6c+""],""scoreCp"":1715},{""move"":""8g8f"",""pvUsi"":[""8g8f"",""9c9d"",""8c7b"",""5g6g"",""9b7d"",""5b4b"",""5f5c+"",""4b5c"",""7d6e"",""6g7h"",""7i7h"",""R*5g"",""G*5d"",""5g5d+"",""6e5d"",""5c5d"",""R*5f"",""5d6c"",""5f5a+""],""scoreCp"":1458}]},{""label"":""middlegame-120:mt500-mpv2-t1-h256:warm3"",""candidates"":[{""move"":""9d8e"",""pvUsi"":[""9d8e"",""5b4b"",""8g8f"",""4b3c"",""5f5c"",""3c2d"",""5c5a+"",""1i1h"",""8c7b"",""1f1g+"",""8e6c+""],""scoreCp"":1715},{""move"":""8g8f"",""pvUsi"":[""8g8f"",""9c9d"",""8c7b"",""5g6g"",""9b7d"",""5b4b"",""5f5c+"",""4b5c"",""7d6e"",""6g7h"",""7i7h"",""R*5g"",""G*5d"",""5g5d+"",""6e5d"",""5c5d"",""R*5f"",""5d6c"",""5f5a+""],""scoreCp"":1458}]}]"
middlegame-150,1+Bp6/4+Bgr1p/1P2L1kpn/p4p2n/2Pp2p2/1pG2P3/P2P1S2+l/LKRS+p2PL/1NS1S1+p1g b GN2p 1,500,2,1,256,3,3,867.2,860.3,881.5,500,338119.7,676252.8,546.7,0,"{""incomplete"":3}",3,0,"[{""label"":""middlegame-150:mt500-mpv2-t1-h256:warm1"",""candidates"":[]},{""label"":""middlegame-150:mt500-mpv2-t1-h256:warm2"",""candidates"":[]},{""label"":""middlegame-150:mt500-mpv2-t1-h256:warm3"",""candidates"":[]}]"
mate-in-one,2p2+B2k/1+B3g2p/1P2L1Gpn/p1P2p3/3p2p2/lpG1NP3/P1KP+p3+l/LS1S2SP+n/1NR1S1+pg1 b RPp 1,500,2,1,256,3,3,1070.4,974.9,1266.6,500,608917,1217834,543.3,45.33,"{""mate"":3}",0,0,"[{""label"":""mate-in-one:mt500-mpv2-t1-h256:warm1"",""candidates"":[{""move"":""R*3a"",""pvUsi"":[""R*3a""],""scoreMate"":1},{""move"":""4a4b"",""pvUsi"":[""4a4b"",""5g6g"",""6h6g"",""8f8g+"",""8h8g"",""3i3h"",""G*2b""],""scoreMate"":7}]},{""label"":""mate-in-one:mt500-mpv2-t1-h256:warm2"",""candidates"":[{""move"":""R*3a"",""pvUsi"":[""R*3a""],""scoreMate"":1},{""move"":""4a4b"",""pvUsi"":[""4a4b"",""5g6g"",""6h6g"",""8f8g+"",""8h8g"",""3i3h"",""G*2b""],""scoreMate"":7}]},{""label"":""mate-in-one:mt500-mpv2-t1-h256:warm3"",""candidates"":[{""move"":""R*3a"",""pvUsi"":[""R*3a""],""scoreMate"":1},{""move"":""4a4b"",""pvUsi"":[""4a4b"",""5g6g"",""6h6g"",""8f8g+"",""8h8g"",""3i3h"",""G*2b""],""scoreMate"":7}]}]"
single-legal-move,2p5k/4Rg2p/1P2L1Gp1/p1P+B+Bp3/n2p2pnP/l1G2P3/P+pKP1+p2+l/LS1S2SP+n/1NR1S1+pg1 b P 1,500,2,1,256,3,3,899.133,879.9,962.5,499.667,546716.7,1094120.5,540,0,"{""incomplete"":3}",3,0,"[{""label"":""single-legal-move:mt500-mpv2-t1-h256:warm1"",""candidates"":[]},{""label"":""single-legal-move:mt500-mpv2-t1-h256:warm2"",""candidates"":[]},{""label"":""single-legal-move:mt500-mpv2-t1-h256:warm3"",""candidates"":[]}]"
sparse-endgame,l+P1+S5/+B1+B4sl/5r+N1n/l3p3p/2g1kS2P/2P3PG1/2S5L/+n1G4pK/P+p1G1R3 b 7Pn2p 1,500,2,1,256,3,3,894.367,884.2,942.3,500,1139565.7,2279131.3,546.7,142.33,"{""mate"":3}",0,0,"[{""label"":""sparse-endgame:mt500-mpv2-t1-h256:warm1"",""candidates"":[{""move"":""7b5d"",""pvUsi"":[""7b5d""],""scoreMate"":1},{""move"":""4e5f"",""pvUsi"":[""4e5f"",""5e6d"",""4i4c+"",""N*4b"",""7b7c""],""scoreMate"":5}]},{""label"":""sparse-endgame:mt500-mpv2-t1-h256:warm2"",""candidates"":[{""move"":""7b5d"",""pvUsi"":[""7b5d""],""scoreMate"":1},{""move"":""4e5f"",""pvUsi"":[""4e5f"",""5e6d"",""4i4c+"",""N*4b"",""7b7c""],""scoreMate"":5}]},{""label"":""sparse-endgame:mt500-mpv2-t1-h256:warm3"",""candidates"":[{""move"":""7b5d"",""pvUsi"":[""7b5d""],""scoreMate"":1},{""move"":""4e5f"",""pvUsi"":[""4e5f"",""5e6d"",""4i4c+"",""N*4b"",""7b7c""],""scoreMate"":5}]}]"
initial-position,lnsgkgsnl/1r5b1/ppppppppp/9/9/9/PPPPPPPPP/1B5R1/LNSGKGSNL b - 1,500,2,2,256,3,3,911.433,895.1,960.4,500,793852.3,1587704.7,1086.7,21.67,"{""ok"":3}",0,0,"[{""label"":""initial-position:mt500-mpv2-t2-h256:warm1"",""candidates"":[{""move"":""7g7f"",""pvUsi"":[""7g7f"",""8c8d"",""2g2f"",""8d8e"",""2f2e"",""4a3b"",""8h7g"",""3c3d"",""6g6f"",""2b3c"",""6i7h"",""1c1d"",""9g9f"",""6a5b"",""3i4h"",""4c4d"",""4i5h"",""9c9d"",""3g3f"",""3a4b"",""7i6h"",""4b4c"",""2i3g""],""scoreCp"":38},{""move"":""2g2f"",""pvUsi"":[""2g2f"",""8c8d"",""7g7f"",""8d8e"",""2f2e"",""4a3b"",""8h7g"",""3c3d"",""6g6f"",""2b3c"",""6i7h"",""1c1d"",""9g9f"",""3a4b"",""3i4h"",""9c9d"",""7i6h"",""6a5b"",""4i5h"",""7c7d"",""3g3f"",""5c5d"",""2i3g"",""8a7c"",""6h6g"",""7a6b""],""scoreCp"":34}]},{""label"":""initial-position:mt500-mpv2-t2-h256:warm2"",""candidates"":[{""move"":""7g7f"",""pvUsi"":[""7g7f"",""8c8d"",""2g2f"",""8d8e"",""2f2e"",""4a3b"",""8h7g"",""3c3d"",""7i8h"",""2b7g+"",""8h7g"",""3a2b"",""6i7h"",""2b3c"",""3g3f"",""6c6d"",""5i6h"",""7a6b"",""4i5h"",""9c9d"",""9g9f"",""1c1d"",""1g1f"",""4c4d"",""3i3h""],""scoreCp"":54},{""move"":""2g2f"",""pvUsi"":[""2g2f"",""8c8d"",""2f2e"",""8d8e"",""7g7f"",""4a3b"",""8h7g"",""3c3d"",""7i8h"",""2b7g+"",""8h7g"",""3a2b"",""6i7h"",""2b3c"",""3g3f"",""6c6d"",""5i6h"",""7a6b"",""9g9f"",""1c1d"",""3i4h"",""6b6c"",""9f9e"",""1d1e"",""2i3g"",""6a5b"",""4g4f"",""7c7d""],""scoreCp"":43}]},{""label"":""initial-position:mt500-mpv2-t2-h256:warm3"",""candidates"":[{""move"":""2g2f"",""pvUsi"":[""2g2f"",""8c8d"",""6i7h"",""8d8e"",""2f2e"",""4a3b"",""3i3h"",""8e8f"",""8g8f"",""8b8f"",""P*8g"",""8f8d"",""5i5h"",""3c3d"",""7g7f"",""2b8h+"",""7i8h""],""scoreCp"":86},{""move"":""6i7h"",""pvUsi"":[""6i7h"",""3c3d"",""7g7f"",""4c4d"",""2g2f"",""9c9d"",""9g9f"",""4a3b"",""7i6h"",""3a4b"",""2f2e"",""2b3c"",""6h7g"",""6c6d"",""5g5f"",""7a7b"",""8h7i"",""7b6c"",""2e2d"",""2c2d"",""7i2d"",""3c2d"",""2h2d""],""scoreCp"":73}]}]"
quiet-no-mate,1n1g1ksn1/l1rsg2b1/p1pp1p+Bpl/1p2p4/8p/2P3P1P/PP1PPPSP1/3S4R/LNG1KG1NL b P 1,500,2,2,256,3,3,923.567,904.9,965,500,674471,1348942,1076.7,11,"{""ok"":2,""incomplete"":1}",1,0,"[{""label"":""quiet-no-mate:mt500-mpv2-t2-h256:warm1"",""candidates"":[{""move"":""3c2b"",""pvUsi"":[""3c2b"",""3a2b"",""1f1e"",""B*3c"",""B*6f"",""3c6f"",""6g6f"",""B*9d"",""1e1d"",""9d7f"",""4i5h"",""6b5c"",""1d1c+"",""2b1c"",""B*8c""],""scoreCp"":1508},{""move"":""3c2c"",""pvUsi"":[""3c2c"",""4a5a"",""2c2b"",""3a2b"",""1f1e"",""B*2c"",""1h1f"",""6b5c"",""8i7g"",""5c6d"",""5i5h"",""7c7d"",""B*8c"",""7d7e"",""8c7b+"",""6a7b"",""7f7e""],""scoreCp"":1440}]},{""label"":""quiet-no-mate:mt500-mpv2-t2-h256:warm2"",""candidates"":[]},{""label"":""quiet-no-mate:mt500-mpv2-t2-h256:warm3"",""candidates"":[{""move"":""3c2b"",""pvUsi"":[""3c2b"",""3a2b"",""1f1e"",""B*3c"",""B*7g"",""3c7g+"",""8i7g"",""7c7d"",""B*8c"",""B*9d"",""8c9d+"",""9c9d"",""1e1d"",""7d7e"",""7f7e"",""B*8c""],""scoreCp"":1602},{""move"":""3c2c"",""pvUsi"":[""3c2c"",""4a5a"",""1f1e"",""2b9i+"",""1e1d"",""1c1d"",""1h1d"",""L*1c"",""1d3d"",""P*3c"",""2c1c"",""2a1c"",""3d2d"",""6b5c"",""1i1c+"",""3a4b"",""2d2a+"",""5a6b"",""1c2b"",""6b7a"",""2b3b"",""4b5a""],""scoreCp"":1535}]}]"
sente-middlegame,1nrg3n1/l2s2k2/p1p1gp1pl/1p1pp2s1/6P1p/b1P5P/PP1PPP1P1/L1KSRSG2/1NG4NL b BP 1,500,2,2,256,3,3,1026.3,884.8,1313.1,500.667,641020.7,1280333.8,1080,17.33,"{""ok"":3}",0,0,"[{""label"":""sente-middlegame:mt500-mpv2-t2-h256:warm1"",""candidates"":[{""move"":""9g9f"",""pvUsi"":[""9g9f"",""1e1f"",""B*8c"",""1f1g+"",""8c9b+"",""1g2g"",""3h2g"",""1c1i+"",""2i3g"",""7c7d"",""3g4e""],""scoreCp"":2021},{""move"":""1f1e"",""pvUsi"":[""1f1e"",""9f8e"",""1e1d"",""1c1d"",""1i1d"",""P*1c"",""P*1b"",""7c7d"",""1b1a+"",""7d7e"",""1a2a"",""1c1d"",""7h6i"",""7e7f"",""3e3d"",""5c4d"",""L*2f"",""4d3d"",""2f2d"",""2c2d""],""scoreCp"":1233}]},{""label"":""sente-middlegame:mt500-mpv2-t2-h256:warm2"",""candidates"":[{""move"":""9g9f"",""pvUsi"":[""9g9f"",""6a7b"",""5g5f"",""7c7d"",""1f1e"",""7d7e"",""5f5e"",""5d5e"",""5h5e"",""7e7f"",""P*5d"",""5c4d""],""scoreCp"":2072},{""move"":""3e3d"",""pvUsi"":[""3e3d"",""9f8e"",""1f1e"",""7c7d"",""1e1d"",""1c1d"",""1i1d"",""P*1c"",""P*1b"",""1c1d"",""1b1a+"",""7d7e"",""1a2a"",""3b4b"",""7f7e"",""4b5b"",""7h6i"",""7a7e"",""P*7g""],""scoreCp"":1195}]},{""label"":""sente-middlegame:mt500-mpv2-t2-h256:warm3"",""candidates"":[{""move"":""9g9f"",""pvUsi"":[""9g9f"",""7c7d"",""B*8c"",""7d7e"",""8c9b+"",""7e7f"",""9b8b"",""8d8e"",""8b7a"",""6a7a"",""B*6f"",""4c4d"",""5g5f""],""scoreCp"":2054},{""move"":""1f1e"",""pvUsi"":[""1f1e"",""9f8e"",""3e3d"",""7c7d"",""1e1d"",""1c1d"",""1i1d"",""P*1c"",""B*8b"",""1c1d"",""8b7a+"",""6a7a""],""scoreCp"":1140}]}]"
gote-middlegame,1nrgB2n1/l2s2k2/p1p1gp1pl/1p1pp2s1/6P1p/b1P5P/PP1PPP1P1/L1KSRSG2/1NG4NL w P 1,500,2,2,256,3,3,916.833,905.1,966.1,500,647283.3,1294512.3,1083.3,10,"{""incomplete"":1,""ok"":2}",1,0,"[{""label"":""gote-middlegame:mt500-mpv2-t2-h256:warm1"",""candidates"":[]},{""label"":""gote-middlegame:mt500-mpv2-t2-h256:warm2"",""candidates"":[{""move"":""9f8g+"",""pvUsi"":[""9f8g+"",""7h8g"",""6a5a"",""1f1e"",""8d8e"",""3e3d"",""7c7d"",""B*8b"",""7a6a"",""8b9a+"",""1c1e"",""1i1e""],""scoreCp"":164},{""move"":""9f8e"",""pvUsi"":[""9f8e"",""5a2d+"",""2c2d"",""1f1e"",""7c7d"",""1e1d"",""1c1d"",""1i1d"",""6d6e"",""1d1a+"",""6e6f"",""1a2a"",""7d7e"",""7h6i"",""7e7f"",""7i7h"",""B*9d"",""N*4e"",""6f6g+""],""scoreCp"":197}]},{""label"":""gote-middlegame:mt500-mpv2-t2-h256:warm3"",""candidates"":[{""move"":""9f8e"",""pvUsi"":[""9f8e"",""5a2d+"",""2c2d"",""1f1e"",""7c7d"",""1e1d"",""1c1d"",""1i1d"",""7d7e"",""5h5i"",""P*1c"",""1d1c"",""2a1c"",""7f7e"",""1c2e""],""scoreCp"":285},{""move"":""9f8g+"",""pvUsi"":[""9f8g+"",""7h8g"",""6a5a"",""B*8b"",""8d8e"",""8b7a+"",""6b7a"",""2i3g"",""B*4d"",""6h7g"",""B*4i"",""4h5i"",""4i5h+"",""5i5h"",""R*5i""],""scoreCp"":285}]}]"
middlegame-60,1nr1g1kn1/l2sb4/p1p1gpppl/1p2p4/3p2P2/1PP2+B1sp/P1KPPP2P/L1G1RSG2/1N2S2NL b p 1,500,2,2,256,3,3,923.3,900.7,976.7,500.333,643166.7,1285478.7,1076.7,17.67,"{""ok"":3}",0,0,"[{""label"":""middlegame-60:mt500-mpv2-t2-h256:warm1"",""candidates"":[{""move"":""3h3g"",""pvUsi"":[""3h3g"",""2f1g+"",""3e3d"",""3c3d"",""2i1g"",""1f1g+"",""5g5f"",""5a4b"",""5f5e"",""5b6c"",""5e5d"",""5c5d"",""S*1b"",""3a3b"",""1b2a+"",""7a2a"",""4f1c"",""S*6i"",""1i1g"",""6i5h+"",""5i5h""],""scoreCp"":754},{""move"":""1g1f"",""pvUsi"":[""1g1f"",""5c4d"",""3e3d"",""4d3d"",""4f6d"",""3a3b"",""1f1e"",""5a4b"",""1e1d"",""1c1d"",""1i1d"",""P*1c"",""1d1c+"",""2a1c""],""scoreCp"":717}]},{""label"":""middlegame-60:mt500-mpv2-t2-h256:warm2"",""candidates"":[{""move"":""1g1f"",""pvUsi"":[""1g1f"",""4c4d"",""3h3g"",""2f3g+"",""4h3g"",""5a4a"",""5h2h"",""4a3b"",""1f1e"",""G*4e"",""1e1d"",""4e4f"",""4g4f"",""1c1d"",""1i1d"",""B*3i"",""2h2f"",""3i5g+"",""1d1b+"",""7c7d"",""P*1d""],""scoreCp"":777},{""move"":""3h3g"",""pvUsi"":[""3h3g"",""2f3g+"",""4h3g"",""5a4a"",""1g1f"",""4c4d"",""5h2h"",""4a3b"",""1f1e"",""G*4e"",""1e1d"",""4e4f"",""4g4f"",""1c1d"",""1i1d"",""P*1c"",""L*2f"",""1c1d"",""2f2c+"",""P*2b"",""2c3b"",""3a3b"",""7g6h"",""8d8e"",""5i5h""],""scoreCp"":756}]},{""label"":""middlegame-60:mt500-mpv2-t2-h256:warm3"",""candidates"":[{""move"":""1g1f"",""pvUsi"":[""1g1f"",""4c4d"",""4h3g"",""2f3g"",""3h3g"",""S*4e"",""5h2h"",""4e4f"",""4g4f"",""5b4a"",""7g6h"",""7c7d"",""1f1e"",""7d7e"",""1e1d""],""scoreCp"":791},{""move"":""3h3g"",""pvUsi"":[""3h3g"",""2f1g"",""3e3d"",""3c3d"",""2i1g"",""1f1g+"",""5g5f"",""5a4b"",""5f5e"",""5b6c"",""5e5d"",""5c5d"",""P*2b"",""3a2b"",""5h5d"",""6c5d"",""4f5e"",""R*4d"",""1i1g"",""1c1g+""],""scoreCp"":761}]}]"
middlegame-80,1nsg3nk/l1r6/p1p1gppp1/1p1+B5/1b1pp1P1l/1PP1PP2p/P2P3GN/LKG1R1S1L/1NS1S4 b 2p 1,500,2,2,256,3,3,937.933,965.1,972,500.333,657221.3,1313550.6,1083.3,11.33,"{""ok"":2,""incomplete"":1}",1,0,"[{""label"":""middlegame-80:mt500-mpv2-t2-h256:warm1"",""candidates"":[{""move"":""6d5c"",""pvUsi"":[""6d5c"",""8e7f"",""G*7g"",""1f1g+"",""7g7f"",""1g1h"",""5c4c"",""6a5b"",""4c3b"",""5b4b"",""B*2b"",""1a1b"",""P*1c"",""2a1c"",""3b3a"",""N*2a"",""3e3d"",""3c3d"",""2b5e+""],""scoreCp"":2203},{""move"":""6d7e"",""pvUsi"":[""6d7e"",""1f1g+"",""2g1g"",""6a5b"",""8f8e"",""7c7d"",""7e6e"",""8a7c"",""6e5e"",""1a1b""],""scoreCp"":1840}]},{""label"":""middlegame-80:mt500-mpv2-t2-h256:warm2"",""candidates"":[]},{""label"":""middlegame-80:mt500-mpv2-t2-h256:warm3"",""candidates"":[{""move"":""6d5c"",""pvUsi"":[""6d5c"",""8e7f"",""1g2e"",""6e6f"",""G*7g"",""7f9d"",""6g6f"",""8d8e"",""8f8e"",""1a2b"",""P*7f"",""1f1g+"",""1h1g"",""1e1g+"",""2g1g""],""scoreCp"":2220},{""move"":""6d7e"",""pvUsi"":[""6d7e"",""1f1g+"",""8f8e"",""6a5b"",""2g1g"",""7c7d"",""7e6e"",""8a7c"",""6e6f"",""1e1g+"",""1h1g"",""1a2b"",""P*2d"",""8d8e"",""2d2c+"",""2b2c"",""L*2i"",""2c3b""],""scoreCp"":1864}]}]"
hand-piece-rich,1n2g4/l1s3k1r/p1+B1gp1pn/Bp7/1PPp5/5P2l/PG1P+pS2N/LK2R3L/1NS1S4 b 2Pg5p 1,500,2,2,256,3,3,929,900.7,990.8,500.333,582136.7,1163477.2,1086.7,16.33,"{""ok"":3}",0,0,"[{""label"":""hand-piece-rich:mt500-mpv2-t2-h256:warm1"",""candidates"":[{""move"":""7c5a"",""pvUsi"":[""7c5a"",""3b2a"",""5h5g"",""G*5b"",""P*3c"",""5b5a"",""G*3b"",""2a1a"",""9d7b+""],""scoreCp"":2247},{""move"":""9d7b+"",""pvUsi"":[""9d7b+"",""8a7c"",""5h5g"",""B*2b"",""8h7h"",""P*5f"",""P*3c"",""2b3c"",""5g5f"",""P*5e"",""P*3d"",""5e5f"",""3d3c+"",""3b3c"",""7b7c"",""5a5b"",""N*4e"",""3c2d"",""B*3c"",""2d3e"",""4e5c+"",""R*2h"",""P*5h""],""scoreCp"":1522}]},{""label"":""hand-piece-rich:mt500-mpv2-t2-h256:warm2"",""candidates"":[{""move"":""7c5a"",""pvUsi"":[""7c5a"",""3b2a"",""5h5g"",""P*5e"",""P*3c"",""9c9d"",""G*3b"",""1b3b"",""3c3b+"",""2a3b"",""R*4b"",""3b2a""],""scoreCp"":2211},{""move"":""9d7b+"",""pvUsi"":[""9d7b+"",""8a7c"",""5h5g"",""B*1a"",""8h7h"",""6e6f"",""6g6f"",""P*5f"",""4g5f"",""7c8e"",""5f6g"",""3b4a"",""7b4e""],""scoreCp"":1563}]},{""label"":""hand-piece-rich:mt500-mpv2-t2-h256:warm3"",""candidates"":[{""move"":""7c5a"",""pvUsi"":[""7c5a"",""G*4b"",""5h3h"",""P*3c"",""9d7b+"",""5c5b"",""5a5b"",""4b5b""],""scoreCp"":2204},{""move"":""9d7b+"",""pvUsi"":[""9d7b+"",""8a7c"",""5h5g"",""P*5f"",""4g5f"",""G*6c"",""P*2b"",""5a6b"",""S*2a"",""3b4a"",""7b6b"",""6c6b"",""2a1b""],""scoreCp"":1536}]}]"
middlegame-120,1n2g4/+B1s1k3r/p+P2gp1pn/B8/2Pp2p2/1p2LP2l/PG1P+pS2N/LKR4PL/1NS1S1+p1g b 2P2p 1,500,2,2,256,3,3,918.267,907.5,980.4,501.333,564622.3,1126241.3,1090,15.67,"{""ok"":3}",0,0,"[{""label"":""middlegame-120:mt500-mpv2-t2-h256:warm1"",""candidates"":[{""move"":""9d8e"",""pvUsi"":[""9d8e"",""5b4b"",""5f5c+"",""4b3c"",""8g8f"",""3c2d"",""8c7b"",""1c2e"",""9b6e"",""1f1g+"",""G*2f"",""P*8g"",""8h8g"",""N*9e"",""8f9e""],""scoreCp"":1770},{""move"":""8g8f"",""pvUsi"":[""8g8f"",""9c9d"",""8c7b"",""5g6g"",""9b6e"",""6g7h"",""7i7h"",""B*4d"",""S*7g""],""scoreCp"":1508}]},{""label"":""middlegame-120:mt500-mpv2-t2-h256:warm2"",""candidates"":[{""move"":""9d8e"",""pvUsi"":[""9d8e"",""5b4b"",""5f5c+"",""4b3c"",""8g8f"",""3c2d"",""G*2f"",""P*7g"",""7h7g"",""1i1h"",""8c7b"",""1f1g"",""8e6c+"",""N*1e"",""6c4e""],""scoreCp"":1877},{""move"":""8g8f"",""pvUsi"":[""8g8f"",""9c9d"",""8c7b"",""5g6g"",""9b7d"",""5b4b"",""7h7f"",""4b3c"",""5f5c+"",""3c2d"",""7d6e"",""P*8g"",""8f8g""],""scoreCp"":1603}]},{""label"":""middlegame-120:mt500-mpv2-t2-h256:warm3"",""candidates"":[{""move"":""9d8e"",""pvUsi"":[""9d8e"",""5b4b"",""5f5c+"",""4b3c"",""8g8f"",""P*8g"",""8f8g"",""3c2d"",""8c7b"",""1i1h"",""9b8a"",""1f1g+"",""S*2f""],""scoreCp"":1723},{""move"":""8g8f"",""pvUsi"":[""8g8f"",""9c9d"",""P*5d"",""P*8g"",""8h8g"",""5c6c"",""8c7b"",""5b4a"",""9b8a""],""scoreCp"":1617}]}]"
middlegame-150,1+Bp6/4+Bgr1p/1P2L1kpn/p4p2n/2Pp2p2/1pG2P3/P2P1S2+l/LKRS+p2PL/1NS1S1+p1g b GN2p 1,500,2,2,256,3,3,892.6,900.5,904.2,500.333,671989,1342984.4,1086.7,15.67,"{""ok"":3}",0,0,"[{""label"":""middlegame-150:mt500-mpv2-t2-h256:warm1"",""candidates"":[{""move"":""G*3d"",""pvUsi"":[""G*3d"",""3c2b"",""5b4b"",""3b3d"",""4b4c"",""1c2e"",""4c3d"",""G*4b"",""3d4d"",""2b1c"",""4d3e"",""2c2d"",""R*2a"",""4b3c"",""N*3d"",""1d2f"",""1h1g"",""2e1g+""],""scoreCp"":4187},{""move"":""N*4e"",""pvUsi"":[""N*4e"",""3c2d"",""1h1g"",""4b5b"",""L*2g"",""2d3d"",""5c5b+"",""B*1a"",""G*3c"",""3b3c"",""4e3c+"",""1a3c"",""R*2a"",""G*8g"",""8h9i"",""N*2f"",""2g2f""],""scoreCp"":1770}]},{""label"":""middlegame-150:mt500-mpv2-t2-h256:warm2"",""candidates"":[{""move"":""G*3d"",""pvUsi"":[""G*3d"",""3c2b"",""8a5d"",""8f8g+"",""8h8g"",""1c2e"",""5d4d"",""2b1c"",""4d3e"",""1c2b"",""3e4d"",""2b1c"",""5b4b"",""3b4b"",""G*3c"",""P*8f"",""7f8f"",""1d2f"",""1h1g"",""2e1g+""],""scoreCp"":3301},{""move"":""N*2f"",""pvUsi"":[""N*2f"",""4b5b"",""G*3d"",""3c2b"",""2f1d"",""2b1a"",""8a5d"",""5h6h"",""5d4d"",""1a2a"",""7f8f"",""6h7h"",""7i7h""],""scoreCp"":1724}]},{""label"":""middlegame-150:mt500-mpv2-t2-h256:warm3"",""candidates"":[{""move"":""G*3d"",""pvUsi"":[""G*3d"",""3c2b"",""8a5d"",""1c2e"",""5d4d"",""2b1c"",""4d3e"",""1c2b"",""3e4d"",""P*3c"",""5b4b"",""3b4b"",""4d3c"",""2b2a"",""G*1a"",""2a3a""],""scoreCp"":2825},{""move"":""N*2f"",""pvUsi"":[""N*2f"",""4b5b"",""G*3d"",""3c2b"",""2f1d"",""2b1a"",""7f8f"",""5h6h"",""5c5b+"",""6h7h"",""8h7h"",""R*8d"",""G*2b"",""3b2b"",""1d2b+"",""1a2b""],""scoreCp"":1698}]}]"
mate-in-one,2p2+B2k/1+B3g2p/1P2L1Gpn/p1P2p3/3p2p2/lpG1NP3/P1KP+p3+l/LS1S2SP+n/1NR1S1+pg1 b RPp 1,500,2,2,256,3,3,1066.333,986,1319.2,500,1225437.7,2450875.3,1086.7,52.33,"{""mate"":3}",0,0,"[{""label"":""mate-in-one:mt500-mpv2-t2-h256:warm1"",""candidates"":[{""move"":""R*3a"",""pvUsi"":[""R*3a""],""scoreMate"":1},{""move"":""4a4b"",""pvUsi"":[""4a4b"",""5g6g"",""6h6g"",""8f8g+"",""8h8g"",""9f9g+"",""G*2b""],""scoreMate"":7}]},{""label"":""mate-in-one:mt500-mpv2-t2-h256:warm2"",""candidates"":[{""move"":""R*3a"",""pvUsi"":[""R*3a""],""scoreMate"":1},{""move"":""4a4b"",""pvUsi"":[""4a4b"",""8f8g+"",""7g8g"",""9f9g+"",""8g9g"",""3i3h"",""G*2b""],""scoreMate"":7}]},{""label"":""mate-in-one:mt500-mpv2-t2-h256:warm3"",""candidates"":[{""move"":""R*3a"",""pvUsi"":[""R*3a""],""scoreMate"":1},{""move"":""4a4b"",""pvUsi"":[""4a4b"",""5g6g"",""6h6g"",""8f8g+"",""8h8g"",""P*8f"",""G*2b""],""scoreMate"":7}]}]"
single-legal-move,2p5k/4Rg2p/1P2L1Gp1/p1P+B+Bp3/n2p2pnP/l1G2P3/P+pKP1+p2+l/LS1S2SP+n/1NR1S1+pg1 b P 1,500,2,2,256,3,3,1012.4,979.5,1094,499.667,961920.3,1925387.9,1076.7,0,"{""incomplete"":3}",3,0,"[{""label"":""single-legal-move:mt500-mpv2-t2-h256:warm1"",""candidates"":[]},{""label"":""single-legal-move:mt500-mpv2-t2-h256:warm2"",""candidates"":[]},{""label"":""single-legal-move:mt500-mpv2-t2-h256:warm3"",""candidates"":[]}]"
sparse-endgame,l+P1+S5/+B1+B4sl/5r+N1n/l3p3p/2g1kS2P/2P3PG1/2S5L/+n1G4pK/P+p1G1R3 b 7Pn2p 1,500,2,2,256,3,3,965.4,989.4,997.5,500,2153124.3,4306248.7,1086.7,169,"{""mate"":3}",0,0,"[{""label"":""sparse-endgame:mt500-mpv2-t2-h256:warm1"",""candidates"":[{""move"":""7b5d"",""pvUsi"":[""7b5d""],""scoreMate"":1},{""move"":""4e5f"",""pvUsi"":[""4e5f"",""5e6d"",""4i4c+"",""N*4b"",""7b7c""],""scoreMate"":5}]},{""label"":""sparse-endgame:mt500-mpv2-t2-h256:warm2"",""candidates"":[{""move"":""7b5d"",""pvUsi"":[""7b5d""],""scoreMate"":1},{""move"":""4e5f"",""pvUsi"":[""4e5f"",""5e6d"",""4i4c+"",""N*4b"",""7b7c""],""scoreMate"":5}]},{""label"":""sparse-endgame:mt500-mpv2-t2-h256:warm3"",""candidates"":[{""move"":""7b5d"",""pvUsi"":[""7b5d""],""scoreMate"":1},{""move"":""4e5f"",""pvUsi"":[""4e5f"",""5e6d"",""4i4c+"",""N*4b"",""7b7c""],""scoreMate"":5}]}]"
initial-position,lnsgkgsnl/1r5b1/ppppppppp/9/9/9/PPPPPPPPP/1B5R1/LNSGKGSNL b - 1,500,3,1,256,3,3,867.667,862.4,886.9,499.667,416844.3,834214.5,550,6.67,"{""incomplete"":2,""ok"":1}",2,0,"[{""label"":""initial-position:mt500-mpv3-t1-h256:warm1"",""candidates"":[]},{""label"":""initial-position:mt500-mpv3-t1-h256:warm2"",""candidates"":[]},{""label"":""initial-position:mt500-mpv3-t1-h256:warm3"",""candidates"":[{""move"":""7g7f"",""pvUsi"":[""7g7f"",""8c8d"",""2g2f"",""8d8e"",""2f2e"",""4a3b"",""8h7g"",""3c3d"",""6g6f"",""2b3c"",""3i4h"",""3a4b"",""4i5h"",""1c1d"",""9g9f"",""9c9d"",""6i7h"",""4c4d"",""1g1f"",""7c7d"",""7i6h"",""6a5b"",""6h6g"",""4b4c"",""3g3f"",""8a7c"",""4g4f"",""7a6b"",""5i6h""],""scoreCp"":34},{""move"":""6i7h"",""pvUsi"":[""6i7h"",""8c8d"",""7g7f"",""8d8e"",""8h7g"",""4a3b"",""2g2f"",""3c3d"",""7i6h"",""1c1d"",""2f2e"",""2b7g+"",""6h7g"",""3a2b"",""1g1f"",""2b3c"",""6g6f"",""9c9d"",""9g9f"",""6a5b"",""4g4f"",""B*4g""],""scoreCp"":34},{""move"":""2g2f"",""pvUsi"":[""2g2f"",""8c8d"",""2f2e"",""4a3b"",""7g7f"",""8d8e"",""8h7g"",""3c3d"",""6g6f"",""2b3c"",""7i6h"",""9c9d"",""9g9f"",""7a6b"",""4i5h"",""3a4b"",""3i4h"",""4c4d"",""6i7h"",""6a5b"",""6h6g"",""4b4c""],""scoreCp"":31}]}]"
quiet-no-mate,1n1g1ksn1/l1rsg2b1/p1pp1p+Bpl/1p2p4/8p/2P3P1P/PP1PPPSP1/3S4R/LNG1KG1NL b P 1,500,3,1,256,3,3,861.2,855.2,874.5,500.667,346885,692850.5,543.3,17,"{""ok"":3}",0,0,"[{""label"":""quiet-no-mate:mt500-mpv3-t1-h256:warm1"",""candidates"":[{""move"":""3c2c"",""pvUsi"":[""3c2c"",""4a5a"",""2c2b"",""3a2b"",""1f1e"",""B*2c"",""2g2f"",""6b5c"",""1h2h"",""7b8b"",""2f2e"",""2a3c"",""4g4f""],""scoreCp"":1571},{""move"":""3c2b"",""pvUsi"":[""3c2b"",""3a2b"",""1f1e"",""B*3c"",""B*6f"",""6b5c"",""6f3c+"",""2a3c"",""1e1d"",""1c1d"",""1h1d"",""3c4e"",""3g4h"",""B*5e""],""scoreCp"":1558},{""move"":""3c3d"",""pvUsi"":[""3c3d"",""2b9i+"",""1f1e"",""9i2b"",""1e1d"",""1c1d"",""1h1d"",""L*1c"",""1d1c+"",""2a1c"",""P*1d"",""P*1b"",""1d1c+"",""1b1c"",""5i4h"",""6b5c"",""3d5f"",""7c7d""],""scoreCp"":853}]},{""label"":""quiet-no-mate:mt500-mpv3-t1-h256:warm2"",""candidates"":[{""move"":""3c2c"",""pvUsi"":[""3c2c"",""4a5a"",""2c2b"",""3a2b"",""1f1e"",""B*2c"",""2g2f"",""6b5c"",""1h2h"",""7b8b"",""2f2e"",""2a3c"",""4g4f""],""scoreCp"":1571},{""move"":""3c2b"",""pvUsi"":[""3c2b"",""3a2b"",""1f1e"",""B*3c"",""B*6f"",""6b5c"",""6f3c+"",""2a3c"",""1e1d"",""1c1d"",""1h1d"",""3c4e"",""3g4h"",""B*5e""],""scoreCp"":1558},{""move"":""3c3d"",""pvUsi"":[""3c3d"",""2b9i+"",""1f1e"",""9i2b"",""1e1d"",""1c1d"",""1h1d"",""L*1c"",""1d1c+"",""2a1c"",""P*1d"",""P*1b"",""1d1c+"",""1b1c"",""5i4h"",""6b5c"",""3d5f"",""7c7d""],""scoreCp"":853}]},{""label"":""quiet-no-mate:mt500-mpv3-t1-h256:warm3"",""candidates"":[{""move"":""3c2c"",""pvUsi"":[""3c2c"",""4a5a"",""2c2b"",""3a2b"",""1f1e"",""B*2c"",""2g2f"",""6b5c"",""1h2h"",""7b8b"",""2f2e"",""2a3c"",""4g4f""],""scoreCp"":1571},{""move"":""3c2b"",""pvUsi"":[""3c2b"",""3a2b"",""1f1e"",""B*3c"",""B*6f"",""6b5c"",""6f3c+"",""2a3c"",""1e1d"",""1c1d"",""1h1d"",""3c4e"",""3g4h"",""B*5e""],""scoreCp"":1558},{""move"":""3c3d"",""pvUsi"":[""3c3d"",""2b9i+"",""1f1e"",""9i2b"",""1e1d"",""1c1d"",""1h1d"",""L*1c"",""1d1c+"",""2a1c"",""P*1d"",""P*1b"",""1d1c+"",""1b1c"",""5i4h"",""6b5c"",""3d5f"",""7c7d""],""scoreCp"":853}]}]"
sente-middlegame,1nrg3n1/l2s2k2/p1p1gp1pl/1p1pp2s1/6P1p/b1P5P/PP1PPP1P1/L1KSRSG2/1NG4NL b BP 1,500,3,1,256,3,3,1004.267,879.7,1256.3,500,345178.7,690357.3,543.3,17,"{""ok"":3}",0,0,"[{""label"":""sente-middlegame:mt500-mpv3-t1-h256:warm1"",""candidates"":[{""move"":""9g9f"",""pvUsi"":[""9g9f"",""8d8e"",""1f1e"",""1c1e"",""1i1e"",""2d1e"",""P*1b"",""1e1f"",""1b1a+"",""4c4d"",""1a1b"",""1f2g+"",""3h2g""],""scoreCp"":2066},{""move"":""1f1e"",""pvUsi"":[""1f1e"",""9f6c"",""1e1d"",""1c1d"",""1i1d"",""P*1c"",""P*1b"",""7c7d"",""1b1a+"",""7d7e"",""1a2a"",""1c1d"",""7h6i"",""7e7f""],""scoreCp"":1225},{""move"":""3e3d"",""pvUsi"":[""3e3d"",""9f8e"",""1f1e"",""7c7d"",""1e1d"",""1c1d"",""1i1d"",""P*1c"",""P*1b"",""1c1d"",""1b1a+"",""7d7e"",""1a2a"",""7e7f"",""7h6i"",""L*7c"",""7i8h"",""7f7g+"",""8h7g"",""7c7g"",""8i7g"",""8e9d"",""L*3c"",""3b2a""],""scoreCp"":1213}]},{""label"":""sente-middlegame:mt500-mpv3-t1-h256:warm2"",""candidates"":[{""move"":""9g9f"",""pvUsi"":[""9g9f"",""8d8e"",""1f1e"",""1c1e"",""1i1e"",""2d1e"",""P*1b"",""1e1f"",""1b1a+"",""4c4d"",""1a1b"",""1f2g+"",""3h2g""],""scoreCp"":2066},{""move"":""1f1e"",""pvUsi"":[""1f1e"",""9f6c"",""1e1d"",""1c1d"",""1i1d"",""P*1c"",""P*1b"",""7c7d"",""1b1a+"",""7d7e"",""1a2a"",""1c1d"",""7h6i"",""7e7f""],""scoreCp"":1225},{""move"":""3e3d"",""pvUsi"":[""3e3d"",""9f8e"",""1f1e"",""7c7d"",""1e1d"",""1c1d"",""1i1d"",""P*1c"",""P*1b"",""1c1d"",""1b1a+"",""7d7e"",""1a2a"",""7e7f"",""7h6i"",""L*7c"",""7i8h"",""7f7g+"",""8h7g"",""7c7g"",""8i7g"",""8e9d"",""L*3c"",""3b2a""],""scoreCp"":1213}]},{""label"":""sente-middlegame:mt500-mpv3-t1-h256:warm3"",""candidates"":[{""move"":""9g9f"",""pvUsi"":[""9g9f"",""8d8e"",""1f1e"",""1c1e"",""1i1e"",""2d1e"",""P*1b"",""1e1f"",""1b1a+"",""4c4d"",""1a1b"",""1f2g+"",""3h2g""],""scoreCp"":2066},{""move"":""1f1e"",""pvUsi"":[""1f1e"",""9f6c"",""1e1d"",""1c1d"",""1i1d"",""P*1c"",""P*1b"",""7c7d"",""1b1a+"",""7d7e"",""1a2a"",""1c1d"",""7h6i"",""7e7f""],""scoreCp"":1225},{""move"":""3e3d"",""pvUsi"":[""3e3d"",""9f8e"",""1f1e"",""7c7d"",""1e1d"",""1c1d"",""1i1d"",""P*1c"",""P*1b"",""1c1d"",""1b1a+"",""7d7e"",""1a2a"",""7e7f"",""7h6i"",""L*7c"",""7i8h"",""7f7g+"",""8h7g"",""7c7g"",""8i7g"",""8e9d"",""L*3c"",""3b2a""],""scoreCp"":1213}]}]"
gote-middlegame,1nrgB2n1/l2s2k2/p1p1gp1pl/1p1pp2s1/6P1p/b1P5P/PP1PPP1P1/L1KSRSG2/1NG4NL w P 1,500,3,1,256,3,3,875.767,875.2,896.6,499.333,332951.3,666789.5,546.7,0,"{""incomplete"":3}",3,0,"[{""label"":""gote-middlegame:mt500-mpv3-t1-h256:warm1"",""candidates"":[]},{""label"":""gote-middlegame:mt500-mpv3-t1-h256:warm2"",""candidates"":[]},{""label"":""gote-middlegame:mt500-mpv3-t1-h256:warm3"",""candidates"":[]}]"
middlegame-60,1nr1g1kn1/l2sb4/p1p1gpppl/1p2p4/3p2P2/1PP2+B1sp/P1KPPP2P/L1G1RSG2/1N2S2NL b p 1,500,3,1,256,3,3,964,879.4,1156.7,500.333,344722.3,688984.7,543.3,16.67,"{""ok"":3}",0,0,"[{""label"":""middlegame-60:mt500-mpv3-t1-h256:warm1"",""candidates"":[{""move"":""1g1f"",""pvUsi"":[""1g1f"",""5c4d"",""1f1e"",""5a4b"",""1e1d"",""2f3e"",""4f6d"",""6b6c"",""6d3g"",""1c1d"",""1i1d""],""scoreCp"":802},{""move"":""3h3g"",""pvUsi"":[""3h3g"",""2f1e"",""1g1f"",""1e2d"",""1f1e"",""5a4b"",""3g2f"",""8d8e"",""8f8e"",""7c7d"",""4f8b"",""7d7e"",""8b7a"",""6b7a""],""scoreCp"":791},{""move"":""4h3g"",""pvUsi"":[""4h3g"",""2f1g+"",""3e3d"",""3c3d"",""5g5f"",""5a4b"",""5f5e"",""5d5e"",""5h5e"",""5c4d"",""5e6e"",""5b6c"",""2i1g"",""1f1g+"",""P*1b"",""3a2b"",""1b1a+""],""scoreCp"":692}]},{""label"":""middlegame-60:mt500-mpv3-t1-h256:warm2"",""candidates"":[{""move"":""1g1f"",""pvUsi"":[""1g1f"",""5c4d"",""1f1e"",""5a4b"",""1e1d"",""2f3e"",""4f6d"",""6b6c"",""6d3g"",""1c1d"",""1i1d""],""scoreCp"":802},{""move"":""3h3g"",""pvUsi"":[""3h3g"",""2f1e"",""1g1f"",""1e2d"",""1f1e"",""5a4b"",""3g2f"",""8d8e"",""8f8e"",""7c7d"",""4f8b"",""7d7e"",""8b7a"",""6b7a""],""scoreCp"":791},{""move"":""4h3g"",""pvUsi"":[""4h3g"",""2f1g+"",""3e3d"",""3c3d"",""5g5f"",""5a4b"",""5f5e"",""5d5e"",""5h5e"",""5c4d"",""5e6e"",""5b6c"",""2i1g"",""1f1g+"",""P*1b"",""3a2b"",""1b1a+""],""scoreCp"":692}]},{""label"":""middlegame-60:mt500-mpv3-t1-h256:warm3"",""candidates"":[{""move"":""1g1f"",""pvUsi"":[""1g1f"",""5c4d"",""1f1e"",""5a4b"",""1e1d"",""2f3e"",""4f6d"",""6b6c"",""6d3g"",""1c1d"",""1i1d""],""scoreCp"":802},{""move"":""3h3g"",""pvUsi"":[""3h3g"",""2f1e"",""1g1f"",""1e2d"",""1f1e"",""5a4b"",""3g2f"",""8d8e"",""8f8e"",""7c7d"",""4f8b"",""7d7e"",""8b7a"",""6b7a""],""scoreCp"":791},{""move"":""4h3g"",""pvUsi"":[""4h3g"",""2f1g+"",""3e3d"",""3c3d"",""5g5f"",""5a4b"",""5f5e"",""5d5e"",""5h5e"",""5c4d"",""2i1g"",""1f1g+"",""5e5h"",""N*5d""],""scoreCp"":707}]}]"
middlegame-80,1nsg3nk/l1r6/p1p1gppp1/1p1+B5/1b1pp1P1l/1PP1PP2p/P2P3GN/LKG1R1S1L/1NS1S4 b 2p 1,500,3,1,256,3,3,870.433,881.5,882.9,500.333,345191,689897,543.3,17,"{""ok"":3}",0,0,"[{""label"":""middlegame-80:mt500-mpv3-t1-h256:warm1"",""candidates"":[{""move"":""6d5c"",""pvUsi"":[""6d5c"",""8e7f"",""G*7g"",""1f1g+"",""7g7f"",""1g1h"",""5f5e"",""8d8e"",""8f8e"",""1a1b"",""3e3d"",""3c3d"",""5e5d"",""L*7d"",""P*7e"",""1e1g+""],""scoreCp"":2153},{""move"":""6d7e"",""pvUsi"":[""6d7e"",""6a5b"",""8f8e"",""1f1g+"",""2g1g"",""8d8e"",""P*2d"",""2c2d"",""5f5e"",""7c7d"",""7e6e"",""7b8b""],""scoreCp"":1873},{""move"":""6d5e"",""pvUsi"":[""6d5e"",""1f1g+"",""8f8e"",""1g1h"",""8h9i"",""5c4d"",""5e7g"",""8d8e"",""2g2f"",""1e1g+"",""5f5e"",""1a1b"",""5e5d"",""1h2h""],""scoreCp"":1677}]},{""label"":""middlegame-80:mt500-mpv3-t1-h256:warm2"",""candidates"":[{""move"":""6d5c"",""pvUsi"":[""6d5c"",""8e7f"",""G*7g"",""1f1g+"",""7g7f"",""1g1h"",""5f5e"",""8d8e"",""8f8e"",""1a1b"",""3e3d"",""3c3d"",""5e5d"",""L*7d"",""P*7e"",""1e1g+""],""scoreCp"":2153},{""move"":""6d7e"",""pvUsi"":[""6d7e"",""6a5b"",""8f8e"",""1f1g+"",""2g1g"",""8d8e"",""P*2d"",""2c2d"",""5f5e"",""7c7d"",""7e6e"",""7b8b""],""scoreCp"":1873},{""move"":""6d5e"",""pvUsi"":[""6d5e"",""1f1g+"",""8f8e"",""1g1h"",""8h9i"",""5c4d"",""5e7g"",""8d8e"",""2g2f"",""1e1g+"",""5f5e"",""1a1b"",""5e5d"",""1h2h""],""scoreCp"":1677}]},{""label"":""middlegame-80:mt500-mpv3-t1-h256:warm3"",""candidates"":[{""move"":""6d5c"",""pvUsi"":[""6d5c"",""8e7f"",""G*7g"",""1f1g+"",""7g7f"",""1g1h"",""5f5e"",""8d8e"",""8f8e"",""1a1b"",""3e3d"",""3c3d"",""5e5d"",""L*7d"",""P*7e"",""1e1g+""],""scoreCp"":2153},{""move"":""6d7e"",""pvUsi"":[""6d7e"",""6a5b"",""8f8e"",""1f1g+"",""2g1g"",""8d8e"",""P*2d"",""2c2d"",""5f5e"",""7c7d"",""7e6e"",""7b8b""],""scoreCp"":1873},{""move"":""6d5e"",""pvUsi"":[""6d5e"",""1f1g+"",""8f8e"",""1g1h"",""8h9i"",""5c4d"",""5e7g"",""8d8e"",""2g2f"",""1e1g+"",""5f5e"",""1a1b"",""5e5d"",""1h2h""],""scoreCp"":1677}]}]"
hand-piece-rich,1n2g4/l1s3k1r/p1+B1gp1pn/Bp7/1PPp5/5P2l/PG1P+pS2N/LK2R3L/1NS1S4 b 2Pg5p 1,500,3,1,256,3,3,867.767,870,877.8,500.333,304503,608598.6,540,10.67,"{""ok"":2,""incomplete"":1}",1,0,"[{""label"":""hand-piece-rich:mt500-mpv3-t1-h256:warm1"",""candidates"":[{""move"":""7c5a"",""pvUsi"":[""7c5a"",""3b2a"",""5h5g"",""P*5f"",""5g5f"",""9c9d"",""5f5c+"",""B*6i"",""P*2b"",""1b2b"",""G*3c"",""6i8g+"",""8h8g"",""G*8f"",""8g8f"",""G*9e"",""8f7f""],""scoreCp"":2080},{""move"":""9d7b+"",""pvUsi"":[""9d7b+"",""8a7c"",""5h5g"",""B*1a"",""8h7h"",""P*5f"",""5g5f"",""P*5e"",""5f5h"",""7c8e"",""5h3h"",""3b4a"",""P*2b"",""1b2b""],""scoreCp"":1561},{""move"":""P*3c"",""pvUsi"":[""P*3c"",""3b4a"",""5h5g"",""P*5f"",""5g5f"",""P*5e"",""9d7b+"",""8a7c"",""S*3b"",""4a5b"",""P*5d"",""5c6c"",""5f7f"",""5a6b"",""7b6b"",""6c6b"",""7e7d"",""7c8e""],""scoreCp"":1181}]},{""label"":""hand-piece-rich:mt500-mpv3-t1-h256:warm2"",""candidates"":[]},{""label"":""hand-piece-rich:mt500-mpv3-t1-h256:warm3"",""candidates"":[{""move"":""7c5a"",""pvUsi"":[""7c5a"",""3b2a"",""5h5g"",""P*5f"",""5g5f"",""9c9d"",""5f5c+"",""B*6i"",""P*2b"",""1b2b"",""G*3c"",""6i8g+"",""8h8g"",""G*8f"",""8g8f"",""G*9e"",""8f7f""],""scoreCp"":2080},{""move"":""9d7b+"",""pvUsi"":[""9d7b+"",""8a7c"",""5h5g"",""B*1a"",""8h7h"",""P*5f"",""5g5f"",""P*5e"",""5f5h"",""7c8e"",""5h3h"",""3b4a"",""P*2b"",""1b2b""],""scoreCp"":1561},{""move"":""P*3c"",""pvUsi"":[""P*3c"",""3b4a"",""5h5g"",""P*5f"",""5g5f"",""P*5e"",""9d7b+"",""8a7c"",""S*3b"",""4a5b"",""P*5d"",""5c6c"",""5f7f"",""5a6b"",""7b6b"",""6c6b"",""7e7d"",""7c8e""],""scoreCp"":1181}]}]"
middlegame-120,1n2g4/+B1s1k3r/p+P2gp1pn/B8/2Pp2p2/1p2LP2l/PG1P+pS2N/LKR4PL/1NS1S1+p1g b 2P2p 1,500,3,1,256,3,3,863.067,856.2,885.3,500.333,280581,560805.3,546.7,15,"{""ok"":3}",0,0,"[{""label"":""middlegame-120:mt500-mpv3-t1-h256:warm1"",""candidates"":[{""move"":""9d8e"",""pvUsi"":[""9d8e"",""5b4b"",""5f5c+"",""4b3c"",""8g8f"",""3c2d"",""8c7b"",""1i1h"",""S*2f"",""1f1g+"",""G*1e"",""2d3d"",""8e6c+"",""P*8g"",""8f8g"",""L*4d"",""9b8a"",""N*9e""],""scoreCp"":1797},{""move"":""8g8f"",""pvUsi"":[""8g8f"",""9c9d"",""5f5c"",""5b5c"",""8c7b"",""P*8e"",""8f7f"",""5g6g"",""9b6e"",""6g7h"",""7i7h"",""L*8f"",""7f8f"",""8e8f"",""G*5d"",""5c4b"",""5d4c"",""4b4a""],""scoreCp"":1487},{""move"":""5f5c+"",""pvUsi"":[""5f5c+"",""5b5c"",""8g8f"",""9c9d"",""8c7b"",""5g6g"",""9b6e"",""6g7h"",""7i7h"",""P*5d"",""P*5e"",""5c4d"",""6e5d"",""4d3c""],""scoreCp"":1473}]},{""label"":""middlegame-120:mt500-mpv3-t1-h256:warm2"",""candidates"":[{""move"":""9d8e"",""pvUsi"":[""9d8e"",""5b4b"",""5f5c+"",""4b3c"",""8g8f"",""3c2d"",""8c7b"",""1i1h"",""S*2f"",""1f1g+"",""G*1e"",""2d3d"",""8e6c+"",""P*8g"",""8f8g"",""L*4d"",""9b8a"",""N*9e""],""scoreCp"":1797},{""move"":""8g8f"",""pvUsi"":[""8g8f"",""9c9d"",""5f5c"",""5b5c"",""8c7b"",""P*8e"",""8f7f"",""5g6g"",""9b6e"",""6g7h"",""7i7h"",""L*8f"",""7f8f"",""8e8f"",""G*5d"",""5c4b"",""5d4c"",""4b4a""],""scoreCp"":1487},{""move"":""5f5c+"",""pvUsi"":[""5f5c+"",""5b5c"",""8g8f"",""9c9d"",""8c7b"",""5g6g"",""9b6e"",""6g7h"",""7i7h"",""P*5d"",""P*5e"",""5c4d"",""6e5d"",""4d3c""],""scoreCp"":1473}]},{""label"":""middlegame-120:mt500-mpv3-t1-h256:warm3"",""candidates"":[{""move"":""9d8e"",""pvUsi"":[""9d8e"",""5b4b"",""5f5c+"",""4b3c"",""8g8f"",""3c2d"",""8c7b"",""1i1h"",""S*2f"",""1f1g+"",""G*1e"",""2d3d"",""8e6c+"",""P*8g"",""8f8g"",""L*4d"",""9b8a"",""N*9e""],""scoreCp"":1797},{""move"":""8g8f"",""pvUsi"":[""8g8f"",""9c9d"",""5f5c"",""5b5c"",""8c7b"",""P*8e"",""8f7f"",""5g6g"",""9b6e"",""6g7h"",""7i7h"",""L*8f"",""7f8f"",""8e8f"",""G*5d"",""5c4b"",""5d4c"",""4b4a""],""scoreCp"":1487},{""move"":""5f5c+"",""pvUsi"":[""5f5c+"",""5b5c"",""8g8f"",""9c9d"",""8c7b"",""5g6g"",""9b6e"",""6g7h"",""7i7h"",""P*5d"",""P*5e"",""5c4d"",""6e5d"",""4d3c""],""scoreCp"":1473}]}]"
middlegame-150,1+Bp6/4+Bgr1p/1P2L1kpn/p4p2n/2Pp2p2/1pG2P3/P2P1S2+l/LKRS+p2PL/1NS1S1+p1g b GN2p 1,500,3,1,256,3,3,858.7,856.1,870.8,500.667,327589.3,654321.2,543.3,5.33,"{""incomplete"":2,""ok"":1}",2,0,"[{""label"":""middlegame-150:mt500-mpv3-t1-h256:warm1"",""candidates"":[]},{""label"":""middlegame-150:mt500-mpv3-t1-h256:warm2"",""candidates"":[{""move"":""G*3d"",""pvUsi"":[""G*3d"",""3c2b"",""5b4b"",""3b3d"",""4b4c"",""1c2e"",""4c3d"",""G*4b"",""8a5d"",""4b3c"",""R*5b"",""2b1c"",""3d3c"",""8f8g+"",""8h8g"",""5h6h""],""scoreCp"":4358},{""move"":""N*2f"",""pvUsi"":[""N*2f"",""4b5b"",""G*3d"",""3c2b"",""2f1d"",""2b3a"",""5c5b+"",""5h6h"",""N*4c"",""3a2a"",""7h6h"",""S*8g"",""8h9i""],""scoreCp"":1861},{""move"":""8a5d"",""pvUsi"":[""8a5d"",""4b5b"",""5d3b"",""3c3b"",""5c5b+"",""5h6h"",""7f8f"",""6h6g"",""1h1g"",""6g7h"",""7i7h"",""B*6f"",""N*7g"",""3b4c"",""R*5c"",""4c3d"",""P*3f""],""scoreCp"":1757}]},{""label"":""middlegame-150:mt500-mpv3-t1-h256:warm3"",""candidates"":[]}]"
mate-in-one,2p2+B2k/1+B3g2p/1P2L1Gpn/p1P2p3/3p2p2/lpG1NP3/P1KP+p3+l/LS1S2SP+n/1NR1S1+pg1 b RPp 1,500,3,1,256,3,3,868.933,857.3,893.4,500,618955.3,1237910.7,543.3,43.67,"{""mate"":3}",0,0,"[{""label"":""mate-in-one:mt500-mpv3-t1-h256:warm1"",""candidates"":[{""move"":""R*3a"",""pvUsi"":[""R*3a""],""scoreMate"":1},{""move"":""4a3a"",""pvUsi"":[""4a3a"",""5g6g"",""6h6g"",""8f8g+"",""8h8g"",""4b3c"",""R*2a""],""scoreMate"":7},{""move"":""4a4b"",""pvUsi"":[""4a4b"",""8f8g+"",""7g8g"",""9f9g+"",""8g9g"",""P*8f"",""G*2b""],""scoreMate"":7}]},{""label"":""mate-in-one:mt500-mpv3-t1-h256:warm2"",""candidates"":[{""move"":""R*3a"",""pvUsi"":[""R*3a""],""scoreMate"":1},{""move"":""4a3a"",""pvUsi"":[""4a3a"",""5g6g"",""6h6g"",""8f8g+"",""8h8g"",""4b3c"",""R*2a""],""scoreMate"":7},{""move"":""4a4b"",""pvUsi"":[""4a4b"",""8f8g+"",""7g8g"",""9f9g+"",""8g9g"",""P*8f"",""G*2b""],""scoreMate"":7}]},{""label"":""mate-in-one:mt500-mpv3-t1-h256:warm3"",""candidates"":[{""move"":""R*3a"",""pvUsi"":[""R*3a""],""scoreMate"":1},{""move"":""4a3a"",""pvUsi"":[""4a3a"",""5g6g"",""6h6g"",""8f8g+"",""8h8g"",""4b3c"",""R*2a""],""scoreMate"":7},{""move"":""4a4b"",""pvUsi"":[""4a4b"",""8f8g+"",""7g8g"",""9f9g+"",""8g9g"",""P*8f"",""G*2b""],""scoreMate"":7}]}]"
single-legal-move,2p5k/4Rg2p/1P2L1Gp1/p1P+B+Bp3/n2p2pnP/l1G2P3/P+pKP1+p2+l/LS1S2SP+n/1NR1S1+pg1 b P 1,500,3,1,256,3,3,855,852.7,860.4,500,576669.7,1153339.3,543.3,0,"{""incomplete"":3}",3,0,"[{""label"":""single-legal-move:mt500-mpv3-t1-h256:warm1"",""candidates"":[]},{""label"":""single-legal-move:mt500-mpv3-t1-h256:warm2"",""candidates"":[]},{""label"":""single-legal-move:mt500-mpv3-t1-h256:warm3"",""candidates"":[]}]"
sparse-endgame,l+P1+S5/+B1+B4sl/5r+N1n/l3p3p/2g1kS2P/2P3PG1/2S5L/+n1G4pK/P+p1G1R3 b 7Pn2p 1,500,3,1,256,3,3,863.133,860,877.6,500,1158704,2317408,543.3,106,"{""mate"":3}",0,0,"[{""label"":""sparse-endgame:mt500-mpv3-t1-h256:warm1"",""candidates"":[{""move"":""7b5d"",""pvUsi"":[""7b5d""],""scoreMate"":1},{""move"":""4e5f"",""pvUsi"":[""4e5f"",""5e6d"",""4i4c+"",""7e7f"",""R*6e""],""scoreMate"":5},{""move"":""3c4c"",""pvUsi"":[""3c4c"",""5e6d"",""R*6c"",""6d5e"",""9b5f""],""scoreMate"":5}]},{""label"":""sparse-endgame:mt500-mpv3-t1-h256:warm2"",""candidates"":[{""move"":""7b5d"",""pvUsi"":[""7b5d""],""scoreMate"":1},{""move"":""4e5f"",""pvUsi"":[""4e5f"",""5e6d"",""4i4c+"",""7e7f"",""R*6e""],""scoreMate"":5},{""move"":""3c4c"",""pvUsi"":[""3c4c"",""5e6d"",""R*6c"",""6d5e"",""9b5f""],""scoreMate"":5}]},{""label"":""sparse-endgame:mt500-mpv3-t1-h256:warm3"",""candidates"":[{""move"":""7b5d"",""pvUsi"":[""7b5d""],""scoreMate"":1},{""move"":""4e5f"",""pvUsi"":[""4e5f"",""5e6d"",""4i4c+"",""7e7f"",""R*6e""],""scoreMate"":5},{""move"":""3c4c"",""pvUsi"":[""3c4c"",""5e6d"",""R*6c"",""6d5e"",""9b5f""],""scoreMate"":5}]}]"
initial-position,lnsgkgsnl/1r5b1/ppppppppp/9/9/9/PPPPPPPPP/1B5R1/LNSGKGSNL b - 1,500,3,2,256,3,3,882.2,885.6,885.7,500,810832.7,1621665.3,1080,6.33,"{""incomplete"":2,""ok"":1}",2,0,"[{""label"":""initial-position:mt500-mpv3-t2-h256:warm1"",""candidates"":[]},{""label"":""initial-position:mt500-mpv3-t2-h256:warm2"",""candidates"":[{""move"":""7g7f"",""pvUsi"":[""7g7f"",""8c8d"",""2g2f"",""8d8e"",""2f2e"",""4a3b"",""8h7g"",""3c3d"",""6g6f"",""2b3c"",""6i7h"",""3c4b"",""3i4h"",""5c5d"",""7i6h"",""3a2b"",""3g3f"",""6a5b"",""2i3g"",""9c9d""],""scoreCp"":36},{""move"":""7g7f"",""pvUsi"":[""7g7f"",""3c3d"",""2g2f"",""8c8d"",""2f2e"",""4a3b"",""6g6f"",""8d8e"",""8h7g"",""2b3c"",""6i7h"",""3a2b"",""7i6h"",""6a5b"",""5g5f"",""3c4b"",""3i4h"",""7c7d"",""3g3f"",""5a4a""],""scoreCp"":30},{""move"":""6i7h"",""pvUsi"":[""6i7h"",""8c8d"",""7g7f"",""3c3d"",""2g2f"",""8d8e"",""2f2e"",""4a3b"",""5i6h"",""8e8f"",""8g8f"",""8b8f"",""2e2d"",""2c2d"",""2h2d"",""8f7f"",""8h7g"",""7f7d"",""3i3h"",""P*2c""],""scoreCp"":23}]},{""label"":""initial-position:mt500-mpv3-t2-h256:warm3"",""candidates"":[]}]"
quiet-no-mate,1n1g1ksn1/l1rsg2b1/p1pp1p+Bpl/1p2p4/8p/2P3P1P/PP1PPPSP1/3S4R/LNG1KG1NL b P 1,500,3,2,256,3,3,911.167,882.1,974,500.667,682641.3,1363413.3,1080,17.33,"{""ok"":3}",0,0,"[{""label"":""quiet-no-mate:mt500-mpv3-t2-h256:warm1"",""candidates"":[{""move"":""3c2b"",""pvUsi"":[""3c2b"",""3a2b"",""1f1e"",""B*3c"",""B*6f"",""7b8b"",""6f3c+"",""2a3c"",""1e1d"",""1c1d"",""1h1d"",""P*1c"",""1d1h"",""6b5c"",""8i7g"",""5c4b"",""3f3e"",""8d8e"",""3e3d"",""3c2e"",""3g4f""],""scoreCp"":1523},{""move"":""3c2c"",""pvUsi"":[""3c2c"",""4a5a"",""1f1e"",""2b9i+"",""1e1d"",""1c1d"",""1h1d"",""3a2b"",""2c2d"",""2b3c"",""1d1b+"",""3c2d"",""1b2a"",""P*3a"",""2a2d"",""6b7a"",""8i7g"",""7c7d"",""2d2a"",""7d7e"",""2a3a"",""5a6b""],""scoreCp"":1388},{""move"":""3c7g"",""pvUsi"":[""3c7g"",""2b7g+"",""8i7g"",""1e1f"",""B*8c"",""1f1g+"",""2i1g"",""4a5a"",""8c7b+"",""6a7b"",""5i6i"",""P*1f"",""1g2e"",""1f1g+"",""2e1c"",""1g1h"",""1c2a+""],""scoreCp"":694}]},{""label"":""quiet-no-mate:mt500-mpv3-t2-h256:warm2"",""candidates"":[{""move"":""3c2b"",""pvUsi"":[""3c2b"",""3a2b"",""1f1e"",""B*3c"",""B*6f"",""3c1e"",""1h1e"",""1c1e"",""6f2b+"",""1e1i+"",""S*8c"",""7b7a"",""2b2a"",""1i2i"",""8c8b+"",""4a5a"",""B*3c"",""5b4b"",""8b7a"",""6b7a""],""scoreCp"":1538},{""move"":""3c2c"",""pvUsi"":[""3c2c"",""4a5a"",""2c2b"",""3a2b"",""1f1e"",""B*3c"",""B*7g"",""3c1e"",""1h2h"",""1e3c"",""P*1d"",""1c1d"",""1i1d"",""P*1c"",""L*2f"",""3c7g+"",""8i7g"",""2b3c"",""2f2a+"",""1c1d"",""2a3a"",""7c7d"",""3a3b"",""3c2d"",""B*2c"",""6b5c"",""2c3d+"",""2d1e"",""3b3c""],""scoreCp"":1512},{""move"":""3c3d"",""pvUsi"":[""3c3d"",""2b9i+"",""1f1e"",""9i2b"",""6g6f"",""7c7d"",""3d6g"",""3a3b"",""1e1d"",""1c1d"",""P*1e"",""1d1e"",""1h1e"",""P*1d"",""1e1d""],""scoreCp"":740}]},{""label"":""quiet-no-mate:mt500-mpv3-t2-h256:warm3"",""candidates"":[{""move"":""3c2b"",""pvUsi"":[""3c2b"",""3a2b"",""1f1e"",""B*3c"",""B*7g"",""3c1e"",""1h1e"",""1c1e"",""1i1e"",""2b3c"",""3g2h"",""6c6d"",""1e1b+"",""4c4d"",""1b2a"",""4a5a"",""P*1d""],""scoreCp"":1618},{""move"":""3c2c"",""pvUsi"":[""3c2c"",""4a5a"",""2c2b"",""3a2b"",""1f1e"",""B*3c"",""1e1d"",""3c9i+"",""1d1c+"",""2b1c"",""B*1b"",""9i2b"",""1b2a+"",""2b2a"",""1h1c+"",""6b7a"",""8i7g""],""scoreCp"":1442},{""move"":""3c3d"",""pvUsi"":[""3c3d"",""2b9i+"",""1f1e"",""9i2b"",""1e1d"",""1c1d"",""P*1e"",""1d1e"",""1h1e"",""P*1d"",""1e1d"",""L*1c"",""1d1c+"",""2a1c"",""P*1d"",""1c2e"",""3d2e"",""P*1h"",""1i1h"",""R*1i"",""1d1c+"",""2b5e"",""L*3d"",""1i1h+"",""1c2c"",""4a5a"",""3d3a+"",""1h2i""],""scoreCp"":733}]}]"
sente-middlegame,1nrg3n1/l2s2k2/p1p1gp1pl/1p1pp2s1/6P1p/b1P5P/PP1PPP1P1/L1KSRSG2/1NG4NL b BP 1,500,3,2,256,3,3,1150.5,973.9,1580,500,610765,1221530,1080,17,"{""ok"":3}",0,0,"[{""label"":""sente-middlegame:mt500-mpv3-t2-h256:warm1"",""candidates"":[{""move"":""9g9f"",""pvUsi"":[""9g9f"",""7c7d"",""B*8c"",""7d7e"",""8c9b+"",""7e7f"",""9b8b"",""7a7e"",""8b8a"",""7e3e"",""4h3g"",""1e1f"",""B*8c"",""3e7e"",""L*3f"",""P*3e""],""scoreCp"":2012},{""move"":""B*8b"",""pvUsi"":[""B*8b"",""9f8e"",""8b7a+"",""6a7a"",""1f1e"",""8e7f"",""1e1d"",""1c1d"",""1i1d"",""P*1c"",""R*1b"",""B*2b"",""P*7g"",""7f6e"",""1d1c+"",""2d1c"",""3e3d"",""5c4d""],""scoreCp"":1255},{""move"":""1f1e"",""pvUsi"":[""1f1e"",""9f8e"",""1e1d"",""1c1d"",""1i1d"",""P*1c"",""P*1b"",""1c1d"",""1b1a+"",""7c7d"",""1a2a"",""7d7e"",""7h6i"",""7e7f"",""3e3d"",""6a5b"",""L*2f"",""L*7g""],""scoreCp"":1208}]},{""label"":""sente-middlegame:mt500-mpv3-t2-h256:warm2"",""candidates"":[{""move"":""9g9f"",""pvUsi"":[""9g9f"",""1e1f"",""B*8c"",""1f1g+"",""2i1g"",""8d8e"",""8c9b+"",""6a7b"",""5g5f"",""P*1f"",""L*3d"",""3b4b""],""scoreCp"":2023},{""move"":""1f1e"",""pvUsi"":[""1f1e"",""9f6c"",""1e1d"",""1c1d"",""1i1d"",""P*1c"",""P*1b"",""1c1d"",""1b1a+"",""2a1c"",""1a1b"",""1c2e"",""3e3d"",""7c7d"",""6h7g""],""scoreCp"":1276},{""move"":""3e3d"",""pvUsi"":[""3e3d"",""9f6c"",""1f1e"",""7c7d"",""1e1d"",""1c1d"",""1i1d"",""P*1c"",""P*1b"",""1c1d"",""1b1a+"",""7d7e"",""1a2a"",""7e7f""],""scoreCp"":1251}]},{""label"":""sente-middlegame:mt500-mpv3-t2-h256:warm3"",""candidates"":[{""move"":""9g9f"",""pvUsi"":[""9g9f"",""7c7d"",""1f1e"",""7d7e"",""1e1d"",""1c1d"",""1i1d"",""8a7c"",""7f7e"",""7c6e"",""B*1a"",""P*7g"",""7h6i"",""7a7e"",""P*7f"",""7e7f""],""scoreCp"":2033},{""move"":""3e3d"",""pvUsi"":[""3e3d"",""9f8e"",""1f1e"",""7c7d"",""1e1d"",""1c1d"",""1i1d"",""P*1c"",""P*1b"",""7d7e"",""1b1a+"",""1c1d"",""1a2a"",""7e7f"",""7h6i"",""4c4d"",""8g8f"",""8e9d"",""7i7h"",""6a5b"",""5g5f""],""scoreCp"":1208},{""move"":""1f1e"",""pvUsi"":[""1f1e"",""9f6c"",""3e3d"",""7c7d"",""1e1d"",""1c1d"",""1i1d"",""P*1c"",""P*1b"",""7d7e"",""1b1a+"",""7e7f"",""1a2a"",""1c1d"",""7h6i"",""6a5b"",""N*4e"",""3b2a"",""4e5c+"",""6b5c""],""scoreCp"":1205}]}]"
gote-middlegame,1nrgB2n1/l2s2k2/p1p1gp1pl/1p1pp2s1/6P1p/b1P5P/PP1PPP1P1/L1KSRSG2/1NG4NL w P 1,500,3,2,256,3,3,886.6,892,898.8,500.333,660125.7,1319367.1,1080,14.67,"{""ok"":3}",0,0,"[{""label"":""gote-middlegame:mt500-mpv3-t2-h256:warm1"",""candidates"":[{""move"":""9f8e"",""pvUsi"":[""9f8e"",""5a2d+"",""2c2d"",""1f1e"",""7c7d"",""4h5i"",""B*5e"",""3h3g"",""5e9i+"",""5h1h"",""3b4b"",""S*8b""],""scoreCp"":264},{""move"":""9f8e"",""pvUsi"":[""9f8e"",""5a2d+"",""2c2d"",""1f1e"",""7c7d"",""1e1d"",""1c1d"",""1i1d"",""7d7e"",""3e3d"",""7e7f"",""7h6i"",""3b4b"",""1d1b+"",""7f7g+"",""8i7g"",""8e9d"",""1b2a""],""scoreCp"":281},{""move"":""9f6c"",""pvUsi"":[""9f6c"",""5a2d+"",""2c2d"",""1f1e"",""7c7d"",""1e1d"",""1c1d"",""1i1d"",""7d7e"",""7h6i"",""B*4i"",""3h3i"",""4i5h+"",""6i5h"",""R*1h"",""5h6i"",""1h1d+"",""3e3d""],""scoreCp"":360}]},{""label"":""gote-middlegame:mt500-mpv3-t2-h256:warm2"",""candidates"":[{""move"":""9f8e"",""pvUsi"":[""9f8e"",""5a2d+"",""2c2d"",""1f1e"",""7c7d"",""4h5i"",""7d7e"",""1e1d"",""1c1d"",""1i1d"",""7e7f"",""1d1a+"",""6d6e"",""P*7e"",""6e6f"",""6g6f"",""B*9d"",""7h8h""],""scoreCp"":170},{""move"":""9f8g+"",""pvUsi"":[""9f8g+"",""7h8g"",""6a5a"",""B*8b"",""7a6a"",""8b9a+"",""1e1f"",""9a9b"",""1f1g+"",""2i1g"",""P*1f"",""1g2e"",""2d2e"",""P*1b""],""scoreCp"":176},{""move"":""9f6c"",""pvUsi"":[""9f6c"",""5a2d+"",""2c2d"",""1f1e"",""7c7d"",""1e1d"",""1c1d"",""1i1d"",""7d7e"",""1d1b+"",""B*4i"",""4h5i"",""4i5h+"",""5i5h"",""R*1h"",""S*8b"",""7a7d"",""L*3i"",""1h1b+"",""B*8c"",""L*7b"",""8b8a"",""7e7f""],""scoreCp"":303}]},{""label"":""gote-middlegame:mt500-mpv3-t2-h256:warm3"",""candidates"":[{""move"":""9f8g+"",""pvUsi"":[""9f8g+"",""7h8g"",""6a5a"",""B*8b"",""8d8e"",""8b7a+"",""6b7a"",""6h7g"",""7c7d"",""4h5i"",""7d7e"",""1f1e"",""B*4i"",""1e1d"",""1c1d"",""1i1d"",""4i5h+"",""5i5h"",""7e7f"",""7g7f""],""scoreCp"":255},{""move"":""9f8e"",""pvUsi"":[""9f8e"",""5a2d+"",""2c2d"",""1f1e"",""7c7d"",""1e1d"",""1c1d"",""1i1d"",""7d7e"",""1d1b+"",""6d6e"",""S*8f"",""8e9d"",""8f7e"",""6e6f"",""7e6f"",""B*4i"",""4h5i"",""4i5h+"",""5i5h"",""R*1h"",""L*3d"",""3b4b""],""scoreCp"":276},{""move"":""9f6c"",""pvUsi"":[""9f6c"",""5a2d+"",""2c2d"",""1f1e"",""7c7d"",""1e1d"",""1c1d"",""1i1d"",""7d7e"",""7h6i"",""B*4i"",""3h3i"",""4i5h+"",""6i5h"",""P*3h"",""3i3h"",""R*1h"",""3h3i"",""7e7f"",""L*3h"",""3b4b"",""3e3d"",""4b5b"",""3d3c+"",""2a3c"",""3h3c+""],""scoreCp"":314}]}]"
middlegame-60,1nr1g1kn1/l2sb4/p1p1gpppl/1p2p4/3p2P2/1PP2+B1sp/P1KPPP2P/L1G1RSG2/1N2S2NL b p 1,500,3,2,256,3,3,1025.9,881.1,1322.5,500,654929,1309858,1080,16,"{""ok"":3}",0,0,"[{""label"":""middlegame-60:mt500-mpv3-t2-h256:warm1"",""candidates"":[{""move"":""3h3g"",""pvUsi"":[""3h3g"",""2f1g+"",""3e3d"",""3c3d"",""2i1g"",""1f1g+"",""5g5f"",""3a2b"",""5f5e"",""5d5e"",""4f5e"",""4c4d"",""P*5d"",""5c4c"",""5e6d"",""5a4b""],""scoreCp"":820},{""move"":""1g1f"",""pvUsi"":[""1g1f"",""5c4d"",""1f1e"",""1c1e"",""P*1f"",""8d8e"",""1f1e"",""5a4b"",""1e1d"",""4d3e"",""4f6d"",""6b5c"",""6d7e""],""scoreCp"":782},{""move"":""4h3g"",""pvUsi"":[""4h3g"",""2f1g+"",""3e3d"",""3c3d"",""3h2h"",""5a4b"",""2i1g"",""1f1g+"",""2h1g"",""4b3b"",""5h2h"",""1c1g+"",""1i1g"",""G*3e"",""1g1b+"",""3e4f"",""3g4f""],""scoreCp"":720}]},{""label"":""middlegame-60:mt500-mpv3-t2-h256:warm2"",""candidates"":[{""move"":""3h3g"",""pvUsi"":[""3h3g"",""2f1g"",""3e3d"",""3c3d"",""2i1g"",""1f1g+"",""5g5f"",""5a4b"",""5f5e"",""5d5e"",""5h5e"",""P*1h"",""5e6e"",""P*6d"",""6e2e"",""4b3b"",""P*2d"",""2c2d"",""2e2d""],""scoreCp"":816},{""move"":""1g1f"",""pvUsi"":[""1g1f"",""5c4d"",""4f6d"",""3a2b"",""3h3g"",""2f3e"",""1f1e"",""7a6a"",""5g5f"",""6b6c"",""6d6e"",""7c7d"",""6e6f"",""6c6d"",""6f8d"",""8a7c"",""1e1d"",""1c1d"",""1i1d"",""P*1c""],""scoreCp"":754},{""move"":""4h3g"",""pvUsi"":[""4h3g"",""2f1g+"",""3h2h"",""7c7d"",""3e3d"",""5a4b"",""3d3c+"",""4b3c"",""2i1g"",""1f1g+"",""1i1g"",""1c1g+"",""2h1g""],""scoreCp"":703}]},{""label"":""middlegame-60:mt500-mpv3-t2-h256:warm3"",""candidates"":[{""move"":""3h3g"",""pvUsi"":[""3h3g"",""2f1e"",""1g1f"",""1e2d"",""1f1e"",""7c7d"",""5g5f"",""7d7e"",""7g6h"",""7e7f"",""4f8b"",""4c4d"",""8b7a"",""6b7a""],""scoreCp"":823},{""move"":""1g1f"",""pvUsi"":[""1g1f"",""5c4d"",""1f1e"",""1c1e"",""P*1f"",""4d3e"",""4f6d"",""5a4b"",""1f1e"",""6b5c"",""6d7e"",""8d8e"",""5g5f"",""7c7d"",""7e8e"",""7d7e"",""8e7e"",""7a7e"",""7f7e"",""B*4d"",""7g6h""],""scoreCp"":755},{""move"":""4h3g"",""pvUsi"":[""4h3g"",""2f1g+"",""2i1g"",""1f1g+"",""3e3d"",""3c3d"",""5g5f"",""5a4b"",""5f5e"",""5d5e"",""5h5e"",""P*5d"",""5e2e"",""4b3b"",""P*2d"",""2c2d"",""4f2d""],""scoreCp"":710}]}]"
middlegame-80,1nsg3nk/l1r6/p1p1gppp1/1p1+B5/1b1pp1P1l/1PP1PP2p/P2P3GN/LKG1R1S1L/1NS1S4 b 2p 1,500,3,2,256,3,3,937.833,875.9,1065,500,657393,1314786,1080,16.67,"{""ok"":3}",0,0,"[{""label"":""middlegame-80:mt500-mpv3-t2-h256:warm1"",""candidates"":[{""move"":""6d5c"",""pvUsi"":[""6d5c"",""8e7f"",""G*7g"",""7f9d"",""1g2e"",""8d8e"",""8f8e"",""1f1g+"",""2g2f"",""1g1h"",""2f1e""],""scoreCp"":2246},{""move"":""6d7e"",""pvUsi"":[""6d7e"",""6a5b"",""8f8e"",""1f1g+"",""2g1g"",""7c7d"",""7e4h"",""1e1g+"",""1h1g"",""1a2b"",""5f5e"",""8d8e"",""5e5d"",""5c6d"",""P*8g"",""8e8f"",""8g8f""],""scoreCp"":1858},{""move"":""6d5e"",""pvUsi"":[""6d5e"",""1f1g+"",""8f8e"",""1g1h"",""8h9i"",""8d8e"",""2g2f"",""1e1g+"",""2f2e"",""1a1b"",""3e3d"",""5c4d"",""5e6e""],""scoreCp"":1623}]},{""label"":""middlegame-80:mt500-mpv3-t2-h256:warm2"",""candidates"":[{""move"":""6d5c"",""pvUsi"":[""6d5c"",""8e7f"",""1g2e"",""6e6f"",""G*7g"",""6f6g+"",""7g6g"",""7f6g+"",""7h6g"",""8d8e"",""8f8e"",""7b8b"",""6g7g"",""8b8e"",""P*8g""],""scoreCp"":2208},{""move"":""6d7e"",""pvUsi"":[""6d7e"",""1f1g+"",""2g1g"",""8e9d"",""7e5c"",""6e6f"",""P*1c"",""9d7f"",""6g6f"",""8d8e"",""5c3a"",""8e8f"",""3a8f"",""7f5h+"",""5i5h""],""scoreCp"":1818},{""move"":""6d5e"",""pvUsi"":[""6d5e"",""1f1g+"",""8f8e"",""1g1h"",""5e7g"",""1a1b"",""B*3a"",""5c4d"",""8h9i"",""4d3e"",""3a5c+"",""3e3d"",""5c3a"",""1e1g+"",""2g1g"",""1h1g""],""scoreCp"":1724}]},{""label"":""middlegame-80:mt500-mpv3-t2-h256:warm3"",""candidates"":[{""move"":""6d5c"",""pvUsi"":[""6d5c"",""8e7f"",""1g2e"",""6e6f"",""G*7g"",""7f9d"",""6g6f"",""1f1g+"",""1h1g"",""1e1g+"",""2g1g"",""8d8e"",""8f8e"",""9d8e"",""5c4c"",""6a5b""],""scoreCp"":2235},{""move"":""6d7e"",""pvUsi"":[""6d7e"",""1f1g+"",""8f8e"",""6a5b"",""2g1g"",""7c7d"",""7e4h"",""7d7e"",""5f5e"",""1e1g+"",""1h1g"",""1a2b""],""scoreCp"":1867},{""move"":""6d5e"",""pvUsi"":[""6d5e"",""1f1g+"",""8f8e"",""1g1h"",""5e7g"",""1a1b"",""5f5e"",""7c7d"",""5e5d"",""5c6d"",""P*1c"",""1b1c"",""B*3a"",""1c2d"",""3a6d+"",""7d7e"",""8h9i"",""7e7f""],""scoreCp"":1621}]}]"
hand-piece-rich,1n2g4/l1s3k1r/p1+B1gp1pn/Bp7/1PPp5/5P2l/PG1P+pS2N/LK2R3L/1NS1S4 b 2Pg5p 1,500,3,2,256,3,3,997.633,960.2,1170.4,500.667,627446,1253215.9,1076.7,16,"{""ok"":3}",0,0,"[{""label"":""hand-piece-rich:mt500-mpv3-t2-h256:warm1"",""candidates"":[{""move"":""7c5a"",""pvUsi"":[""7c5a"",""9c9d"",""P*3c"",""3b2a"",""G*3b"",""2a1a"",""5h5g"",""B*4d"",""8h7h"",""G*2b"",""3b2b"",""1b2b"",""G*3b"",""G*2a"",""3b2b"",""2a2b""],""scoreCp"":2227},{""move"":""9d7b+"",""pvUsi"":[""9d7b+"",""8a7c"",""5h5g"",""P*5f"",""5g5f"",""P*5e"",""5f5e"",""B*4d"",""7b7c"",""5c5d"",""7c5a"",""4d5e"",""8h7h"",""R*2h"",""P*5h"",""G*4a"",""P*3c"",""5e3c""],""scoreCp"":1524},{""move"":""P*3c"",""pvUsi"":[""P*3c"",""3b4a"",""9d7b+"",""1b7b"",""7c7b"",""5g5h"",""P*5d"",""B*4d"",""8h7h"",""P*7g"",""8i7g""],""scoreCp"":1180}]},{""label"":""hand-piece-rich:mt500-mpv3-t2-h256:warm2"",""candidates"":[{""move"":""7c5a"",""pvUsi"":[""7c5a"",""5g5h"",""9d7b+"",""3b3a"",""S*3c"",""5h5i"",""P*3b"",""3a2a""],""scoreCp"":2117},{""move"":""9d7b+"",""pvUsi"":[""9d7b+"",""8a7c"",""5h5g"",""P*5f"",""5g5f"",""P*5e"",""7b7c"",""5e5f"",""7c5a"",""B*4d"",""8i7g"",""R*3i"",""S*4b"",""P*3a"",""N*4e"",""3b2a"",""4e3c"",""4d3c"",""4b3c+""],""scoreCp"":1517},{""move"":""P*3c"",""pvUsi"":[""P*3c"",""3b4a"",""9d7b+"",""8a7c"",""5h5g"",""P*5f"",""S*3b"",""4a5b"",""5g5f"",""P*5e"",""P*5d"",""5c6c"",""5f7f"",""5a6b"",""7b6b"",""6c6b"",""7e7d"",""P*7e"",""7f7e"",""G*6d"",""7d7c+"",""6d7e"",""7c6b"",""5b6b""],""scoreCp"":1262}]},{""label"":""hand-piece-rich:mt500-mpv3-t2-h256:warm3"",""candidates"":[{""move"":""7c5a"",""pvUsi"":[""7c5a"",""3b2a"",""P*3c"",""P*3a"",""5h5g"",""9c9d"",""P*1d"",""B*4d"",""8h7h"",""6e6f"",""6g6f"",""P*5f"",""5g5f"",""P*5e"",""5f5h""],""scoreCp"":2228},{""move"":""9d7b+"",""pvUsi"":[""9d7b+"",""8a7c"",""5h5g"",""P*5f"",""5g5f"",""P*5e"",""7b7c"",""5e5f"",""7c5a"",""R*2h"",""5i5h"",""B*5e"",""8i7g""],""scoreCp"":1472},{""move"":""P*3c"",""pvUsi"":[""P*3c"",""3b4a"",""9d7b+"",""1b7b"",""7c7b"",""5g5h"",""5i5h"",""B*4d"",""8h7h"",""P*3a"",""7b8a"",""1f1g+"",""N*4e"",""5c6d"",""1h1g"",""N*9e"",""3c3b+"",""3a3b""],""scoreCp"":1287}]}]"
middlegame-120,1n2g4/+B1s1k3r/p+P2gp1pn/B8/2Pp2p2/1p2LP2l/PG1P+pS2N/LKR4PL/1NS1S1+p1g b 2P2p 1,500,3,2,256,3,3,929.133,904.1,990.5,500.667,600484,1199378.4,1083.3,15.67,"{""ok"":3}",0,0,"[{""label"":""middlegame-120:mt500-mpv3-t2-h256:warm1"",""candidates"":[{""move"":""9d8e"",""pvUsi"":[""9d8e"",""5b4b"",""5f5c+"",""4b3c"",""8g8f"",""P*8g"",""8h8g"",""P*8d"",""8e7f"",""3c2d"",""8c7b"",""5g4g"",""G*2f""],""scoreCp"":1743},{""move"":""8g8f"",""pvUsi"":[""8g8f"",""9c9d"",""8c7b"",""5g5f"",""4g5f"",""P*8e"",""8f8e"",""1i1h"",""P*5d"",""5c5d"",""9b7d"",""5b4b"",""P*3d"",""1f1g+""],""scoreCp"":1455},{""move"":""5f5c+"",""pvUsi"":[""5f5c+"",""5b5c"",""8g8f"",""9c9d"",""8c7b"",""P*8e"",""8f8e"",""5g6g"",""9b6e"",""6g7h"",""7i7h"",""1b7b"",""G*5d"",""5c4b"",""5d4c"",""4b4a"",""S*3b"",""7b3b"",""4c3b"",""4a5b"",""R*8b"",""L*6b""],""scoreCp"":1384}]},{""label"":""middlegame-120:mt500-mpv3-t2-h256:warm2"",""candidates"":[{""move"":""9d8e"",""pvUsi"":[""9d8e"",""5b4b"",""5f5c+"",""4b3c"",""8g8f"",""P*8g"",""8f8g"",""8a7c"",""8c7c"",""3c2d"",""7c7b"",""P*8f""],""scoreCp"":1807},{""move"":""8g8f"",""pvUsi"":[""8g8f"",""9c9d"",""8c7b"",""5g6g"",""9b7d"",""5b4b"",""5f5c"",""6g7h"",""7i7h"",""4b5c""],""scoreCp"":1504},{""move"":""5f5c"",""pvUsi"":[""5f5c"",""5b5c"",""8g8f"",""9c9d"",""8c7b"",""5g6g"",""9b6e"",""6g7h"",""7i7h"",""1b7b"",""P*5d"",""5c4b"",""P*3d"",""P*8e"",""8f7f"",""L*8f"",""P*8g"",""R*5g"",""S*6h""],""scoreCp"":1494}]},{""label"":""middlegame-120:mt500-mpv3-t2-h256:warm3"",""candidates"":[{""move"":""9d8e"",""pvUsi"":[""9d8e"",""5b4b"",""8g8f"",""5g5f"",""P*1d"",""4b3c"",""1d1c+"",""P*8d"",""8e7f"",""3c2d"",""1c1b"",""5f4g"",""8c7b""],""scoreCp"":1690},{""move"":""8g8f"",""pvUsi"":[""8g8f"",""9c9d"",""8c7b"",""5g5f"",""4g5f"",""P*8e"",""8f8e"",""3i4i"",""P*5d"",""5c5d"",""9b8a"",""4i5i""],""scoreCp"":1481},{""move"":""5f5c+"",""pvUsi"":[""5f5c+"",""5b5c"",""8g8f"",""9c9d"",""8c7b"",""5g6g"",""9b6e"",""6g7h"",""7i7h"",""R*5g"",""P*5d"",""5c4b"",""P*3d"",""B*4d"",""P*6f""],""scoreCp"":1371}]}]"
middlegame-150,1+Bp6/4+Bgr1p/1P2L1kpn/p4p2n/2Pp2p2/1pG2P3/P2P1S2+l/LKRS+p2PL/1NS1S1+p1g b GN2p 1,500,3,2,256,3,3,947.833,965.1,965.2,500,705613.3,1411226.7,1076.7,0,"{""incomplete"":3}",3,0,"[{""label"":""middlegame-150:mt500-mpv3-t2-h256:warm1"",""candidates"":[]},{""label"":""middlegame-150:mt500-mpv3-t2-h256:warm2"",""candidates"":[]},{""label"":""middlegame-150:mt500-mpv3-t2-h256:warm3"",""candidates"":[]}]"
mate-in-one,2p2+B2k/1+B3g2p/1P2L1Gpn/p1P2p3/3p2p2/lpG1NP3/P1KP+p3+l/LS1S2SP+n/1NR1S1+pg1 b RPp 1,500,3,2,256,3,3,886.433,885.7,896.3,500,1393181.7,2786363.3,1086.7,45,"{""mate"":3}",0,0,"[{""label"":""mate-in-one:mt500-mpv3-t2-h256:warm1"",""candidates"":[{""move"":""R*3a"",""pvUsi"":[""R*3a""],""scoreMate"":1},{""move"":""4a4b"",""pvUsi"":[""4a4b"",""5g6g"",""6h6g"",""8f8g+"",""8h8g"",""3i3h"",""G*2b""],""scoreMate"":7},{""move"":""4a3a"",""pvUsi"":[""4a3a"",""5g6g"",""6h6g"",""8f8g+"",""8h8g"",""4b3c"",""R*2a""],""scoreMate"":7}]},{""label"":""mate-in-one:mt500-mpv3-t2-h256:warm2"",""candidates"":[{""move"":""R*3a"",""pvUsi"":[""R*3a""],""scoreMate"":1},{""move"":""4a4b"",""pvUsi"":[""4a4b"",""8f8g+"",""7g8g"",""P*8f"",""8g8f"",""3i3h"",""G*2b""],""scoreMate"":7},{""move"":""4a3a"",""pvUsi"":[""4a3a"",""8f8g+"",""8h8g"",""5g6g"",""6h6g"",""4b3c"",""R*2a""],""scoreMate"":7}]},{""label"":""mate-in-one:mt500-mpv3-t2-h256:warm3"",""candidates"":[{""move"":""R*3a"",""pvUsi"":[""R*3a""],""scoreMate"":1},{""move"":""4a4b"",""pvUsi"":[""4a4b"",""8f8g+"",""7g8g"",""9f9g+"",""8g9g"",""P*8f"",""G*2b""],""scoreMate"":7},{""move"":""4a3a"",""pvUsi"":[""4a3a"",""8f8g+"",""8h8g"",""5g6g"",""6h6g"",""4b3c"",""R*2a""],""scoreMate"":7}]}]"
single-legal-move,2p5k/4Rg2p/1P2L1Gp1/p1P+B+Bp3/n2p2pnP/l1G2P3/P+pKP1+p2+l/LS1S2SP+n/1NR1S1+pg1 b P 1,500,3,2,256,3,3,987.133,899.9,1183,500,1080719,2161450.1,1076.7,0,"{""incomplete"":3}",3,0,"[{""label"":""single-legal-move:mt500-mpv3-t2-h256:warm1"",""candidates"":[]},{""label"":""single-legal-move:mt500-mpv3-t2-h256:warm2"",""candidates"":[]},{""label"":""single-legal-move:mt500-mpv3-t2-h256:warm3"",""candidates"":[]}]"
sparse-endgame,l+P1+S5/+B1+B4sl/5r+N1n/l3p3p/2g1kS2P/2P3PG1/2S5L/+n1G4pK/P+p1G1R3 b 7Pn2p 1,500,3,2,256,3,3,910.467,901.1,964.5,500,2407939,4815878,1076.7,113.67,"{""mate"":3}",0,0,"[{""label"":""sparse-endgame:mt500-mpv3-t2-h256:warm1"",""candidates"":[{""move"":""7b5d"",""pvUsi"":[""7b5d""],""scoreMate"":1},{""move"":""4e5f"",""pvUsi"":[""4e5f"",""5e6d"",""4i4c+"",""7e7f"",""R*6e""],""scoreMate"":5},{""move"":""3c4c"",""pvUsi"":[""3c4c"",""5e6d"",""R*6c"",""6d5e"",""9b5f""],""scoreMate"":5}]},{""label"":""sparse-endgame:mt500-mpv3-t2-h256:warm2"",""candidates"":[{""move"":""7b5d"",""pvUsi"":[""7b5d""],""scoreMate"":1},{""move"":""4e5f"",""pvUsi"":[""4e5f"",""5e6d"",""4i4c+"",""7e7f"",""R*6e""],""scoreMate"":5},{""move"":""3c4c"",""pvUsi"":[""3c4c"",""5e6d"",""R*6c"",""6d5e"",""9b5f""],""scoreMate"":5}]},{""label"":""sparse-endgame:mt500-mpv3-t2-h256:warm3"",""candidates"":[{""move"":""7b5d"",""pvUsi"":[""7b5d""],""scoreMate"":1},{""move"":""4e5f"",""pvUsi"":[""4e5f"",""5e6d"",""4i4c+"",""7e7f"",""R*6e""],""scoreMate"":5},{""move"":""3c4c"",""pvUsi"":[""3c4c"",""5e6d"",""R*6c"",""6d5e"",""9b5f""],""scoreMate"":5}]}]"
initial-position,lnsgkgsnl/1r5b1/ppppppppp/9/9/9/PPPPPPPPP/1B5R1/LNSGKGSNL b - 1,1000,2,1,256,3,3,1366.167,1360.5,1377.9,1000.667,800675,800137.6,1043.3,21.67,"{""ok"":3}",0,0,"[{""label"":""initial-position:mt1000-mpv2-t1-h256:warm1"",""candidates"":[{""move"":""6i7h"",""pvUsi"":[""6i7h"",""8c8d"",""2g2f"",""8d8e"",""2f2e"",""4a3b"",""5i6h"",""1c1d"",""9g9f"",""7a6b"",""3i3h"",""8e8f"",""8g8f"",""8b8f"",""P*8g"",""8f8b"",""3g3f"",""5c5d"",""2i3g"",""6b5c"",""7g7f"",""5c6d"",""2e2d"",""2c2d"",""2h2d""],""scoreCp"":48},{""move"":""2g2f"",""pvUsi"":[""2g2f"",""3c3d"",""7g7f"",""8c8d"",""2f2e"",""8d8e"",""6i7h"",""4a3b"",""2e2d"",""2c2d"",""2h2d"",""8e8f"",""8g8f"",""8b8f"",""2d3d"",""2b3c"",""3d3f"",""3a2b"",""3f2f""],""scoreCp"":34}]},{""label"":""initial-position:mt1000-mpv2-t1-h256:warm2"",""candidates"":[{""move"":""2g2f"",""pvUsi"":[""2g2f"",""8c8d"",""6i7h"",""8d8e"",""2f2e"",""4a3b"",""9g9f"",""8e8f"",""8g8f"",""8b8f"",""3i3h"",""8f8b"",""P*8g"",""7a6b"",""1g1f"",""3c3d"",""2e2d"",""2c2d"",""2h2d"",""6c6d"",""5i5h""],""scoreCp"":70},{""move"":""6i7h"",""pvUsi"":[""6i7h"",""8c8d"",""2g2f"",""8d8e"",""2f2e"",""4a3b"",""9g9f"",""8e8f"",""8g8f"",""8b8f"",""3i3h"",""8f8b"",""P*8g"",""7a6b"",""2e2d"",""2c2d"",""2h2d"",""P*2c"",""2d2h"",""3c3d"",""3h2g"",""9c9d"",""2g3f"",""6c6d""],""scoreCp"":65}]},{""label"":""initial-position:mt1000-mpv2-t1-h256:warm3"",""candidates"":[{""move"":""6i7h"",""pvUsi"":[""6i7h"",""8c8d"",""2g2f"",""8d8e"",""2f2e"",""4a3b"",""5i6h"",""1c1d"",""9g9f"",""7a6b"",""3i3h"",""8e8f"",""8g8f"",""8b8f"",""P*8g"",""8f8b"",""3g3f"",""5c5d"",""2i3g"",""6b5c"",""7g7f"",""5c6d"",""2e2d"",""2c2d"",""2h2d""],""scoreCp"":48},{""move"":""2g2f"",""pvUsi"":[""2g2f"",""3c3d"",""7g7f"",""8c8d"",""2f2e"",""8d8e"",""6i7h"",""4a3b"",""2e2d"",""2c2d"",""2h2d"",""8e8f"",""8g8f"",""8b8f"",""2d3d"",""2b3c"",""3d3f"",""3a2b"",""3f2f""],""scoreCp"":34}]}]"
quiet-no-mate,1n1g1ksn1/l1rsg2b1/p1pp1p+Bpl/1p2p4/8p/2P3P1P/PP1PPPSP1/3S4R/LNG1KG1NL b P 1,1000,2,1,256,3,3,1512.867,1379.4,1808.4,1000,643031.3,643031.3,1043.3,19,"{""ok"":3}",0,0,"[{""label"":""quiet-no-mate:mt1000-mpv2-t1-h256:warm1"",""candidates"":[{""move"":""3c2b"",""pvUsi"":[""3c2b"",""3a2b"",""1f1e"",""B*3c"",""B*7g"",""1c1e"",""1h1e"",""3c1e"",""1i1e"",""2b3c"",""P*1i"",""3c4d"",""B*8c"",""2a3c"",""8c7b+"",""6a7b"",""R*1a"",""4a4b"",""7g8f"",""4d5c"",""1e1c+"",""3c4e"",""3g4h"",""B*2h"",""1a1b+"",""P*3b""],""scoreCp"":1524},{""move"":""3c2c"",""pvUsi"":[""3c2c"",""4a5a"",""2c2b"",""3a2b"",""1f1e"",""B*3c"",""1e1d"",""3c9i+"",""1d1c+"",""2a1c"",""L*8c"",""1c2e"",""1h1b+"",""2e3g"",""2i3g"",""6b5c""],""scoreCp"":1475}]},{""label"":""quiet-no-mate:mt1000-mpv2-t1-h256:warm2"",""candidates"":[{""move"":""3c2b"",""pvUsi"":[""3c2b"",""3a2b"",""1f1e"",""B*3c"",""B*7g"",""1c1e"",""1h1e"",""3c1e"",""1i1e"",""2b3c"",""P*1i"",""3c4d"",""B*8c"",""2a3c"",""8c7b+"",""6a7b"",""R*1a"",""4a4b"",""7g8f"",""4d5c"",""1e1c+"",""3c4e"",""3g4h"",""B*2h"",""1a1b+"",""P*3b""],""scoreCp"":1524},{""move"":""3c2c"",""pvUsi"":[""3c2c"",""4a5a"",""2c2b"",""3a2b"",""1f1e"",""B*3c"",""1e1d"",""3c9i+"",""1d1c+"",""2a1c"",""L*8c"",""1c2e"",""1h1b+"",""2e3g"",""2i3g"",""6b5c""],""scoreCp"":1475}]},{""label"":""quiet-no-mate:mt1000-mpv2-t1-h256:warm3"",""candidates"":[{""move"":""3c2b"",""pvUsi"":[""3c2b"",""3a2b"",""1f1e"",""B*3c"",""B*7g"",""1c1e"",""1h1e"",""3c1e"",""1i1e"",""2b3c"",""P*1i"",""3c4d"",""B*8c"",""2a3c"",""8c7b+"",""6a7b"",""R*1a"",""4a4b"",""7g8f"",""4d5c"",""1e1c+"",""3c4e"",""3g4h"",""B*2h"",""1a1b+"",""P*3b""],""scoreCp"":1524},{""move"":""3c2c"",""pvUsi"":[""3c2c"",""4a5a"",""2c2b"",""3a2b"",""1f1e"",""B*3c"",""1e1d"",""3c9i+"",""1d1c+"",""2a1c"",""L*8c"",""1c2e"",""1h1b+"",""2e3g"",""2i3g"",""6b5c""],""scoreCp"":1475}]}]"
sente-middlegame,1nrg3n1/l2s2k2/p1p1gp1pl/1p1pp2s1/6P1p/b1P5P/PP1PPP1P1/L1KSRSG2/1NG4NL b BP 1,1000,2,1,256,3,3,1540.2,1385.1,1867.2,1000.333,641938,641725,1043.3,18,"{""ok"":3}",0,0,"[{""label"":""sente-middlegame:mt1000-mpv2-t1-h256:warm1"",""candidates"":[{""move"":""9g9f"",""pvUsi"":[""9g9f"",""1e1f"",""B*8c"",""6a7b"",""8c9b+"",""7c7d"",""P*1b"",""1f1g+"",""1b1a+"",""1g2g"",""3h2g"",""1c1i+"",""1a2a"",""1i2i""],""scoreCp"":2044},{""move"":""1f1e"",""pvUsi"":[""1f1e"",""9f8e"",""1e1d"",""1c1d"",""1i1d"",""P*1c"",""P*1b"",""7c7d"",""1b1a+"",""7d7e"",""7f7e"",""1c1d"",""1a2a"",""3b2a"",""7h6i"",""7a7e""],""scoreCp"":1163}]},{""label"":""sente-middlegame:mt1000-mpv2-t1-h256:warm2"",""candidates"":[{""move"":""9g9f"",""pvUsi"":[""9g9f"",""1e1f"",""B*8c"",""6a7b"",""8c9b+"",""7c7d"",""P*1b"",""1f1g+"",""1b1a+"",""1g2g"",""3h2g"",""1c1i+"",""1a2a"",""1i2i""],""scoreCp"":2044},{""move"":""1f1e"",""pvUsi"":[""1f1e"",""9f8e"",""1e1d"",""1c1d"",""1i1d"",""P*1c"",""P*1b"",""7c7d"",""1b1a+"",""7d7e"",""7f7e"",""1c1d"",""1a2a"",""3b2a"",""7h6i"",""7a7e""],""scoreCp"":1163}]},{""label"":""sente-middlegame:mt1000-mpv2-t1-h256:warm3"",""candidates"":[{""move"":""9g9f"",""pvUsi"":[""9g9f"",""1e1f"",""B*8c"",""6a7b"",""8c9b+"",""7c7d"",""P*1b"",""1f1g+"",""1b1a+"",""1g2g"",""3h2g"",""1c1i+"",""1a2a"",""1i2i""],""scoreCp"":2044},{""move"":""1f1e"",""pvUsi"":[""1f1e"",""9f8e"",""1e1d"",""1c1d"",""1i1d"",""P*1c"",""P*1b"",""7c7d"",""1b1a+"",""7d7e"",""7f7e"",""1c1d"",""1a2a"",""3b2a"",""7h6i"",""7a7e""],""scoreCp"":1163}]}]"
gote-middlegame,1nrgB2n1/l2s2k2/p1p1gp1pl/1p1pp2s1/6P1p/b1P5P/PP1PPP1P1/L1KSRSG2/1NG4NL w P 1,1000,2,1,256,3,3,1394.4,1366.3,1458.6,1000.333,668890.3,668665.9,1043.3,15,"{""ok"":3}",0,0,"[{""label"":""gote-middlegame:mt1000-mpv2-t1-h256:warm1"",""candidates"":[{""move"":""9f8e"",""pvUsi"":[""9f8e"",""5a2d+"",""2c2d"",""1f1e"",""7c7d"",""4h5i"",""7d7e"",""1e1d"",""1c1d"",""1i1d"",""7e7f"",""1d1a+"",""6d6e"",""5h4h"",""6e6f"",""6g6f"",""P*6g"",""6h6g"",""7f7g+"",""8i7g"",""8e6g+"",""7h6g""],""scoreCp"":230},{""move"":""9f8g+"",""pvUsi"":[""9f8g+"",""7h8g"",""6a5a"",""B*8b"",""7a6a"",""8b9a+"",""1e1f"",""9a9b"",""7c7d"",""4h3g"",""7d7e"",""7f7e"",""B*6e"",""9b6e"",""6d6e""],""scoreCp"":288}]},{""label"":""gote-middlegame:mt1000-mpv2-t1-h256:warm2"",""candidates"":[{""move"":""9f8e"",""pvUsi"":[""9f8e"",""5a2d+"",""2c2d"",""1f1e"",""7c7d"",""4h5i"",""7d7e"",""1e1d"",""1c1d"",""1i1d"",""7e7f"",""1d1a+"",""6d6e"",""5h4h"",""6e6f"",""6g6f"",""P*6g"",""6h6g"",""7f7g+"",""8i7g"",""8e6g+"",""7h6g""],""scoreCp"":230},{""move"":""9f8g+"",""pvUsi"":[""9f8g+"",""7h8g"",""6a5a"",""B*8b"",""7a6a"",""8b9a+"",""1e1f"",""9a9b"",""7c7d"",""4h3g"",""7d7e"",""7f7e"",""B*6e"",""9b6e"",""6d6e""],""scoreCp"":288}]},{""label"":""gote-middlegame:mt1000-mpv2-t1-h256:warm3"",""candidates"":[{""move"":""9f8e"",""pvUsi"":[""9f8e"",""5a2d+"",""2c2d"",""1f1e"",""7c7d"",""4h5i"",""7d7e"",""1e1d"",""1c1d"",""1i1d"",""7e7f"",""1d1a+"",""6d6e"",""5h4h"",""6e6f"",""6g6f"",""P*6g"",""6h6g"",""7f7g+"",""8i7g"",""8e6g+"",""7h6g""],""scoreCp"":230},{""move"":""9f8g+"",""pvUsi"":[""9f8g+"",""7h8g"",""6a5a"",""B*8b"",""7a6a"",""8b9a+"",""1e1f"",""9a9b"",""7c7d"",""4h3g"",""7d7e"",""7f7e"",""B*6e"",""9b6e"",""6d6e""],""scoreCp"":288}]}]"
middlegame-60,1nr1g1kn1/l2sb4/p1p1gpppl/1p2p4/3p2P2/1PP2+B1sp/P1KPPP2P/L1G1RSG2/1N2S2NL b p 1,1000,2,1,256,3,3,1368.067,1359.5,1385.6,1000.667,653399,652958.6,1043.3,19,"{""ok"":3}",0,0,"[{""label"":""middlegame-60:mt1000-mpv2-t1-h256:warm1"",""candidates"":[{""move"":""3h3g"",""pvUsi"":[""3h3g"",""2f1g"",""2i1g"",""4c4d"",""3e3d"",""5b3d"",""1g2e"",""3d2e"",""5g5f"",""1f1g+"",""5f5e"",""5d5e"",""4f5e"",""P*5d"",""5e6e"",""P*1h""],""scoreCp"":818},{""move"":""1g1f"",""pvUsi"":[""1g1f"",""5c4d"",""1f1e"",""1c1e"",""P*1f"",""4d3e"",""4f6d"",""5a4b"",""1f1e"",""6b5c"",""6d2h"",""8d8e"",""1e1d"",""P*1b"",""8f8e"",""5b7d"",""5g5f"",""3a3b"",""5f5e"",""5d5e"",""2h5e""],""scoreCp"":712}]},{""label"":""middlegame-60:mt1000-mpv2-t1-h256:warm2"",""candidates"":[{""move"":""3h3g"",""pvUsi"":[""3h3g"",""2f1g"",""2i1g"",""4c4d"",""3e3d"",""5b3d"",""1g2e"",""3d2e"",""5g5f"",""1f1g+"",""5f5e"",""5d5e"",""4f5e"",""P*5d"",""5e6e"",""P*1h""],""scoreCp"":818},{""move"":""1g1f"",""pvUsi"":[""1g1f"",""5c4d"",""1f1e"",""1c1e"",""P*1f"",""4d3e"",""4f6d"",""5a4b"",""1f1e"",""6b5c"",""6d2h"",""8d8e"",""1e1d"",""P*1b"",""8f8e"",""5b7d"",""5g5f"",""3a3b"",""5f5e"",""5d5e"",""2h5e""],""scoreCp"":712}]},{""label"":""middlegame-60:mt1000-mpv2-t1-h256:warm3"",""candidates"":[{""move"":""3h3g"",""pvUsi"":[""3h3g"",""2f1g"",""2i1g"",""4c4d"",""3e3d"",""5b3d"",""1g2e"",""3d2e"",""5g5f"",""1f1g+"",""5f5e"",""5d5e"",""4f5e"",""P*5d"",""5e6e"",""P*1h""],""scoreCp"":818},{""move"":""1g1f"",""pvUsi"":[""1g1f"",""5c4d"",""1f1e"",""1c1e"",""P*1f"",""4d3e"",""4f6d"",""5a4b"",""1f1e"",""6b5c"",""6d2h"",""8d8e"",""1e1d"",""P*1b"",""8f8e"",""5b7d"",""5g5f"",""3a3b"",""5f5e"",""5d5e"",""2h5e""],""scoreCp"":712}]}]"
middlegame-80,1nsg3nk/l1r6/p1p1gppp1/1p1+B5/1b1pp1P1l/1PP1PP2p/P2P3GN/LKG1R1S1L/1NS1S4 b 2p 1,1000,2,1,256,3,3,1374.5,1378.1,1384,1001.333,645140.3,644277.7,1046.7,18,"{""ok"":3}",0,0,"[{""label"":""middlegame-80:mt1000-mpv2-t1-h256:warm1"",""candidates"":[{""move"":""6d5c"",""pvUsi"":[""6d5c"",""8e7f"",""1g2e"",""6e6f"",""6g6f"",""1a2b"",""5c7e"",""7f9d"",""5f5e"",""1f1g+"",""2g1g"",""1e1g"",""1h1g"",""G*6g"",""P*7f"",""P*5g""],""scoreCp"":2235},{""move"":""6d7e"",""pvUsi"":[""6d7e"",""1f1g+"",""8f8e"",""6a5b"",""2g1g"",""1a2b"",""5f5e"",""7c7d"",""7e4h"",""1e1g"",""1h1g"",""8d8e"",""P*2d"",""2c2d"",""5e5d"",""5c6c"",""P*2c"",""2b2c""],""scoreCp"":1822}]},{""label"":""middlegame-80:mt1000-mpv2-t1-h256:warm2"",""candidates"":[{""move"":""6d5c"",""pvUsi"":[""6d5c"",""8e7f"",""1g2e"",""6e6f"",""6g6f"",""1a2b"",""5c7e"",""7f9d"",""5f5e"",""1f1g+"",""2g1g"",""1e1g"",""1h1g"",""G*6g"",""P*7f"",""P*5g""],""scoreCp"":2235},{""move"":""6d7e"",""pvUsi"":[""6d7e"",""1f1g+"",""8f8e"",""6a5b"",""2g1g"",""1a2b"",""5f5e"",""7c7d"",""7e4h"",""1e1g"",""1h1g"",""8d8e"",""P*2d"",""2c2d"",""5e5d"",""5c6c"",""P*2c"",""2b2c""],""scoreCp"":1822}]},{""label"":""middlegame-80:mt1000-mpv2-t1-h256:warm3"",""candidates"":[{""move"":""6d5c"",""pvUsi"":[""6d5c"",""8e7f"",""1g2e"",""6e6f"",""6g6f"",""1a2b"",""5c7e"",""7f9d"",""5f5e"",""1f1g+"",""2g1g"",""1e1g"",""1h1g"",""G*6g"",""P*7f"",""P*5g""],""scoreCp"":2235},{""move"":""6d7e"",""pvUsi"":[""6d7e"",""1f1g+"",""8f8e"",""6a5b"",""2g1g"",""1a2b"",""5f5e"",""7c7d"",""7e4h"",""1e1g"",""1h1g"",""8d8e"",""P*2d"",""2c2d"",""5e5d"",""5c6c"",""P*2c"",""2b2c""],""scoreCp"":1822}]}]"
hand-piece-rich,1n2g4/l1s3k1r/p1+B1gp1pn/Bp7/1PPp5/5P2l/PG1P+pS2N/LK2R3L/1NS1S4 b 2Pg5p 1,1000,2,1,256,3,3,1361.933,1354.1,1379.7,1000.667,588911,588517.4,1040,18,"{""ok"":3}",0,0,"[{""label"":""hand-piece-rich:mt1000-mpv2-t1-h256:warm1"",""candidates"":[{""move"":""7c5a"",""pvUsi"":[""7c5a"",""9c9d"",""P*3c"",""3b2b"",""G*3b"",""2b1a"",""5h5g"",""P*3a"",""P*2b"",""B*4d"",""8h7h"",""P*7g"",""8i7g"",""3a3b"",""3c3b+"",""1b2b"",""3b2b"",""1a2b"",""5g5c+"",""4d5c""],""scoreCp"":2164},{""move"":""9d7b+"",""pvUsi"":[""9d7b+"",""8a7c"",""5h5g"",""P*5f"",""4g5f"",""P*7h"",""7i7h"",""7c8e"",""P*3c"",""3b4a"",""S*3b"",""4a5b"",""P*5d"",""5c6c"",""3b2c+"",""P*7g"",""2c1b"",""7g7h+"",""8h7h"",""P*7g"",""8i7g""],""scoreCp"":1543}]},{""label"":""hand-piece-rich:mt1000-mpv2-t1-h256:warm2"",""candidates"":[{""move"":""7c5a"",""pvUsi"":[""7c5a"",""9c9d"",""P*3c"",""3b2b"",""G*3b"",""2b1a"",""5h5g"",""P*3a"",""P*2b"",""B*4d"",""8h7h"",""P*7g"",""8i7g"",""3a3b"",""3c3b+"",""1b2b"",""3b2b"",""1a2b"",""5g5c+"",""4d5c""],""scoreCp"":2164},{""move"":""9d7b+"",""pvUsi"":[""9d7b+"",""8a7c"",""5h5g"",""P*5f"",""4g5f"",""P*7h"",""7i7h"",""7c8e"",""P*3c"",""3b4a"",""S*3b"",""4a5b"",""P*5d"",""5c6c"",""3b2c+"",""P*7g"",""2c1b"",""7g7h+"",""8h7h"",""P*7g"",""8i7g""],""scoreCp"":1543}]},{""label"":""hand-piece-rich:mt1000-mpv2-t1-h256:warm3"",""candidates"":[{""move"":""7c5a"",""pvUsi"":[""7c5a"",""9c9d"",""P*3c"",""3b2b"",""G*3b"",""2b1a"",""5h5g"",""P*3a"",""P*2b"",""B*4d"",""8h7h"",""P*7g"",""8i7g"",""3a3b"",""3c3b+"",""1b2b"",""3b2b"",""1a2b"",""5g5c+"",""4d5c""],""scoreCp"":2164},{""move"":""9d7b+"",""pvUsi"":[""9d7b+"",""8a7c"",""5h5g"",""P*5f"",""4g5f"",""P*7h"",""7i7h"",""7c8e"",""P*3c"",""3b4a"",""S*3b"",""4a5b"",""P*5d"",""5c6c"",""3b2c+"",""P*7g"",""2c1b"",""7g7h+"",""8h7h"",""P*7g"",""8i7g""],""scoreCp"":1543}]}]"
middlegame-120,1n2g4/+B1s1k3r/p+P2gp1pn/B8/2Pp2p2/1p2LP2l/PG1P+pS2N/LKR4PL/1NS1S1+p1g b 2P2p 1,1000,2,1,256,3,3,1402.6,1361,1490.7,1001,582114.7,581541.2,1046.7,17,"{""ok"":3}",0,0,"[{""label"":""middlegame-120:mt1000-mpv2-t1-h256:warm1"",""candidates"":[{""move"":""9d8e"",""pvUsi"":[""9d8e"",""5b4b"",""5f5c+"",""4b3c"",""8g8f"",""P*8d"",""8e7f"",""3c2d"",""8c7b"",""1i1h"",""S*2f"",""1f1g+"",""G*1e"",""2d3d"",""9b6e""],""scoreCp"":1814},{""move"":""8g8f"",""pvUsi"":[""8g8f"",""9c9d"",""8c7b"",""5g6g"",""9b7d"",""5b4b"",""5f5c+"",""4b5c"",""7h7f"",""P*8g"",""8f8g"",""B*6i"",""P*5d"",""5c4d"",""S*4e"",""4d3c"",""G*3d"",""3c2b""],""scoreCp"":1471}]},{""label"":""middlegame-120:mt1000-mpv2-t1-h256:warm2"",""candidates"":[{""move"":""9d8e"",""pvUsi"":[""9d8e"",""5b4b"",""5f5c+"",""4b3c"",""8g8f"",""P*8d"",""8e7f"",""3c2d"",""8c7b"",""1i1h"",""S*2f"",""1f1g+"",""G*1e"",""2d3d"",""9b6e""],""scoreCp"":1814},{""move"":""8g8f"",""pvUsi"":[""8g8f"",""9c9d"",""8c7b"",""5g6g"",""9b7d"",""5b4b"",""5f5c+"",""4b5c"",""7h7f"",""P*8g"",""8f8g"",""B*6i"",""P*5d"",""5c4d"",""S*4e"",""4d3c"",""G*3d"",""3c2b""],""scoreCp"":1471}]},{""label"":""middlegame-120:mt1000-mpv2-t1-h256:warm3"",""candidates"":[{""move"":""9d8e"",""pvUsi"":[""9d8e"",""5b4b"",""5f5c+"",""4b3c"",""8g8f"",""P*8d"",""8e7f"",""3c2d"",""8c7b"",""1i1h"",""S*2f"",""1f1g+"",""G*1e"",""2d3d"",""9b6e""],""scoreCp"":1814},{""move"":""8g8f"",""pvUsi"":[""8g8f"",""9c9d"",""8c7b"",""5g6g"",""9b7d"",""5b4b"",""5f5c+"",""4b5c"",""7h7f"",""P*8g"",""8f8g"",""B*6i"",""P*5d"",""5c4d"",""S*4e"",""4d3c"",""G*3d"",""3c2b""],""scoreCp"":1471}]}]"
middlegame-150,1+Bp6/4+Bgr1p/1P2L1kpn/p4p2n/2Pp2p2/1pG2P3/P2P1S2+l/LKRS+p2PL/1NS1S1+p1g b GN2p 1,1000,2,1,256,3,3,1365.533,1360.9,1383.2,1001,662595,661927.9,1043.3,16,"{""ok"":3}",0,0,"[{""label"":""middlegame-150:mt1000-mpv2-t1-h256:warm1"",""candidates"":[{""move"":""G*3d"",""pvUsi"":[""G*3d"",""3c2b"",""8a5d"",""4b5b"",""5d3b"",""2b3b"",""5c5b+"",""B*5e"",""6g6f"",""B*2d"",""N*3c"",""2d3c"",""G*4c"",""3b2a"",""R*4a"",""N*3a"",""3d3c"",""8f8g+"",""8h8g"",""P*8f"",""7f8f""],""scoreCp"":4183},{""move"":""N*2f"",""pvUsi"":[""N*2f"",""4b5b"",""G*3d"",""3c2b"",""2f1d"",""2b1a"",""5c5b+"",""5h6h"",""8a5d"",""6h7h"",""8h7h"",""B*8g"",""7h7g"",""8g7f+"",""7g7f"",""S*8g"",""7f6e"",""P*6d"",""6e6d""],""scoreCp"":1756}]},{""label"":""middlegame-150:mt1000-mpv2-t1-h256:warm2"",""candidates"":[{""move"":""G*3d"",""pvUsi"":[""G*3d"",""3c2b"",""8a5d"",""4b5b"",""5d3b"",""2b3b"",""5c5b+"",""B*5e"",""6g6f"",""B*2d"",""N*3c"",""2d3c"",""G*4c"",""3b2a"",""R*4a"",""N*3a"",""3d3c"",""8f8g+"",""8h8g"",""P*8f"",""7f8f""],""scoreCp"":4183},{""move"":""N*2f"",""pvUsi"":[""N*2f"",""4b5b"",""G*3d"",""3c2b"",""2f1d"",""2b1a"",""5c5b+"",""5h6h"",""8a5d"",""6h7h"",""8h7h"",""B*8g"",""7h7g"",""8g7f+"",""7g7f"",""S*8g"",""7f6e"",""P*6d"",""6e6d""],""scoreCp"":1756}]},{""label"":""middlegame-150:mt1000-mpv2-t1-h256:warm3"",""candidates"":[{""move"":""G*3d"",""pvUsi"":[""G*3d"",""3c2b"",""8a5d"",""4b5b"",""5d3b"",""2b3b"",""5c5b+"",""B*5e"",""6g6f"",""B*2d"",""N*3c"",""2d3c"",""G*4c"",""3b2a"",""R*4a"",""N*3a"",""3d3c"",""8f8g+"",""8h8g"",""P*8f"",""7f8f""],""scoreCp"":4183},{""move"":""N*2f"",""pvUsi"":[""N*2f"",""4b5b"",""G*3d"",""3c2b"",""2f1d"",""2b1a"",""5c5b+"",""5h6h"",""8a5d"",""6h7h"",""8h7h"",""B*8g"",""7h7g"",""8g7f+"",""7g7f"",""S*8g"",""7f6e"",""P*6d"",""6e6d""],""scoreCp"":1756}]}]"
mate-in-one,2p2+B2k/1+B3g2p/1P2L1Gpn/p1P2p3/3p2p2/lpG1NP3/P1KP+p3+l/LS1S2SP+n/1NR1S1+pg1 b RPp 1,1000,2,1,256,3,3,1545.367,1415.8,1858.1,1000,1417166,1417166,1043.3,54,"{""mate"":3}",0,0,"[{""label"":""mate-in-one:mt1000-mpv2-t1-h256:warm1"",""candidates"":[{""move"":""R*3a"",""pvUsi"":[""R*3a""],""scoreMate"":1},{""move"":""4a4b"",""pvUsi"":[""4a4b"",""5g6g"",""6h6g"",""8f8g+"",""8h8g"",""3i3h"",""G*2b""],""scoreMate"":7}]},{""label"":""mate-in-one:mt1000-mpv2-t1-h256:warm2"",""candidates"":[{""move"":""R*3a"",""pvUsi"":[""R*3a""],""scoreMate"":1},{""move"":""4a4b"",""pvUsi"":[""4a4b"",""5g6g"",""6h6g"",""8f8g+"",""8h8g"",""3i3h"",""G*2b""],""scoreMate"":7}]},{""label"":""mate-in-one:mt1000-mpv2-t1-h256:warm3"",""candidates"":[{""move"":""R*3a"",""pvUsi"":[""R*3a""],""scoreMate"":1},{""move"":""4a4b"",""pvUsi"":[""4a4b"",""5g6g"",""6h6g"",""8f8g+"",""8h8g"",""3i3h"",""G*2b""],""scoreMate"":7}]}]"
single-legal-move,2p5k/4Rg2p/1P2L1Gp1/p1P+B+Bp3/n2p2pnP/l1G2P3/P+pKP1+p2+l/LS1S2SP+n/1NR1S1+pg1 b P 1,1000,2,1,256,3,3,1596.133,1378.8,2056.8,999.667,1083076.3,1083433.5,1043.3,0,"{""incomplete"":3}",3,0,"[{""label"":""single-legal-move:mt1000-mpv2-t1-h256:warm1"",""candidates"":[]},{""label"":""single-legal-move:mt1000-mpv2-t1-h256:warm2"",""candidates"":[]},{""label"":""single-legal-move:mt1000-mpv2-t1-h256:warm3"",""candidates"":[]}]"
sparse-endgame,l+P1+S5/+B1+B4sl/5r+N1n/l3p3p/2g1kS2P/2P3PG1/2S5L/+n1G4pK/P+p1G1R3 b 7Pn2p 1,1000,2,1,256,3,3,1242.933,1241.6,1249.9,867,2098812,2421857,913.3,245,"{""mate"":3}",0,0,"[{""label"":""sparse-endgame:mt1000-mpv2-t1-h256:warm1"",""candidates"":[{""move"":""7b5d"",""pvUsi"":[""7b5d""],""scoreMate"":1},{""move"":""4e5f"",""pvUsi"":[""4e5f"",""5e6d"",""4i4c+"",""N*4b"",""7b7c""],""scoreMate"":5}]},{""label"":""sparse-endgame:mt1000-mpv2-t1-h256:warm2"",""candidates"":[{""move"":""7b5d"",""pvUsi"":[""7b5d""],""scoreMate"":1},{""move"":""4e5f"",""pvUsi"":[""4e5f"",""5e6d"",""4i4c+"",""N*4b"",""7b7c""],""scoreMate"":5}]},{""label"":""sparse-endgame:mt1000-mpv2-t1-h256:warm3"",""candidates"":[{""move"":""7b5d"",""pvUsi"":[""7b5d""],""scoreMate"":1},{""move"":""4e5f"",""pvUsi"":[""4e5f"",""5e6d"",""4i4c+"",""N*4b"",""7b7c""],""scoreMate"":5}]}]"
initial-position,lnsgkgsnl/1r5b1/ppppppppp/9/9/9/PPPPPPPPP/1B5R1/LNSGKGSNL b - 1,1000,2,2,256,3,3,1388.667,1397.1,1397.4,1000,1598629,1598629,2086.7,23.33,"{""ok"":3}",0,0,"[{""label"":""initial-position:mt1000-mpv2-t2-h256:warm1"",""candidates"":[{""move"":""2g2f"",""pvUsi"":[""2g2f"",""8c8d"",""7g7f"",""8d8e"",""2f2e"",""4a3b"",""8h7g"",""3c3d"",""7i8h"",""2b7g+"",""8h7g"",""3a2b"",""3g3f"",""2b3c"",""3i4h"",""7a6b"",""9g9f"",""7c7d"",""6i7h"",""1c1d"",""2i3g"",""5a4b"",""4g4f"",""6c6d"",""9f9e"",""6b6c"",""1g1f""],""scoreCp"":42},{""move"":""2g2f"",""pvUsi"":[""2g2f"",""8c8d"",""7g7f"",""8d8e"",""2f2e"",""4a3b"",""8h7g"",""3c3d"",""7i8h"",""2b7g+"",""8h7g"",""3a2b"",""3g3f"",""2b3c"",""3i4h"",""7a6b"",""6i7h"",""6a5b"",""4g4f"",""7c7d"",""9g9f"",""5a4b""],""scoreCp"":37}]},{""label"":""initial-position:mt1000-mpv2-t2-h256:warm2"",""candidates"":[{""move"":""6i7h"",""pvUsi"":[""6i7h"",""8c8d"",""2g2f"",""8d8e"",""2f2e"",""4a3b"",""3i3h"",""7a7b"",""9g9f"",""5a5b"",""3g3f"",""8e8f"",""8g8f"",""8b8f"",""2i3g"",""3c3d"",""2e2d"",""2c2d"",""2h2d"",""8f8d"",""P*8g"",""P*2c"",""2d2i"",""7c7d"",""7g7f"",""8a7c"",""P*2d"",""2c2d"",""2i2d"",""P*2c"",""2d3d""],""scoreCp"":53},{""move"":""2g2f"",""pvUsi"":[""2g2f"",""8c8d"",""6i7h"",""8d8e"",""2f2e"",""4a3b"",""3i3h"",""7a7b"",""9g9f"",""1c1d"",""5i5h"",""5a5b"",""3g3f"",""8e8f"",""8g8f"",""8b8f"",""2i3g"",""7c7d"",""2e2d"",""2c2d"",""2h2d"",""8f3f"",""2d7d""],""scoreCp"":50}]},{""label"":""initial-position:mt1000-mpv2-t2-h256:warm3"",""candidates"":[{""move"":""2g2f"",""pvUsi"":[""2g2f"",""8c8d"",""6i7h"",""8d8e"",""2f2e"",""4a3b"",""3i3h"",""8e8f"",""8g8f"",""8b8f"",""P*8g"",""8f8d"",""5i6h"",""3c3d"",""7g7f"",""7a7b"",""9g9f"",""2b3c"",""8h3c+"",""2a3c"",""7i8h""],""scoreCp"":75},{""move"":""6i7h"",""pvUsi"":[""6i7h"",""8c8d"",""2g2f"",""8d8e"",""2f2e"",""4a3b"",""3i3h"",""8e8f"",""8g8f"",""8b8f"",""P*8g"",""8f8d"",""5i6h"",""7a7b"",""9g9f"",""9c9d"",""7g7f"",""8d7d"",""7h7g"",""3c3d"",""3g3f"",""5a5b"",""8g8f"",""7d8d""],""scoreCp"":70}]}]"
quiet-no-mate,1n1g1ksn1/l1rsg2b1/p1pp1p+Bpl/1p2p4/8p/2P3P1P/PP1PPPSP1/3S4R/LNG1KG1NL b P 1,1000,2,2,256,3,3,1382.367,1382.1,1397.3,1000.333,1330680.3,1330225.8,2086.7,17.67,"{""ok"":3}",0,0,"[{""label"":""quiet-no-mate:mt1000-mpv2-t2-h256:warm1"",""candidates"":[{""move"":""3c2b"",""pvUsi"":[""3c2b"",""3a2b"",""1f1e"",""B*3c"",""B*6f"",""3c6f"",""6g6f"",""7b8b"",""1e1d"",""8d8e"",""B*6g"",""6c6d"",""1d1c+"",""2a1c"",""3g4f""],""scoreCp"":1537},{""move"":""3c2c"",""pvUsi"":[""3c2c"",""4a5a"",""2c2b"",""3a2b"",""1f1e"",""B*2c"",""1e1d"",""2c1d"",""1h3h"",""1d4a"",""1i1c"",""2a1c"",""3h1h"",""7c7d"",""B*2d"",""5b4b"",""2d1c+"",""2b1c"",""1h1c+""],""scoreCp"":1495}]},{""label"":""quiet-no-mate:mt1000-mpv2-t2-h256:warm2"",""candidates"":[{""move"":""3c2b"",""pvUsi"":[""3c2b"",""3a2b"",""1f1e"",""B*4d"",""B*6f"",""4d6f"",""6g6f"",""7b8b"",""1e1d"",""8d8e"",""1d1c+"",""2a1c"",""8i7g"",""6b5c"",""5i5h"",""5c4d"",""3g4f"",""7c7d"",""P*1d""],""scoreCp"":1561},{""move"":""3c2c"",""pvUsi"":[""3c2c"",""4a5a"",""2c2b"",""3a2b"",""1f1e"",""B*3c"",""1e1d"",""3c9i+"",""1d1c+"",""2b1c"",""B*1b"",""9i2b"",""1b2a+"",""2b2a"",""1h1c+"",""6b5c"",""5i4h""],""scoreCp"":1491}]},{""label"":""quiet-no-mate:mt1000-mpv2-t2-h256:warm3"",""candidates"":[{""move"":""3c2b"",""pvUsi"":[""3c2b"",""3a2b"",""1f1e"",""B*4d"",""B*6f"",""4d6f"",""6g6f"",""B*4d"",""1e1d"",""4d6f"",""1d1c+"",""2a1c"",""B*7g"",""6f7g+"",""8i7g"",""7c7d"",""B*8c"",""P*1g"",""1h1g"",""7d7e"",""8c7b+"",""6a7b"",""R*2a"",""B*3a"",""L*3c"",""2b3c"",""1g1c+"",""7e7f""],""scoreCp"":1535},{""move"":""3c2c"",""pvUsi"":[""3c2c"",""4a5a"",""1f1e"",""2b9i+"",""1e1d"",""1c1d"",""1h1d"",""L*1c"",""1d3d"",""P*3c"",""3d5d"",""1c1i+"",""5d1d"",""L*1c"",""1d2d"",""6b5c"",""P*1d""],""scoreCp"":1533}]}]"
sente-middlegame,1nrg3n1/l2s2k2/p1p1gp1pl/1p1pp2s1/6P1p/b1P5P/PP1PPP1P1/L1KSRSG2/1NG4NL b BP 1,1000,2,2,256,3,3,1392.933,1393.1,1397.3,1000,1335536,1335536,2080,18,"{""ok"":3}",0,0,"[{""label"":""sente-middlegame:mt1000-mpv2-t2-h256:warm1"",""candidates"":[{""move"":""9g9f"",""pvUsi"":[""9g9f"",""7c7d"",""B*8b"",""7a7b"",""8b9a+"",""8a7c"",""9a8a"",""7d7e"",""8a7b"",""6a7b"",""R*1b"",""B*2b"",""B*1a"",""2d3c"",""3e3d""],""scoreCp"":2151},{""move"":""1f1e"",""pvUsi"":[""1f1e"",""9f8e"",""1e1d"",""1c1d"",""1i1d"",""P*1c"",""P*1b"",""7c7d"",""1b1a+"",""1c1d"",""1a2a"",""7d7e"",""3e3d"",""7e7f"",""7h6i"",""L*7d"",""P*7h"",""6a5b"",""5g5f"",""4c4d"",""L*2f"",""2d1e"",""8g8f""],""scoreCp"":1182}]},{""label"":""sente-middlegame:mt1000-mpv2-t2-h256:warm2"",""candidates"":[{""move"":""9g9f"",""pvUsi"":[""9g9f"",""1e1f"",""B*8b"",""2d3c"",""5h5i"",""8d8e"",""8b7a+"",""6a7a"",""3e3d"",""3c2b"",""3d3c+"",""3b3c""],""scoreCp"":2067},{""move"":""B*8b"",""pvUsi"":[""B*8b"",""9f8e"",""8b7a+"",""6a7a"",""R*1b"",""B*2b"",""1f1e"",""7c7d"",""4h5i"",""7d7e"",""5h4h"",""8e9d"",""1e1d"",""1c1d"",""1i1d""],""scoreCp"":1173}]},{""label"":""sente-middlegame:mt1000-mpv2-t2-h256:warm3"",""candidates"":[{""move"":""9g9f"",""pvUsi"":[""9g9f"",""1e1f"",""B*8b"",""1f1g+"",""8b7a+"",""6a7a"",""1i1g"",""B*4i"",""R*1b"",""3b4a"",""B*3b"",""4a5a"",""4h5i"",""1c1g+""],""scoreCp"":2124},{""move"":""B*8b"",""pvUsi"":[""B*8b"",""9f8e"",""8b7a+"",""6a7a"",""1f1e"",""6d6e"",""4h5i"",""6e6f"",""6g6f"",""8e7f"",""R*1b"",""3b3a"",""1e1d"",""P*1a"",""1b1a+"",""1c1d"",""1i1d"",""B*4i""],""scoreCp"":1257}]}]"
gote-middlegame,1nrgB2n1/l2s2k2/p1p1gp1pl/1p1pp2s1/6P1p/b1P5P/PP1PPP1P1/L1KSRSG2/1NG4NL w P 1,1000,2,2,256,3,3,1413.767,1384.6,1483.8,1000.333,1269279.7,1268855.6,2083.3,17.33,"{""ok"":3}",0,0,"[{""label"":""gote-middlegame:mt1000-mpv2-t2-h256:warm1"",""candidates"":[{""move"":""9f8e"",""pvUsi"":[""9f8e"",""5a2d+"",""2c2d"",""1f1e"",""7c7d"",""1e1d"",""1c1d"",""1i1d"",""7d7e"",""7f7e"",""B*4i"",""4h5i"",""4i5h+"",""5i5h"",""R*1h"",""5h4i"",""1h1d+"",""3e3d"",""L*7f"",""L*7g"",""7f7g+"",""6h7g""],""scoreCp"":234},{""move"":""9f8g+"",""pvUsi"":[""9f8g+"",""7h8g"",""6a5a"",""B*8b"",""8d8e"",""8b7a+"",""6b7a"",""4h3g"",""8e8f"",""8g8f"",""7c7d"",""R*9a"",""B*6c"",""P*8b"",""7a8b"",""9a9b+"",""B*7c"",""8f8g"",""P*8f"",""8g8f"",""7d7e""],""scoreCp"":265}]},{""label"":""gote-middlegame:mt1000-mpv2-t2-h256:warm2"",""candidates"":[{""move"":""9f8g+"",""pvUsi"":[""9f8g+"",""7h8g"",""6a5a"",""B*8b"",""7a6a"",""8b9a+"",""1e1f"",""5h5i"",""1f1g+"",""2i1g"",""P*1f"",""P*8b"",""1f1g+"",""9a9b"",""N*9e"",""8g8f"",""B*6e"",""9b6e"",""6d6e"",""8f9e"",""1g2h"",""3h2h"",""1c1i+"",""5i1i""],""scoreCp"":123},{""move"":""9f8e"",""pvUsi"":[""9f8e"",""5a2d+"",""2c2d"",""1f1e"",""7c7d"",""1e1d"",""1c1d"",""1i1d"",""7d7e"",""1d1b+"",""6d6e"",""1b2a"",""6e6f"",""6g6f"",""7e7f"",""S*6g"",""B*4i"",""3h3i"",""7f7g+"",""8i7g""],""scoreCp"":155}]},{""label"":""gote-middlegame:mt1000-mpv2-t2-h256:warm3"",""candidates"":[{""move"":""9f8g+"",""pvUsi"":[""9f8g+"",""7h8g"",""6a5a"",""B*8b"",""7a6a"",""8b9a+"",""1e1f"",""9a9b"",""1f1g+"",""2i1g"",""P*1f"",""1g2e"",""2d2e"",""2g2f"",""2e2f"",""P*8h""],""scoreCp"":134},{""move"":""9f8e"",""pvUsi"":[""9f8e"",""5a2d+"",""2c2d"",""1f1e"",""7c7d"",""1e1d"",""1c1d"",""1i1d"",""7d7e"",""1d1a+"",""B*4i"",""4h5i"",""4i5h+"",""5i5h"",""R*1h"",""S*8b"",""7a7b"",""4g4f""],""scoreCp"":267}]}]"
middlegame-60,1nr1g1kn1/l2sb4/p1p1gpppl/1p2p4/3p2P2/1PP2+B1sp/P1KPPP2P/L1G1RSG2/1N2S2NL b p 1,1000,2,2,256,3,3,1423.033,1405.1,1488.7,1000.333,1285352.7,1284916.3,2080,17.67,"{""ok"":3}",0,0,"[{""label"":""middlegame-60:mt1000-mpv2-t2-h256:warm1"",""candidates"":[{""move"":""1g1f"",""pvUsi"":[""1g1f"",""5c4d"",""4f6d"",""3a2b"",""1f1e"",""5a4a"",""5g5f"",""7a6a"",""1e1d"",""1c1d"",""1i1d"",""P*1c"",""6d6e"",""5b7d""],""scoreCp"":798},{""move"":""3h3g"",""pvUsi"":[""3h3g"",""2f3g+"",""4h3g"",""5a4b"",""5h2h"",""4b3b"",""5g5f"",""8d8e"",""1g1f"",""8e8f"",""1f1e"",""6e6f"",""6g6f"",""5b8e"",""1e1d""],""scoreCp"":733}]},{""label"":""middlegame-60:mt1000-mpv2-t2-h256:warm2"",""candidates"":[{""move"":""1g1f"",""pvUsi"":[""1g1f"",""5c4d"",""1f1e"",""1c1e"",""P*1f"",""7c7d"",""1f1e"",""5d5e"",""1e1d"",""2f3e"",""4f3g"",""P*1b"",""7g6h"",""7d7e"",""7f7e"",""6e6f"",""6g6f"",""7a7e""],""scoreCp"":802},{""move"":""3h3g"",""pvUsi"":[""3h3g"",""2f1g"",""3e3d"",""3c3d"",""2i1g"",""1f1g+"",""5g5f"",""5c4d"",""5f5e"",""5d5e"",""5h5e"",""N*5d"",""4f5f"",""P*1h"",""5e2e"",""5b4a"",""S*1b"",""6e6f"",""1b2c+""],""scoreCp"":797}]},{""label"":""middlegame-60:mt1000-mpv2-t2-h256:warm3"",""candidates"":[{""move"":""3h3g"",""pvUsi"":[""3h3g"",""2f1g+"",""2i1g"",""1f1g+"",""3e3d"",""3c3d"",""5g5f"",""5a4b"",""5f5e"",""5d5e"",""5h5e"",""5b6c"",""5e2e"",""4b3b"",""P*2d"",""N*3c"",""2d2c+"",""3c2e"",""2c3b"",""3a3b""],""scoreCp"":840},{""move"":""1g1f"",""pvUsi"":[""1g1f"",""5c4d"",""4f6d"",""3a2b"",""3h3g"",""2f3e"",""1f1e"",""6b6c"",""6d6e"",""7c7d"",""7g6h"",""8a7c"",""6e6f"",""6c6d"",""1e1d"",""1c1d"",""1i1d""],""scoreCp"":726}]}]"
middlegame-80,1nsg3nk/l1r6/p1p1gppp1/1p1+B5/1b1pp1P1l/1PP1PP2p/P2P3GN/LKG1R1S1L/1NS1S4 b 2p 1,1000,2,2,256,3,3,1386.233,1385.6,1390.7,1000.667,1279619.7,1278761.2,2090,18.33,"{""ok"":3}",0,0,"[{""label"":""middlegame-80:mt1000-mpv2-t2-h256:warm1"",""candidates"":[{""move"":""6d5c"",""pvUsi"":[""6d5c"",""8e7f"",""1g2e"",""6e6f"",""G*7g"",""7f9d"",""6g6f"",""8d8e"",""5c4c"",""8e8f"",""7g8f"",""9d5h+"",""5i5h"",""7b8b"",""P*8g"",""R*5i""],""scoreCp"":2207},{""move"":""6d7e"",""pvUsi"":[""6d7e"",""1f1g+"",""8f8e"",""6a5b"",""2g1g"",""7c7d"",""7e5c"",""5b5c"",""B*4e"",""1a2b"",""4e7b+"",""7a7b"",""R*4b"",""2b1c"",""4b7b+"",""B*6i"",""P*1d"",""1c1d"",""7b1b"",""1d2d"",""1b2a""],""scoreCp"":1908}]},{""label"":""middlegame-80:mt1000-mpv2-t2-h256:warm2"",""candidates"":[{""move"":""6d5c"",""pvUsi"":[""6d5c"",""8e7f"",""1g2e"",""6e6f"",""6g6f"",""1a2b"",""3e3d"",""3c3d"",""P*7g"",""7f5h+"",""5i5h"",""6a5b"",""5c6d"",""1f1g+"",""1h1g"",""1e1g+"",""2g1g""],""scoreCp"":2252},{""move"":""6d7e"",""pvUsi"":[""6d7e"",""1f1g+"",""8f8e"",""6a5b"",""2g1g"",""7c7d"",""7e4h"",""1e1g"",""1h1g"",""1a2b"",""5f5e"",""7d7e"",""P*2d"",""2c2d"",""B*4e"",""5c6c"",""1g1b+"",""2b3b"",""4h7e"",""7b7e"",""7f7e"",""N*7f"",""8h9i""],""scoreCp"":1838}]},{""label"":""middlegame-80:mt1000-mpv2-t2-h256:warm3"",""candidates"":[{""move"":""6d5c"",""pvUsi"":[""6d5c"",""8e7f"",""7h7g"",""1f1g+"",""7g7f"",""1g2g"",""1h1e"",""P*1c"",""3h2g"",""8d8e"",""8h7h"",""N*9e"",""B*5d"",""8e8f"",""7f8f"",""G*8g"",""8f8g""],""scoreCp"":2185},{""move"":""6d7e"",""pvUsi"":[""6d7e"",""1f1g+"",""8f8e"",""6a5b"",""2g1g"",""7c7d"",""7e4h"",""1a2b"",""5f5e"",""1e1g+"",""1h1g"",""7b8b"",""5e5d"",""5c6c"",""L*2i"",""8d8e""],""scoreCp"":1901}]}]"
hand-piece-rich,1n2g4/l1s3k1r/p1+B1gp1pn/Bp7/1PPp5/5P2l/PG1P+pS2N/LK2R3L/1NS1S4 b 2Pg5p 1,1000,2,2,256,3,3,1418.533,1396.4,1469.5,1000.333,1197114,1196710.3,2083.3,16.67,"{""ok"":3}",0,0,"[{""label"":""hand-piece-rich:mt1000-mpv2-t2-h256:warm1"",""candidates"":[{""move"":""7c5a"",""pvUsi"":[""7c5a"",""3b2a"",""5h5g"",""P*5f"",""5g5f"",""G*5b"",""P*2b"",""1b2b"",""5f5c+"",""5b5c"",""G*3c"",""R*2h"",""P*5h"",""9c9d"",""3c2b"",""2a2b""],""scoreCp"":2294},{""move"":""9d7b+"",""pvUsi"":[""9d7b+"",""8a7c"",""5h5g"",""P*5f"",""5g5f"",""P*5e"",""5f5h"",""7c8e"",""P*3c"",""3b3c"",""P*3d"",""3c3b"",""P*5d"",""5c5b"",""5h3h"",""5a4b"",""S*3c"",""3b3a"",""3c4b"",""5b4b""],""scoreCp"":1544}]},{""label"":""hand-piece-rich:mt1000-mpv2-t2-h256:warm2"",""candidates"":[{""move"":""7c5a"",""pvUsi"":[""7c5a"",""3b2a"",""P*3c"",""P*3a"",""5h5g"",""P*5f"",""P*2b"",""1b2b"",""5g5f"",""P*5e"",""5f5h"",""9c9d"",""P*1d"",""B*6i"",""1d1c+"",""6i8g+"",""8h8g"",""G*7f"",""8g7f""],""scoreCp"":2163},{""move"":""9d7b+"",""pvUsi"":[""9d7b+"",""8a7c"",""5h5g"",""B*3c"",""8h7h"",""P*7g"",""8i7g"",""P*5f"",""5g5f"",""G*5e"",""P*3d"",""5e5f"",""3d3c+"",""3b3c""],""scoreCp"":1586}]},{""label"":""hand-piece-rich:mt1000-mpv2-t2-h256:warm3"",""candidates"":[{""move"":""7c5a"",""pvUsi"":[""7c5a"",""G*4b"",""9d7b+"",""5g5h"",""5i5h"",""P*3c"",""P*1d"",""P*7g"",""8g7g""],""scoreCp"":2258},{""move"":""9d7b+"",""pvUsi"":[""9d7b+"",""8a7c"",""5h5g"",""P*5f"",""5g5f"",""P*5e"",""5f5e"",""B*4d"",""7b7c"",""5a4b"",""P*3c"",""4b3c"",""N*4e"",""5c5d"",""4e3c+"",""4d3c"",""P*3d"",""3c5e"",""7c5e"",""5d5e""],""scoreCp"":1548}]}]"
middlegame-120,1n2g4/+B1s1k3r/p+P2gp1pn/B8/2Pp2p2/1p2LP2l/PG1P+pS2N/LKR4PL/1NS1S1+p1g b 2P2p 1,1000,2,2,256,3,3,1401.6,1409.8,1420.7,1000.333,1230299,1229894.3,2086.7,17,"{""ok"":3}",0,0,"[{""label"":""middlegame-120:mt1000-mpv2-t2-h256:warm1"",""candidates"":[{""move"":""9d8e"",""pvUsi"":[""9d8e"",""5b4b"",""5f5c+"",""4b3c"",""8g8f"",""P*8d"",""8e7d"",""3c2d"",""8c7b"",""8d8e"",""7d8e"",""1c2e"",""S*2f"",""1f1g+"",""G*4e"",""1b3b"",""1h1g"",""2e1g+"",""4e3e"",""3b3e"",""2f3e"",""2d3e""],""scoreCp"":1925},{""move"":""8g8f"",""pvUsi"":[""8g8f"",""9c9d"",""8c7b"",""5g5f"",""4g5f"",""1i1h"",""7b8a"",""1h1g"",""9b7d"",""5c6c"",""7d6e"",""P*6d""],""scoreCp"":1498}]},{""label"":""middlegame-120:mt1000-mpv2-t2-h256:warm2"",""candidates"":[{""move"":""9d8e"",""pvUsi"":[""9d8e"",""5b4b"",""5f5c+"",""4b3c"",""8g8f"",""3c2d"",""8c7b"",""1c2e"",""S*2f"",""1f1g+"",""8e6c+"",""N*3d"",""1h1g"",""1b1g+"",""G*1e"",""1g1e"",""2f1e"",""2d1e""],""scoreCp"":1906},{""move"":""8g8f"",""pvUsi"":[""8g8f"",""9c9d"",""P*5d"",""5c6c"",""8c7b"",""5g6g"",""5d5c+"",""6c5c"",""9b7d"",""5b4b"",""5f5c+"",""4b5c"",""7d6e"",""6g7h"",""7i7h"",""R*5g"",""P*5d"",""5c4b""],""scoreCp"":1465}]},{""label"":""middlegame-120:mt1000-mpv2-t2-h256:warm3"",""candidates"":[{""move"":""9d8e"",""pvUsi"":[""9d8e"",""5b4b"",""5f5c+"",""4b3c"",""8g8f"",""P*8d"",""8e7f"",""3c2d"",""8c7b"",""8a7c"",""S*2f"",""5g4g"",""G*1e"",""2d3d""],""scoreCp"":1847},{""move"":""8g8f"",""pvUsi"":[""8g8f"",""9c9d"",""8c7b"",""5g6g"",""7h7f"",""P*8e"",""9b7d"",""5b4b"",""5f5c+"",""4b3c"",""7d8e"",""3c2d"",""S*2f"",""B*3c"",""P*6f""],""scoreCp"":1606}]}]"
middlegame-150,1+Bp6/4+Bgr1p/1P2L1kpn/p4p2n/2Pp2p2/1pG2P3/P2P1S2+l/LKRS+p2PL/1NS1S1+p1g b GN2p 1,1000,2,2,256,3,3,1388.067,1378.7,1410.7,1000.333,1382135.7,1381673.9,2780,11,"{""incomplete"":1,""ok"":2}",1,0,"[{""label"":""middlegame-150:mt1000-mpv2-t2-h256:warm1"",""candidates"":[]},{""label"":""middlegame-150:mt1000-mpv2-t2-h256:warm2"",""candidates"":[{""move"":""G*3d"",""pvUsi"":[""G*3d"",""3c2b"",""5b4b"",""3b3d"",""4b4c"",""1c2e"",""4c3d"",""8f8g+"",""8h8g"",""G*4a"",""8a5d"",""P*8f"",""7f8f""],""scoreCp"":4403},{""move"":""N*2f"",""pvUsi"":[""N*2f"",""4b5b"",""G*3d"",""3c4b"",""5c5b+"",""4b5b"",""7f8f"",""5h6h"",""5i6h"",""1d2f"",""P*5c"",""5b5c"",""8a7a"",""5c4b"",""7a4d""],""scoreCp"":2048}]},{""label"":""middlegame-150:mt1000-mpv2-t2-h256:warm3"",""candidates"":[{""move"":""G*3d"",""pvUsi"":[""G*3d"",""3c2b"",""5b4b"",""3b3d"",""4b4c"",""G*8g"",""8h9i"",""1c2e"",""4c3d"",""8g8h"",""9i8h"",""8f8g+"",""8h8g"",""3i3h"",""G*3c"",""2b1a""],""scoreCp"":5463},{""move"":""N*4e"",""pvUsi"":[""N*4e"",""4d4e"",""G*3d"",""3c2b"",""5b4b"",""3b3d"",""7f8f"",""5h6h"",""5i6h"",""P*8e"",""8f8e"",""S*8g"",""8h8g"",""P*8f"",""8g8f""],""scoreCp"":1751}]}]"
mate-in-one,2p2+B2k/1+B3g2p/1P2L1Gpn/p1P2p3/3p2p2/lpG1NP3/P1KP+p3+l/LS1S2SP+n/1NR1S1+pg1 b RPp 1,1000,2,2,256,3,3,1381.2,1375.9,1399.6,1000,3184931.3,3184931.3,2083.3,58,"{""mate"":3}",0,0,"[{""label"":""mate-in-one:mt1000-mpv2-t2-h256:warm1"",""candidates"":[{""move"":""R*3a"",""pvUsi"":[""R*3a""],""scoreMate"":1},{""move"":""4a4b"",""pvUsi"":[""4a4b"",""5g6g"",""6h6g"",""8f8g+"",""8h8g"",""P*8f"",""G*2b""],""scoreMate"":7}]},{""label"":""mate-in-one:mt1000-mpv2-t2-h256:warm2"",""candidates"":[{""move"":""R*3a"",""pvUsi"":[""R*3a""],""scoreMate"":1},{""move"":""4a4b"",""pvUsi"":[""4a4b"",""8f8g+"",""7g8g"",""9f9g+"",""8g9g"",""3i3h"",""G*2b""],""scoreMate"":7}]},{""label"":""mate-in-one:mt1000-mpv2-t2-h256:warm3"",""candidates"":[{""move"":""R*3a"",""pvUsi"":[""R*3a""],""scoreMate"":1},{""move"":""4a4b"",""pvUsi"":[""4a4b"",""8f8g+"",""7g8g"",""9f9g+"",""8g9g"",""3i3h"",""G*2b""],""scoreMate"":7}]}]"
single-legal-move,2p5k/4Rg2p/1P2L1Gp1/p1P+B+Bp3/n2p2pnP/l1G2P3/P+pKP1+p2+l/LS1S2SP+n/1NR1S1+pg1 b P 1,1000,2,2,256,3,3,1559.033,1471.2,1806.3,1000,2274974,2274974,2083.3,0,"{""incomplete"":3}",3,0,"[{""label"":""single-legal-move:mt1000-mpv2-t2-h256:warm1"",""candidates"":[]},{""label"":""single-legal-move:mt1000-mpv2-t2-h256:warm2"",""candidates"":[]},{""label"":""single-legal-move:mt1000-mpv2-t2-h256:warm3"",""candidates"":[]}]"
sparse-endgame,l+P1+S5/+B1+B4sl/5r+N1n/l3p3p/2g1kS2P/2P3PG1/2S5L/+n1G4pK/P+p1G1R3 b 7Pn2p 1,1000,2,2,256,3,3,955.233,962.4,977.6,557.667,2877944,5161003,1196.7,245,"{""mate"":3}",0,0,"[{""label"":""sparse-endgame:mt1000-mpv2-t2-h256:warm1"",""candidates"":[{""move"":""7b5d"",""pvUsi"":[""7b5d""],""scoreMate"":1},{""move"":""4e5f"",""pvUsi"":[""4e5f"",""5e6d"",""4i4c+"",""9a9b"",""4c5d""],""scoreMate"":5}]},{""label"":""sparse-endgame:mt1000-mpv2-t2-h256:warm2"",""candidates"":[{""move"":""7b5d"",""pvUsi"":[""7b5d""],""scoreMate"":1},{""move"":""4e5f"",""pvUsi"":[""4e5f"",""5e6d"",""4i4c+"",""9a9b"",""4c5d""],""scoreMate"":5}]},{""label"":""sparse-endgame:mt1000-mpv2-t2-h256:warm3"",""candidates"":[{""move"":""7b5d"",""pvUsi"":[""7b5d""],""scoreMate"":1},{""move"":""4e5f"",""pvUsi"":[""4e5f"",""5e6d"",""4i4c+"",""9a9b"",""4c5d""],""scoreMate"":5}]}]"
initial-position,lnsgkgsnl/1r5b1/ppppppppp/9/9/9/PPPPPPPPP/1B5R1/LNSGKGSNL b - 1,1000,3,1,256,3,3,1729.367,1772.4,2051.3,1000.333,924661.3,924351.4,1046.7,20,"{""ok"":3}",0,0,"[{""label"":""initial-position:mt1000-mpv3-t1-h256:warm1"",""candidates"":[{""move"":""7g7f"",""pvUsi"":[""7g7f"",""8c8d"",""6i7h"",""8d8e"",""8h7g"",""4a3b"",""2g2f"",""3c3d"",""7i8h"",""4c4d"",""2f2e"",""2b3c"",""9g9f"",""7a6b"",""3i4h""],""scoreCp"":37},{""move"":""6i7h"",""pvUsi"":[""6i7h"",""8c8d"",""7g7f"",""8d8e"",""8h7g"",""4a3b"",""2g2f"",""3c3d"",""7i6h"",""1c1d"",""2f2e"",""2b7g+"",""6h7g"",""3a2b"",""1g1f"",""2b3c"",""6g6f"",""9c9d"",""9g9f"",""6a5b"",""4g4f"",""B*4g""],""scoreCp"":34},{""move"":""2g2f"",""pvUsi"":[""2g2f"",""8c8d"",""2f2e"",""4a3b"",""7g7f"",""8d8e"",""8h7g"",""3c3d"",""6g6f"",""2b3c"",""7i6h"",""9c9d"",""9g9f"",""7a6b"",""4i5h"",""3a4b"",""3i4h"",""4c4d"",""6i7h"",""6a5b"",""6h6g"",""4b4c""],""scoreCp"":31}]},{""label"":""initial-position:mt1000-mpv3-t1-h256:warm2"",""candidates"":[{""move"":""7g7f"",""pvUsi"":[""7g7f"",""8c8d"",""6i7h"",""8d8e"",""8h7g"",""4a3b"",""2g2f"",""3c3d"",""7i8h"",""4c4d"",""2f2e"",""2b3c"",""9g9f"",""7a6b"",""3i4h""],""scoreCp"":37},{""move"":""6i7h"",""pvUsi"":[""6i7h"",""8c8d"",""7g7f"",""8d8e"",""8h7g"",""4a3b"",""2g2f"",""3c3d"",""7i6h"",""1c1d"",""2f2e"",""2b7g+"",""6h7g"",""3a2b"",""1g1f"",""2b3c"",""6g6f"",""9c9d"",""9g9f"",""6a5b"",""4g4f"",""B*4g""],""scoreCp"":34},{""move"":""2g2f"",""pvUsi"":[""2g2f"",""8c8d"",""2f2e"",""4a3b"",""7g7f"",""8d8e"",""8h7g"",""3c3d"",""6g6f"",""2b3c"",""7i6h"",""9c9d"",""9g9f"",""7a6b"",""4i5h"",""3a4b"",""3i4h"",""4c4d"",""6i7h"",""6a5b"",""6h6g"",""4b4c""],""scoreCp"":31}]},{""label"":""initial-position:mt1000-mpv3-t1-h256:warm3"",""candidates"":[{""move"":""7g7f"",""pvUsi"":[""7g7f"",""8c8d"",""6i7h"",""8d8e"",""8h7g"",""4a3b"",""2g2f"",""3c3d"",""7i8h"",""4c4d"",""2f2e"",""2b3c"",""9g9f"",""7a6b"",""3i4h""],""scoreCp"":37},{""move"":""6i7h"",""pvUsi"":[""6i7h"",""8c8d"",""7g7f"",""8d8e"",""8h7g"",""4a3b"",""2g2f"",""3c3d"",""7i6h"",""1c1d"",""2f2e"",""2b7g+"",""6h7g"",""3a2b"",""1g1f"",""2b3c"",""6g6f"",""9c9d"",""9g9f"",""6a5b"",""4g4f"",""B*4g""],""scoreCp"":34},{""move"":""2g2f"",""pvUsi"":[""2g2f"",""8c8d"",""2f2e"",""4a3b"",""7g7f"",""8d8e"",""8h7g"",""3c3d"",""6g6f"",""2b3c"",""7i6h"",""9c9d"",""9g9f"",""7a6b"",""4i5h"",""3a4b"",""3i4h"",""4c4d"",""6i7h"",""6a5b"",""6h6g"",""4b4c""],""scoreCp"":31}]}]"
quiet-no-mate,1n1g1ksn1/l1rsg2b1/p1pp1p+Bpl/1p2p4/8p/2P3P1P/PP1PPPSP1/3S4R/LNG1KG1NL b P 1,1000,3,1,256,3,3,1363.433,1365.5,1369.1,1000,731709,731709,1040,18,"{""ok"":3}",0,0,"[{""label"":""quiet-no-mate:mt1000-mpv3-t1-h256:warm1"",""candidates"":[{""move"":""3c2b"",""pvUsi"":[""3c2b"",""3a2b"",""1f1e"",""B*3c"",""B*6f"",""3c6f"",""6g6f"",""B*7d"",""5i4h"",""6b5c"",""1e1d"",""5c4d"",""1d1c+"",""2a1c"",""8i7g""],""scoreCp"":1598},{""move"":""3c2c"",""pvUsi"":[""3c2c"",""4a5a"",""1f1e"",""2b9i+"",""1e1d"",""3a2b"",""1d1c+"",""2b2c"",""1c2c"",""6b5c"",""1h1b+"",""2a3c"",""1b2a"",""5a6b"",""2c3c"",""7b7a"",""3c4c"",""5b4c"",""2a1b"",""L*4b""],""scoreCp"":1562},{""move"":""3c3d"",""pvUsi"":[""3c3d"",""2b9i+"",""1f1e"",""4a5a"",""1e1d"",""1c1d"",""P*1e"",""9i3c"",""3d3c"",""2a3c"",""1e1d"",""3c2e"",""B*1e"",""5b4b"",""1d1c+"",""P*1g"",""1h5h"",""B*7d"",""1c2c"",""7d4g+""],""scoreCp"":818}]},{""label"":""quiet-no-mate:mt1000-mpv3-t1-h256:warm2"",""candidates"":[{""move"":""3c2b"",""pvUsi"":[""3c2b"",""3a2b"",""1f1e"",""B*3c"",""B*6f"",""3c6f"",""6g6f"",""B*7d"",""5i4h"",""6b5c"",""1e1d"",""5c4d"",""1d1c+"",""2a1c"",""8i7g""],""scoreCp"":1598},{""move"":""3c2c"",""pvUsi"":[""3c2c"",""4a5a"",""1f1e"",""2b9i+"",""1e1d"",""3a2b"",""1d1c+"",""2b2c"",""1c2c"",""6b5c"",""1h1b+"",""2a3c"",""1b2a"",""5a6b"",""2c3c"",""7b7a"",""3c4c"",""5b4c"",""2a1b"",""L*4b""],""scoreCp"":1562},{""move"":""3c3d"",""pvUsi"":[""3c3d"",""2b9i+"",""1f1e"",""4a5a"",""1e1d"",""1c1d"",""P*1e"",""9i3c"",""3d3c"",""2a3c"",""1e1d"",""3c2e"",""B*1e"",""5b4b"",""1d1c+"",""P*1g"",""1h5h"",""B*7d"",""1c2c"",""7d4g+""],""scoreCp"":818}]},{""label"":""quiet-no-mate:mt1000-mpv3-t1-h256:warm3"",""candidates"":[{""move"":""3c2b"",""pvUsi"":[""3c2b"",""3a2b"",""1f1e"",""B*3c"",""B*6f"",""3c6f"",""6g6f"",""B*7d"",""5i4h"",""6b5c"",""1e1d"",""5c4d"",""1d1c+"",""2a1c"",""8i7g""],""scoreCp"":1598},{""move"":""3c2c"",""pvUsi"":[""3c2c"",""4a5a"",""1f1e"",""2b9i+"",""1e1d"",""3a2b"",""1d1c+"",""2b2c"",""1c2c"",""6b5c"",""1h1b+"",""2a3c"",""1b2a"",""5a6b"",""2c3c"",""7b7a"",""3c4c"",""5b4c"",""2a1b"",""L*4b""],""scoreCp"":1562},{""move"":""3c3d"",""pvUsi"":[""3c3d"",""2b9i+"",""1f1e"",""4a5a"",""1e1d"",""1c1d"",""P*1e"",""9i3c"",""3d3c"",""2a3c"",""1e1d"",""3c2e"",""B*1e"",""5b4b"",""1d1c+"",""P*1g"",""1h5h"",""B*7d"",""1c2c"",""7d4g+""],""scoreCp"":818}]}]"
sente-middlegame,1nrg3n1/l2s2k2/p1p1gp1pl/1p1pp2s1/6P1p/b1P5P/PP1PPP1P1/L1KSRSG2/1NG4NL b BP 1,1000,3,1,256,3,3,1485.067,1352.3,1758.9,1000.333,685092.7,684863.8,1040,18,"{""ok"":3}",0,0,"[{""label"":""sente-middlegame:mt1000-mpv3-t1-h256:warm1"",""candidates"":[{""move"":""9g9f"",""pvUsi"":[""9g9f"",""8d8e"",""1f1e"",""1c1e"",""1i1e"",""2d1e"",""3e3d"",""7c7d"",""B*8b"",""7a7b"",""8b9a+"",""6a7a"",""B*8c"",""L*3e"",""8c7b+"",""3e3h+"",""L*3c"",""2a3c""],""scoreCp"":2081},{""move"":""1f1e"",""pvUsi"":[""1f1e"",""9f8e"",""1e1d"",""1c1d"",""1i1d"",""P*1c"",""P*1b"",""7c7d"",""3e3d"",""1c1d"",""1b1a+"",""7d7e"",""1a2a"",""7e7f"",""7h6i"",""L*7c"",""P*7h"",""6a5b"",""5g5f"",""4c4d"",""4h5i""],""scoreCp"":1221},{""move"":""3e3d"",""pvUsi"":[""3e3d"",""9f8e"",""1f1e"",""7c7d"",""1e1d"",""1c1d"",""1i1d"",""P*1c"",""P*1b"",""1c1d"",""1b1a+"",""7d7e"",""7h6i"",""8e7f"",""1a2a"",""7f8g+"",""7i7h"",""8g7h"",""6i7h"",""L*7f"",""L*7g""],""scoreCp"":1192}]},{""label"":""sente-middlegame:mt1000-mpv3-t1-h256:warm2"",""candidates"":[{""move"":""9g9f"",""pvUsi"":[""9g9f"",""8d8e"",""1f1e"",""1c1e"",""1i1e"",""2d1e"",""3e3d"",""7c7d"",""B*8b"",""7a7b"",""8b9a+"",""6a7a"",""B*8c"",""L*3e"",""8c7b+"",""3e3h+"",""L*3c"",""2a3c""],""scoreCp"":2081},{""move"":""1f1e"",""pvUsi"":[""1f1e"",""9f8e"",""1e1d"",""1c1d"",""1i1d"",""P*1c"",""P*1b"",""7c7d"",""3e3d"",""1c1d"",""1b1a+"",""7d7e"",""1a2a"",""7e7f"",""7h6i"",""L*7c"",""P*7h"",""6a5b"",""5g5f"",""4c4d"",""4h5i""],""scoreCp"":1221},{""move"":""3e3d"",""pvUsi"":[""3e3d"",""9f8e"",""1f1e"",""7c7d"",""1e1d"",""1c1d"",""1i1d"",""P*1c"",""P*1b"",""1c1d"",""1b1a+"",""7d7e"",""7h6i"",""8e7f"",""1a2a"",""7f8g+"",""7i7h"",""8g7h"",""6i7h"",""L*7f"",""L*7g""],""scoreCp"":1192}]},{""label"":""sente-middlegame:mt1000-mpv3-t1-h256:warm3"",""candidates"":[{""move"":""9g9f"",""pvUsi"":[""9g9f"",""8d8e"",""1f1e"",""1c1e"",""1i1e"",""2d1e"",""3e3d"",""7c7d"",""B*8b"",""7a7b"",""8b9a+"",""6a7a"",""B*8c"",""L*3e"",""8c7b+"",""3e3h+"",""L*3c"",""2a3c""],""scoreCp"":2081},{""move"":""1f1e"",""pvUsi"":[""1f1e"",""9f8e"",""1e1d"",""1c1d"",""1i1d"",""P*1c"",""P*1b"",""7c7d"",""3e3d"",""1c1d"",""1b1a+"",""7d7e"",""1a2a"",""7e7f"",""7h6i"",""L*7c"",""P*7h"",""6a5b"",""5g5f"",""4c4d"",""4h5i""],""scoreCp"":1221},{""move"":""3e3d"",""pvUsi"":[""3e3d"",""9f8e"",""1f1e"",""7c7d"",""1e1d"",""1c1d"",""1i1d"",""P*1c"",""P*1b"",""1c1d"",""1b1a+"",""7d7e"",""7h6i"",""8e7f"",""1a2a"",""7f8g+"",""7i7h"",""8g7h"",""6i7h"",""L*7f"",""L*7g""],""scoreCp"":1192}]}]"
gote-middlegame,1nrgB2n1/l2s2k2/p1p1gp1pl/1p1pp2s1/6P1p/b1P5P/PP1PPP1P1/L1KSRSG2/1NG4NL w P 1,1000,3,1,256,3,3,1354.267,1355.8,1358.2,1000.333,701820,701588.7,1043.3,15,"{""ok"":3}",0,0,"[{""label"":""gote-middlegame:mt1000-mpv3-t1-h256:warm1"",""candidates"":[{""move"":""9f8g+"",""pvUsi"":[""9f8g+"",""7h8g"",""6a5a"",""B*8b"",""8d8e"",""8b7a+"",""6b7a"",""P*8h"",""1e1f"",""5g5f"",""7a6b"",""4h5i"",""8e8f"",""8g7h"",""3b2b"",""5f5e"",""5d5e"",""5h5e""],""scoreCp"":243},{""move"":""9f8e"",""pvUsi"":[""9f8e"",""5a2d+"",""2c2d"",""1f1e"",""7c7d"",""1e1d"",""1c1d"",""1i1d"",""7d7e"",""1d1a+"",""B*4i"",""4h5i"",""4i5h+"",""5i5h"",""R*1h"",""1a2a"",""1h3h+"",""N*3d"",""7e7f"",""S*4b"",""3b2a""],""scoreCp"":285},{""move"":""6a5a"",""pvUsi"":[""6a5a"",""9g9f"",""1e1f"",""B*8b"",""7a6a"",""8b9a+"",""1f1g+"",""2i1g"",""P*1f"",""1g2e"",""2d2e"",""9a9b"",""1f1g+"",""9b8c""],""scoreCp"":423}]},{""label"":""gote-middlegame:mt1000-mpv3-t1-h256:warm2"",""candidates"":[{""move"":""9f8g+"",""pvUsi"":[""9f8g+"",""7h8g"",""6a5a"",""B*8b"",""8d8e"",""8b7a+"",""6b7a"",""P*8h"",""1e1f"",""5g5f"",""7a6b"",""4h5i"",""8e8f"",""8g7h"",""3b2b"",""5f5e"",""5d5e"",""5h5e""],""scoreCp"":243},{""move"":""9f8e"",""pvUsi"":[""9f8e"",""5a2d+"",""2c2d"",""1f1e"",""7c7d"",""1e1d"",""1c1d"",""1i1d"",""7d7e"",""1d1a+"",""B*4i"",""4h5i"",""4i5h+"",""5i5h"",""R*1h"",""1a2a"",""1h3h+"",""N*3d"",""7e7f"",""S*4b"",""3b2a""],""scoreCp"":285},{""move"":""6a5a"",""pvUsi"":[""6a5a"",""9g9f"",""1e1f"",""B*8b"",""7a6a"",""8b9a+"",""1f1g+"",""2i1g"",""P*1f"",""1g2e"",""2d2e"",""9a9b"",""1f1g+"",""9b8c""],""scoreCp"":423}]},{""label"":""gote-middlegame:mt1000-mpv3-t1-h256:warm3"",""candidates"":[{""move"":""9f8g+"",""pvUsi"":[""9f8g+"",""7h8g"",""6a5a"",""B*8b"",""8d8e"",""8b7a+"",""6b7a"",""P*8h"",""1e1f"",""5g5f"",""7a6b"",""4h5i"",""8e8f"",""8g7h"",""3b2b"",""5f5e"",""5d5e"",""5h5e""],""scoreCp"":243},{""move"":""9f8e"",""pvUsi"":[""9f8e"",""5a2d+"",""2c2d"",""1f1e"",""7c7d"",""1e1d"",""1c1d"",""1i1d"",""7d7e"",""1d1a+"",""B*4i"",""4h5i"",""4i5h+"",""5i5h"",""R*1h"",""1a2a"",""1h3h+"",""N*3d"",""7e7f"",""S*4b"",""3b2a""],""scoreCp"":285},{""move"":""6a5a"",""pvUsi"":[""6a5a"",""9g9f"",""1e1f"",""B*8b"",""7a6a"",""8b9a+"",""1f1g+"",""2i1g"",""P*1f"",""1g2e"",""2d2e"",""9a9b"",""1f1g+"",""9b8c""],""scoreCp"":423}]}]"
middlegame-60,1nr1g1kn1/l2sb4/p1p1gpppl/1p2p4/3p2P2/1PP2+B1sp/P1KPPP2P/L1G1RSG2/1N2S2NL b p 1,1000,3,1,256,3,3,1371.667,1380.9,1384.7,1000,700880.3,700880.3,1043.3,16.67,"{""ok"":3}",0,0,"[{""label"":""middlegame-60:mt1000-mpv3-t1-h256:warm1"",""candidates"":[{""move"":""3h3g"",""pvUsi"":[""3h3g"",""2f1g+"",""2i1g"",""1f1g+"",""3e3d"",""3c3d"",""5g5f"",""5a4b"",""5f5e"",""5d5e"",""4f5e"",""P*5d"",""5e1a"",""4b3b"",""3g4f""],""scoreCp"":816},{""move"":""1g1f"",""pvUsi"":[""1g1f"",""5c4d"",""4f6d"",""3a3b"",""1f1e"",""1c1e"",""P*1f"",""6b6c"",""6d2h"",""7a6a"",""1f1e"",""6c6d"",""4h3g"",""2f3e"",""1e1d"",""P*1b"",""3g4f"",""3e2d"",""5g5f"",""7c7d"",""7g6h"",""7d7e""],""scoreCp"":715},{""move"":""4h3g"",""pvUsi"":[""4h3g"",""2f1g+"",""3e3d"",""3c3d"",""5g5f"",""5a4b"",""5f5e"",""5d5e"",""5h5e"",""5c4d"",""5e6e"",""5b6c"",""2i1g"",""1f1g+"",""P*1b"",""3a2b"",""1b1a+""],""scoreCp"":692}]},{""label"":""middlegame-60:mt1000-mpv3-t1-h256:warm2"",""candidates"":[{""move"":""3h3g"",""pvUsi"":[""3h3g"",""2f1e"",""1g1f"",""1e2d"",""5g5f"",""5a4b"",""1f1e"",""4c4d"",""5f5e"",""5d5e"",""4f5e"",""1c1e"",""1i1e"",""2d1e""],""scoreCp"":824},{""move"":""1g1f"",""pvUsi"":[""1g1f"",""5c4d"",""4f6d"",""3a3b"",""1f1e"",""2f3e"",""1e1d"",""1c1d"",""1i1d"",""P*1c"",""1d1c+"",""2a1c"",""P*1d"",""1c2e"",""1d1c+"",""5b7d"",""6d7e""],""scoreCp"":810},{""move"":""4h3g"",""pvUsi"":[""4h3g"",""2f1g+"",""3e3d"",""3c3d"",""5g5f"",""5a4b"",""5f5e"",""5d5e"",""5h5e"",""5c4d"",""2i1g"",""1f1g+"",""5e5h"",""N*5d""],""scoreCp"":707}]},{""label"":""middlegame-60:mt1000-mpv3-t1-h256:warm3"",""candidates"":[{""move"":""1g1f"",""pvUsi"":[""1g1f"",""5c4d"",""1f1e"",""5a4b"",""1e1d"",""2f3e"",""4f6d"",""6b6c"",""6d3g"",""1c1d"",""1i1d""],""scoreCp"":802},{""move"":""3h3g"",""pvUsi"":[""3h3g"",""2f1e"",""1g1f"",""1e2d"",""1f1e"",""5a4b"",""3g2f"",""8d8e"",""8f8e"",""7c7d"",""4f8b"",""7d7e"",""8b7a"",""6b7a""],""scoreCp"":791},{""move"":""4h3g"",""pvUsi"":[""4h3g"",""2f1g+"",""3e3d"",""3c3d"",""5g5f"",""5a4b"",""5f5e"",""5d5e"",""5h5e"",""5c4d"",""5e6e"",""5b6c"",""2i1g"",""1f1g+"",""P*1b"",""3a2b"",""1b1a+""],""scoreCp"":692}]}]"
middlegame-80,1nsg3nk/l1r6/p1p1gppp1/1p1+B5/1b1pp1P1l/1PP1PP2p/P2P3GN/LKG1R1S1L/1NS1S4 b 2p 1,1000,3,1,256,3,3,1368.033,1362,1388.7,1000.333,623285.7,623076,1043.3,17,"{""ok"":3}",0,0,"[{""label"":""middlegame-80:mt1000-mpv3-t1-h256:warm1"",""candidates"":[{""move"":""6d5c"",""pvUsi"":[""6d5c"",""8e7f"",""G*7g"",""1f1g+"",""7g7f"",""1g1h"",""5f5e"",""L*7d"",""P*7e"",""1a1b"",""5c4c"",""P*5g"",""5h5g""],""scoreCp"":2128},{""move"":""6d7e"",""pvUsi"":[""6d7e"",""6a5b"",""8f8e"",""1f1g+"",""2g1g"",""1a2b"",""5f5e"",""7c7d"",""7e4h"",""1e1g+"",""1h1g"",""8d8e"",""3e3d"",""8e8f"",""3d3c+"",""2b3c""],""scoreCp"":1820},{""move"":""6d5e"",""pvUsi"":[""6d5e"",""1f1g+"",""8f8e"",""1g1h"",""8h9i"",""5c4d"",""5e7g"",""8d8e"",""2g2f"",""1e1g+"",""5f5e"",""1a1b"",""5e5d"",""1h2h""],""scoreCp"":1677}]},{""label"":""middlegame-80:mt1000-mpv3-t1-h256:warm2"",""candidates"":[{""move"":""6d5c"",""pvUsi"":[""6d5c"",""8e7f"",""G*7g"",""1f1g+"",""7g7f"",""1g1h"",""5f5e"",""L*7d"",""P*7e"",""1a1b"",""5c4c"",""P*5g"",""5h5g""],""scoreCp"":2128},{""move"":""6d7e"",""pvUsi"":[""6d7e"",""6a5b"",""8f8e"",""1f1g+"",""2g1g"",""1a2b"",""5f5e"",""7c7d"",""7e4h"",""1e1g+"",""1h1g"",""8d8e"",""3e3d"",""8e8f"",""3d3c+"",""2b3c""],""scoreCp"":1820},{""move"":""6d5e"",""pvUsi"":[""6d5e"",""1f1g+"",""8f8e"",""1g1h"",""8h9i"",""5c4d"",""5e7g"",""8d8e"",""2g2f"",""1e1g+"",""5f5e"",""1a1b"",""5e5d"",""1h2h""],""scoreCp"":1677}]},{""label"":""middlegame-80:mt1000-mpv3-t1-h256:warm3"",""candidates"":[{""move"":""6d5c"",""pvUsi"":[""6d5c"",""8e7f"",""G*7g"",""1f1g+"",""7g7f"",""1g1h"",""5f5e"",""L*7d"",""P*7e"",""1a1b"",""5c4c"",""P*5g"",""5h5g""],""scoreCp"":2128},{""move"":""6d7e"",""pvUsi"":[""6d7e"",""6a5b"",""8f8e"",""1f1g+"",""2g1g"",""1a2b"",""5f5e"",""7c7d"",""7e4h"",""1e1g+"",""1h1g"",""8d8e"",""3e3d"",""8e8f"",""3d3c+"",""2b3c""],""scoreCp"":1820},{""move"":""6d5e"",""pvUsi"":[""6d5e"",""1f1g+"",""8f8e"",""1g1h"",""8h9i"",""5c4d"",""5e7g"",""8d8e"",""2g2f"",""1e1g+"",""5f5e"",""1a1b"",""5e5d"",""1h2h""],""scoreCp"":1677}]}]"
hand-piece-rich,1n2g4/l1s3k1r/p1+B1gp1pn/Bp7/1PPp5/5P2l/PG1P+pS2N/LK2R3L/1NS1S4 b 2Pg5p 1,1000,3,1,256,3,3,1457.2,1363.5,1652.8,1000.667,586134,585748.4,1043.3,17,"{""ok"":3}",0,0,"[{""label"":""hand-piece-rich:mt1000-mpv3-t1-h256:warm1"",""candidates"":[{""move"":""7c5a"",""pvUsi"":[""7c5a"",""G*4b"",""9d7b+"",""5g5h"",""5i5h"",""P*3c"",""P*1d"",""5c5b"",""1d1c+"",""5b5a"",""1c1b"",""B*4d"",""N*7g""],""scoreCp"":2100},{""move"":""9d7b+"",""pvUsi"":[""9d7b+"",""8a7c"",""5h5g"",""P*5f"",""5g5f"",""P*5e"",""5f5h"",""7c8e"",""P*3c"",""3b4a"",""P*5d"",""1b7b"",""5d5c+"",""5a4b"",""5c4b"",""4a4b"",""G*3b"",""4b5b"",""5h5e"",""P*5d"",""5e5d"",""5b6a""],""scoreCp"":1567},{""move"":""P*3c"",""pvUsi"":[""P*3c"",""3b4a"",""9d7b+"",""8a7c"",""5h5g"",""1b7b"",""5g5c+"",""G*4b"",""G*3b"",""4b3b"",""3c3b+"",""7b3b"",""S*2a"",""B*2b"",""8h7h"",""P*7g"",""8i7g"",""3b3g+""],""scoreCp"":1317}]},{""label"":""hand-piece-rich:mt1000-mpv3-t1-h256:warm2"",""candidates"":[{""move"":""7c5a"",""pvUsi"":[""7c5a"",""G*4b"",""9d7b+"",""5g5h"",""5i5h"",""P*3c"",""P*1d"",""5c5b"",""1d1c+"",""5b5a"",""1c1b"",""B*4d"",""N*7g""],""scoreCp"":2100},{""move"":""9d7b+"",""pvUsi"":[""9d7b+"",""8a7c"",""5h5g"",""P*5f"",""5g5f"",""P*5e"",""5f5h"",""7c8e"",""P*3c"",""3b4a"",""P*5d"",""1b7b"",""5d5c+"",""5a4b"",""5c4b"",""4a4b"",""G*3b"",""4b5b"",""5h5e"",""P*5d"",""5e5d"",""5b6a""],""scoreCp"":1567},{""move"":""P*3c"",""pvUsi"":[""P*3c"",""3b4a"",""9d7b+"",""8a7c"",""5h5g"",""1b7b"",""5g5c+"",""G*4b"",""G*3b"",""4b3b"",""3c3b+"",""7b3b"",""S*2a"",""B*2b"",""8h7h"",""P*7g"",""8i7g"",""3b3g+""],""scoreCp"":1317}]},{""label"":""hand-piece-rich:mt1000-mpv3-t1-h256:warm3"",""candidates"":[{""move"":""7c5a"",""pvUsi"":[""7c5a"",""G*4b"",""9d7b+"",""5g5h"",""5i5h"",""P*3c"",""P*1d"",""5c5b"",""1d1c+"",""5b5a"",""1c1b"",""B*4d"",""N*7g""],""scoreCp"":2100},{""move"":""9d7b+"",""pvUsi"":[""9d7b+"",""8a7c"",""5h5g"",""P*5f"",""5g5f"",""P*5e"",""5f5h"",""7c8e"",""P*3c"",""3b4a"",""P*5d"",""1b7b"",""5d5c+"",""5a4b"",""5c4b"",""4a4b"",""G*3b"",""4b5b"",""5h5e"",""P*5d"",""5e5d"",""5b6a""],""scoreCp"":1567},{""move"":""P*3c"",""pvUsi"":[""P*3c"",""3b4a"",""9d7b+"",""8a7c"",""5h5g"",""1b7b"",""5g5c+"",""G*4b"",""G*3b"",""4b3b"",""3c3b+"",""7b3b"",""S*2a"",""B*2b"",""8h7h"",""P*7g"",""8i7g"",""3b3g+""],""scoreCp"":1317}]}]"
middlegame-120,1n2g4/+B1s1k3r/p+P2gp1pn/B8/2Pp2p2/1p2LP2l/PG1P+pS2N/LKR4PL/1NS1S1+p1g b 2P2p 1,1000,3,1,256,3,3,1356.233,1357.3,1362.5,1001,613910,613280.4,1040,16.33,"{""ok"":3}",0,0,"[{""label"":""middlegame-120:mt1000-mpv3-t1-h256:warm1"",""candidates"":[{""move"":""9d8e"",""pvUsi"":[""9d8e"",""5b4b"",""5f5c+"",""4b3c"",""8g8f"",""3c2d"",""8c7b"",""1i1h"",""S*2f"",""P*1d"",""8e6c+"",""1h1g"",""6c4e"",""P*8g"",""8h8g""],""scoreCp"":1912},{""move"":""5f5c"",""pvUsi"":[""5f5c"",""5b5c"",""8g8f"",""9c9d"",""8c7b"",""P*8e"",""8f7f"",""5g6g"",""9b6e"",""P*5d"",""P*5e"",""5c4b"",""P*3d"",""4b3a"",""3d3c+""],""scoreCp"":1516},{""move"":""8g8f"",""pvUsi"":[""8g8f"",""9c9d"",""5f5c"",""5b5c"",""8c7b"",""5g6g"",""9b6e"",""6g7h"",""7i7h"",""P*8g"",""6e8g"",""5c4d"",""S*4e"",""4d3c"",""G*3d"",""3c2b"",""8g4c""],""scoreCp"":1504}]},{""label"":""middlegame-120:mt1000-mpv3-t1-h256:warm2"",""candidates"":[{""move"":""9d8e"",""pvUsi"":[""9d8e"",""5b4b"",""5f5c+"",""4b3c"",""8g8f"",""3c2d"",""8c7b"",""1i1h"",""S*2f"",""P*1d"",""8e6c+"",""1h1g"",""6c4e"",""P*8g"",""8h8g""],""scoreCp"":1912},{""move"":""5f5c"",""pvUsi"":[""5f5c"",""5b5c"",""8g8f"",""9c9d"",""8c7b"",""P*8e"",""8f7f"",""5g6g"",""9b6e"",""P*5d"",""P*5e"",""5c4b"",""P*3d"",""4b3a"",""3d3c+""],""scoreCp"":1516},{""move"":""8g8f"",""pvUsi"":[""8g8f"",""9c9d"",""5f5c"",""5b5c"",""8c7b"",""5g6g"",""9b6e"",""6g7h"",""7i7h"",""P*8g"",""6e8g"",""5c4d"",""S*4e"",""4d3c"",""G*3d"",""3c2b"",""8g4c""],""scoreCp"":1504}]},{""label"":""middlegame-120:mt1000-mpv3-t1-h256:warm3"",""candidates"":[{""move"":""9d8e"",""pvUsi"":[""9d8e"",""5b4b"",""5f5c+"",""4b3c"",""8g8f"",""3c2d"",""8c7b"",""1i1h"",""S*2f"",""P*1d"",""8e6c+"",""1h1g"",""6c4e"",""P*8g"",""8h8g""],""scoreCp"":1912},{""move"":""5f5c"",""pvUsi"":[""5f5c"",""5b5c"",""8g8f"",""9c9d"",""8c7b"",""P*8e"",""8f7f"",""5g6g"",""9b6e"",""P*5d"",""P*5e"",""5c4b"",""P*3d"",""4b3a"",""3d3c+""],""scoreCp"":1516},{""move"":""8g8f"",""pvUsi"":[""8g8f"",""9c9d"",""5f5c"",""5b5c"",""8c7b"",""5g6g"",""9b6e"",""6g7h"",""7i7h"",""P*8g"",""6e8g"",""5c4d"",""S*4e"",""4d3c"",""G*3d"",""3c2b"",""8g4c""],""scoreCp"":1504}]}]"
middlegame-150,1+Bp6/4+Bgr1p/1P2L1kpn/p4p2n/2Pp2p2/1pG2P3/P2P1S2+l/LKRS+p2PL/1NS1S1+p1g b GN2p 1,1000,3,1,256,3,3,1400.9,1357.3,1489.2,1000.333,641640,641421.2,1043.3,17,"{""ok"":3}",0,0,"[{""label"":""middlegame-150:mt1000-mpv3-t1-h256:warm1"",""candidates"":[{""move"":""G*3d"",""pvUsi"":[""G*3d"",""3c2b"",""5b4b"",""3b4b"",""8a5d"",""B*5e"",""5d5e"",""8f8g+"",""8h8g"",""2b3a"",""B*3c"",""P*5b"",""3c4b+"",""3a4b"",""R*2a"",""P*8f"",""7f8f"",""5b5c""],""scoreCp"":4918},{""move"":""N*2f"",""pvUsi"":[""N*2f"",""4b5b"",""G*3d"",""3c4b"",""5c5b+"",""4b5b"",""7f8f"",""5h6h"",""7h6h"",""P*8g"",""8f8g"",""1d2f"",""G*4c"",""5b6b"",""4c3b""],""scoreCp"":1876},{""move"":""N*4e"",""pvUsi"":[""N*4e"",""4d4e"",""G*3d"",""3c2b"",""5b4b"",""8f8g+"",""8h8g"",""N*9e"",""8g7g"",""3b4b"",""G*3c"",""2b1a"",""3c4b""],""scoreCp"":1771}]},{""label"":""middlegame-150:mt1000-mpv3-t1-h256:warm2"",""candidates"":[{""move"":""G*3d"",""pvUsi"":[""G*3d"",""3c2b"",""5b4b"",""3b4b"",""8a5d"",""B*5e"",""5d5e"",""8f8g+"",""8h8g"",""2b3a"",""B*3c"",""P*5b"",""3c4b+"",""3a4b"",""R*2a"",""P*8f"",""7f8f"",""5b5c""],""scoreCp"":4918},{""move"":""N*2f"",""pvUsi"":[""N*2f"",""4b5b"",""G*3d"",""3c4b"",""5c5b+"",""4b5b"",""7f8f"",""5h6h"",""7h6h"",""P*8g"",""8f8g"",""1d2f"",""G*4c"",""5b6b"",""4c3b""],""scoreCp"":1876},{""move"":""N*4e"",""pvUsi"":[""N*4e"",""4d4e"",""G*3d"",""3c2b"",""5b4b"",""8f8g+"",""8h8g"",""N*9e"",""8g7g"",""3b4b"",""G*3c"",""2b1a"",""3c4b""],""scoreCp"":1771}]},{""label"":""middlegame-150:mt1000-mpv3-t1-h256:warm3"",""candidates"":[{""move"":""G*3d"",""pvUsi"":[""G*3d"",""3c2b"",""5b4b"",""3b4b"",""8a5d"",""B*5e"",""5d5e"",""8f8g+"",""8h8g"",""2b3a"",""B*3c"",""P*5b"",""3c4b+"",""3a4b"",""R*2a"",""P*8f"",""7f8f"",""5b5c""],""scoreCp"":4918},{""move"":""N*2f"",""pvUsi"":[""N*2f"",""4b5b"",""G*3d"",""3c4b"",""5c5b+"",""4b5b"",""7f8f"",""5h6h"",""7h6h"",""P*8g"",""8f8g"",""1d2f"",""G*4c"",""5b6b"",""4c3b""],""scoreCp"":1876},{""move"":""8a5d"",""pvUsi"":[""8a5d"",""4b5b"",""5d3b"",""3c3b"",""5c5b+"",""5h6h"",""7f8f"",""B*5e"",""8i7g"",""6h7h"",""7i7h"",""1i1h"",""G*3d""],""scoreCp"":1621}]}]"
mate-in-one,2p2+B2k/1+B3g2p/1P2L1Gpn/p1P2p3/3p2p2/lpG1NP3/P1KP+p3+l/LS1S2SP+n/1NR1S1+pg1 b RPp 1,1000,3,1,256,3,3,1508.767,1367.5,1794.4,1000,1394946.3,1394946.3,1043.3,51.67,"{""mate"":3}",0,0,"[{""label"":""mate-in-one:mt1000-mpv3-t1-h256:warm1"",""candidates"":[{""move"":""R*3a"",""pvUsi"":[""R*3a""],""scoreMate"":1},{""move"":""4a3a"",""pvUsi"":[""4a3a"",""5g6g"",""6h6g"",""8f8g+"",""8h8g"",""4b3c"",""R*2a""],""scoreMate"":7},{""move"":""4a4b"",""pvUsi"":[""4a4b"",""8f8g+"",""7g8g"",""9f9g+"",""8g9g"",""P*8f"",""G*2b""],""scoreMate"":7}]},{""label"":""mate-in-one:mt1000-mpv3-t1-h256:warm2"",""candidates"":[{""move"":""R*3a"",""pvUsi"":[""R*3a""],""scoreMate"":1},{""move"":""4a3a"",""pvUsi"":[""4a3a"",""5g6g"",""6h6g"",""8f8g+"",""8h8g"",""4b3c"",""R*2a""],""scoreMate"":7},{""move"":""4a4b"",""pvUsi"":[""4a4b"",""8f8g+"",""7g8g"",""9f9g+"",""8g9g"",""P*8f"",""G*2b""],""scoreMate"":7}]},{""label"":""mate-in-one:mt1000-mpv3-t1-h256:warm3"",""candidates"":[{""move"":""R*3a"",""pvUsi"":[""R*3a""],""scoreMate"":1},{""move"":""4a3a"",""pvUsi"":[""4a3a"",""5g6g"",""6h6g"",""8f8g+"",""8h8g"",""4b3c"",""R*2a""],""scoreMate"":7},{""move"":""4a4b"",""pvUsi"":[""4a4b"",""8f8g+"",""7g8g"",""9f9g+"",""8g9g"",""P*8f"",""G*2b""],""scoreMate"":7}]}]"
single-legal-move,2p5k/4Rg2p/1P2L1Gp1/p1P+B+Bp3/n2p2pnP/l1G2P3/P+pKP1+p2+l/LS1S2SP+n/1NR1S1+pg1 b P 1,1000,3,1,256,3,3,1357,1356.8,1361.3,999.333,1099440.3,1100178.1,1043.3,0,"{""incomplete"":3}",3,0,"[{""label"":""single-legal-move:mt1000-mpv3-t1-h256:warm1"",""candidates"":[]},{""label"":""single-legal-move:mt1000-mpv3-t1-h256:warm2"",""candidates"":[]},{""label"":""single-legal-move:mt1000-mpv3-t1-h256:warm3"",""candidates"":[]}]"
sparse-endgame,l+P1+S5/+B1+B4sl/5r+N1n/l3p3p/2g1kS2P/2P3PG1/2S5L/+n1G4pK/P+p1G1R3 b 7Pn2p 1,1000,3,1,256,3,3,1356.2,1356.4,1358.8,1000,2433633,2433633,1043.3,198,"{""mate"":3}",0,0,"[{""label"":""sparse-endgame:mt1000-mpv3-t1-h256:warm1"",""candidates"":[{""move"":""7b5d"",""pvUsi"":[""7b5d""],""scoreMate"":1},{""move"":""4e5f"",""pvUsi"":[""4e5f"",""5e6d"",""4i4c+"",""7e7f"",""R*6e""],""scoreMate"":5},{""move"":""3c4c"",""pvUsi"":[""3c4c"",""5e6d"",""R*6c"",""6d5e"",""9b5f""],""scoreMate"":5}]},{""label"":""sparse-endgame:mt1000-mpv3-t1-h256:warm2"",""candidates"":[{""move"":""7b5d"",""pvUsi"":[""7b5d""],""scoreMate"":1},{""move"":""4e5f"",""pvUsi"":[""4e5f"",""5e6d"",""4i4c+"",""7e7f"",""R*6e""],""scoreMate"":5},{""move"":""3c4c"",""pvUsi"":[""3c4c"",""5e6d"",""R*6c"",""6d5e"",""9b5f""],""scoreMate"":5}]},{""label"":""sparse-endgame:mt1000-mpv3-t1-h256:warm3"",""candidates"":[{""move"":""7b5d"",""pvUsi"":[""7b5d""],""scoreMate"":1},{""move"":""4e5f"",""pvUsi"":[""4e5f"",""5e6d"",""4i4c+"",""7e7f"",""R*6e""],""scoreMate"":5},{""move"":""3c4c"",""pvUsi"":[""3c4c"",""5e6d"",""R*6c"",""6d5e"",""9b5f""],""scoreMate"":5}]}]"
initial-position,lnsgkgsnl/1r5b1/ppppppppp/9/9/9/PPPPPPPPP/1B5R1/LNSGKGSNL b - 1,1000,3,2,256,3,3,1374.3,1375.7,1378.3,1000,1594941.7,1594941.7,2080,20.33,"{""ok"":3}",0,0,"[{""label"":""initial-position:mt1000-mpv3-t2-h256:warm1"",""candidates"":[{""move"":""6i7h"",""pvUsi"":[""6i7h"",""8c8d"",""2g2f"",""8d8e"",""2f2e"",""4a3b"",""9g9f"",""9c9d"",""3i3h"",""1c1d"",""5i5h"",""8e8f"",""8g8f"",""8b8f"",""P*8g"",""8f8b"",""3g3f"",""6a5b"",""2e2d"",""2c2d"",""2h2d""],""scoreCp"":72},{""move"":""2g2f"",""pvUsi"":[""2g2f"",""3c3d"",""7g7f"",""8c8d"",""2f2e"",""8d8e"",""6i7h"",""8e8f"",""8g8f"",""8b8f"",""2e2d"",""2c2d"",""2h2d"",""4a3b"",""2d3d"",""8f8b"",""3d3e"",""2b3c"",""5i5h"",""3a2b"",""3g3f""],""scoreCp"":66},{""move"":""7g7f"",""pvUsi"":[""7g7f"",""8c8d"",""2g2f"",""8d8e"",""2f2e"",""4a3b"",""6i7h"",""8e8f"",""8g8f"",""8b8f"",""2e2d"",""2c2d"",""2h2d"",""P*2c"",""2d2f"",""8f8b"",""P*8g"",""6a5b"",""9g9f"",""3c3d"",""1g1f"",""1c1d"",""3i3h"",""2b8h+""],""scoreCp"":58}]},{""label"":""initial-position:mt1000-mpv3-t2-h256:warm2"",""candidates"":[{""move"":""6i7h"",""pvUsi"":[""6i7h"",""8c8d"",""2g2f"",""3c3d"",""7g7f"",""8d8e"",""2f2e"",""4a3b"",""2e2d"",""2c2d"",""2h2d"",""8e8f"",""8g8f"",""8b8f"",""2d3d"",""8f8b"",""5i5h"",""2b3c"",""3d3f"",""3a2b"",""4i3h"",""7a7b""],""scoreCp"":61},{""move"":""2g2f"",""pvUsi"":[""2g2f"",""3c3d"",""7g7f"",""8c8d"",""2f2e"",""8d8e"",""6i7h"",""4a3b"",""3i3h"",""8e8f"",""8g8f"",""8b8f"",""2e2d"",""2c2d"",""2h2d"",""7a7b"",""2d2f"",""8f8b"",""P*8g"",""P*2c"",""5i6h"",""1c1d"",""3g3f"",""7c7d"",""2i3g"",""7b7c""],""scoreCp"":55},{""move"":""7g7f"",""pvUsi"":[""7g7f"",""8c8d"",""2g2f"",""4a3b"",""6i7h"",""8d8e"",""3i3h"",""3c3d"",""2f2e"",""2b3c"",""8h3c+"",""3b3c"",""7h7g"",""7c7d"",""9g9f"",""8a7c""],""scoreCp"":33}]},{""label"":""initial-position:mt1000-mpv3-t2-h256:warm3"",""candidates"":[{""move"":""6i7h"",""pvUsi"":[""6i7h"",""8c8d"",""2g2f"",""8d8e"",""2f2e"",""4a3b"",""3i3h"",""1c1d"",""5i6h"",""7a7b"",""7g7f"",""8e8f"",""8g8f"",""8b8f"",""1g1f"",""8f7f"",""P*8b"",""7f8f"",""8b8a+"",""8f8a"",""2e2d"",""2c2d"",""2h2d""],""scoreCp"":57},{""move"":""2g2f"",""pvUsi"":[""2g2f"",""8c8d"",""2f2e"",""4a3b"",""6i7h"",""8d8e"",""3i3h"",""1c1d"",""9g9f"",""7a7b"",""5i5h"",""8e8f"",""8g8f"",""8b8f"",""P*8g"",""8f8d"",""3g3f"",""5a5b"",""2i3g"",""9c9d"",""4i4h"",""3c3d"",""2e2d"",""2c2d"",""2h2d""],""scoreCp"":28},{""move"":""7g7f"",""pvUsi"":[""7g7f"",""8c8d"",""6i7h"",""4a3b"",""8h7g"",""3c3d"",""7i6h"",""2b7g+"",""6h7g"",""3a2b"",""3i3h"",""2b3c"",""2g2f"",""1c1d"",""3g3f"",""7a6b"",""2f2e"",""6c6d"",""5i6h"",""7c7d""],""scoreCp"":27}]}]"
quiet-no-mate,1n1g1ksn1/l1rsg2b1/p1pp1p+Bpl/1p2p4/8p/2P3P1P/PP1PPPSP1/3S4R/LNG1KG1NL b P 1,1000,3,2,256,3,3,1450.2,1472.2,1497.2,1000,1369708.3,1369708.3,2073.3,18,"{""ok"":3}",0,0,"[{""label"":""quiet-no-mate:mt1000-mpv3-t2-h256:warm1"",""candidates"":[{""move"":""3c2b"",""pvUsi"":[""3c2b"",""3a2b"",""1f1e"",""B*3c"",""1e1d"",""3c9i+"",""1d1c+"",""2a1c"",""2g2f"",""7b8b"",""P*1d"",""P*1b"",""1d1c+"",""1b1c"",""8i7g"",""L*6d"",""3g4f"",""6b5c"",""L*6i"",""9i7g""],""scoreCp"":1482},{""move"":""3c2c"",""pvUsi"":[""3c2c"",""4a5a"",""2c2b"",""3a2b"",""1f1e"",""B*3c"",""1e1d"",""3c9i+"",""1d1c+"",""2a1c"",""8i7g"",""7c7d"",""B*8c"",""7b8b"",""8c7d+"",""L*7a"",""7d6e""],""scoreCp"":1473},{""move"":""3c3d"",""pvUsi"":[""3c3d"",""2b9i+"",""6h7g"",""4a5a"",""7g8h"",""9i9h"",""1f1e"",""L*8e"",""3d5f"",""8e8g"",""8h8g"",""9h8g"",""1e1d"",""8g8f"",""5i4h""],""scoreCp"":752}]},{""label"":""quiet-no-mate:mt1000-mpv3-t2-h256:warm2"",""candidates"":[{""move"":""3c2b"",""pvUsi"":[""3c2b"",""3a2b"",""1f1e"",""B*3c"",""B*6f"",""3c6f"",""6g6f"",""B*8c"",""4i4h"",""7c7d"",""1e1d"",""7d7e"",""B*1b"",""1c1d"",""1h1d"",""4a3b"",""L*3e"",""P*3c"",""1b2a+"",""3b2a"",""N*1c"",""2b1c"",""1d1c+""],""scoreCp"":1568},{""move"":""3c2c"",""pvUsi"":[""3c2c"",""4a5a"",""6h7g"",""7c7d"",""1f1e"",""7d7e"",""7f7e"",""7b7e"",""2c2b"",""3a2b"",""1e1d"",""P*1g"",""1h1g"",""B*4d"",""1d1c+"",""2a1c"",""P*7f"",""7e5e"",""B*2d"",""5b4b"",""2g2f"",""5a5b"",""4i4h"",""P*7e"",""2d1c+"",""2b1c"",""1g1c+"",""7e7f""],""scoreCp"":1506},{""move"":""3c3d"",""pvUsi"":[""3c3d"",""2b9i+"",""1f1e"",""9i2b"",""1e1d"",""1c1d"",""P*1e"",""1d1e"",""1h1e"",""P*1d"",""1e1h"",""7c7d"",""6g6f"",""3a4b"",""3d6g"",""6c6d"",""1h1d""],""scoreCp"":724}]},{""label"":""quiet-no-mate:mt1000-mpv3-t2-h256:warm3"",""candidates"":[{""move"":""3c2c"",""pvUsi"":[""3c2c"",""4a5a"",""2c2b"",""3a2b"",""1f1e"",""B*3c"",""1e1d"",""3c9i+"",""1d1c+"",""2b1c"",""L*2f"",""L*8h"",""8i7g"",""P*1g"",""1h1g"",""8h8i+"",""7i8i"",""9i8i"",""2f2a+""],""scoreCp"":1554},{""move"":""3c2b"",""pvUsi"":[""3c2b"",""3a2b"",""1f1e"",""B*3c"",""B*6f"",""3c6f"",""6g6f"",""B*3c"",""1e1d"",""3c6f"",""B*7g"",""6f7g+"",""8i7g"",""7c7d"",""B*8c"",""P*1g"",""1h1g"",""7b7a"",""1d1c+"",""2b1c"",""1g1h""],""scoreCp"":1545},{""move"":""3c7g"",""pvUsi"":[""3c7g"",""2b7g+"",""8i7g"",""1e1f"",""B*5f"",""1f1g+"",""2i1g"",""P*1f"",""5f2c+"",""3a3b""],""scoreCp"":663}]}]"
sente-middlegame,1nrg3n1/l2s2k2/p1p1gp1pl/1p1pp2s1/6P1p/b1P5P/PP1PPP1P1/L1KSRSG2/1NG4NL b BP 1,1000,3,2,256,3,3,1458.1,1497.1,1512.5,1000.333,1334695,1334234.7,2076.7,17.67,"{""ok"":3}",0,0,"[{""label"":""sente-middlegame:mt1000-mpv3-t2-h256:warm1"",""candidates"":[{""move"":""9g9f"",""pvUsi"":[""9g9f"",""1e1f"",""B*8b"",""2d3c"",""5h5i"",""8d8e"",""8b7a+"",""6a7a"",""5g5f"",""B*4d"",""2i3g"",""3c2b"",""5f5e""],""scoreCp"":2132},{""move"":""1f1e"",""pvUsi"":[""1f1e"",""9f8e"",""1e1d"",""1c1d"",""1i1d"",""P*1c"",""P*1b"",""1c1d"",""1b1a+"",""2a3c"",""1a1b"",""3c2e"",""3e3d"",""7c7d"",""4h5i""],""scoreCp"":1255},{""move"":""3e3d"",""pvUsi"":[""3e3d"",""9f8e"",""1f1e"",""7c7d"",""1e1d"",""1c1d"",""1i1d"",""P*1c"",""P*1b"",""7d7e"",""1b1a+"",""7e7f"",""1a2a""],""scoreCp"":1252}]},{""label"":""sente-middlegame:mt1000-mpv3-t2-h256:warm2"",""candidates"":[{""move"":""9g9f"",""pvUsi"":[""9g9f"",""7c7d"",""1f1e"",""1c1e"",""1i1e"",""2d1e"",""B*8b"",""7a7b"",""8b9a+"",""6a7a"",""B*8c"",""3b3c"",""8c7b+"",""3c2d"",""R*1b""],""scoreCp"":2063},{""move"":""1f1e"",""pvUsi"":[""1f1e"",""9f8e"",""1e1d"",""1c1d"",""1i1d"",""P*1c"",""3e3d"",""1c1d"",""P*1b"",""4c4d"",""1b1a+"",""7c7d"",""5g5f"",""7d7e"",""1a2a"",""7e7f"",""7h6i"",""6a5b"",""L*2f"",""L*6e"",""7i7h"",""2d1e""],""scoreCp"":1245},{""move"":""3e3d"",""pvUsi"":[""3e3d"",""9f8e"",""1f1e"",""7c7d"",""1e1d"",""1c1d"",""1i1d"",""P*1c"",""P*1b"",""1c1d"",""1b1a+"",""7d7e"",""1a2a"",""4c4d"",""7h6i"",""8e7f"",""7i7h"",""3b4c"",""N*4f""],""scoreCp"":1193}]},{""label"":""sente-middlegame:mt1000-mpv3-t2-h256:warm3"",""candidates"":[{""move"":""9g9f"",""pvUsi"":[""9g9f"",""7c7d"",""B*8b"",""7a7b"",""8b9a+"",""8a7c"",""9a8a"",""7d7e"",""8a7b"",""6a7b"",""R*1b"",""B*2b"",""B*1a"",""2d3c"",""1f1e"",""7c8e"",""1e1d"",""1c1d"",""1i1d"",""7e7f"",""L*3d""],""scoreCp"":2051},{""move"":""B*8b"",""pvUsi"":[""B*8b"",""9f8e"",""8b7a+"",""6a7a"",""1f1e"",""6d6e"",""R*1b"",""3b3c"",""4h5i"",""6e6f"",""6g6f"",""8e7f"",""5g5f""],""scoreCp"":1243},{""move"":""1f1e"",""pvUsi"":[""1f1e"",""9f8e"",""1e1d"",""1c1d"",""1i1d"",""P*1c"",""P*1b"",""1c1d"",""1b1a+"",""7c7d"",""1a2a"",""7d7e"",""7h6i"",""7e7f"",""3e3d"",""5c4d"",""N*3f"",""4d3d"",""3f2d"",""2c2d""],""scoreCp"":1211}]}]"
gote-middlegame,1nrgB2n1/l2s2k2/p1p1gp1pl/1p1pp2s1/6P1p/b1P5P/PP1PPP1P1/L1KSRSG2/1NG4NL w P 1,1000,3,2,256,3,3,1609.867,1470.4,1978.5,1000.333,1358502.3,1358050.3,2076.7,15.67,"{""ok"":3}",0,0,"[{""label"":""gote-middlegame:mt1000-mpv3-t2-h256:warm1"",""candidates"":[{""move"":""9f8g+"",""pvUsi"":[""9f8g+"",""7h8g"",""6a5a"",""B*8b"",""7a6a"",""8b9a+"",""1e1f"",""9a9b"",""1f1g+"",""2i1g"",""1c1g+"",""1i1g"",""B*4i"",""4h5i"",""4i5h+"",""5i5h"",""R*1h"",""L*3d""],""scoreCp"":255},{""move"":""9f8e"",""pvUsi"":[""9f8e"",""5a2d+"",""2c2d"",""1f1e"",""7c7d"",""4h5i"",""7d7e"",""S*8b"",""7a7d"",""8b8a"",""6d6e"",""8a9b"",""7e7f"",""9b8c"",""7d7e"",""5h4h"",""3b4a"",""7h6i"",""6e6f"",""6g6f"",""7e3e""],""scoreCp"":297},{""move"":""9f6c"",""pvUsi"":[""9f6c"",""5a2d+"",""2c2d"",""1f1e"",""7c7d"",""1e1d"",""1c1d"",""1i1d"",""7d7e"",""7h6i"",""B*4i"",""3h3i"",""4i5h+"",""6i5h"",""R*1h"",""S*8b"",""7a7d"",""5h6i"",""7e7f""],""scoreCp"":300}]},{""label"":""gote-middlegame:mt1000-mpv3-t2-h256:warm2"",""candidates"":[{""move"":""9f8g+"",""pvUsi"":[""9f8g+"",""7h8g"",""6a5a"",""B*8b"",""7a6a"",""8b9a+"",""1e1f"",""9a9b"",""1f1g+"",""2i1g"",""7c7d"",""5h5i"",""P*1f"",""1g2e"",""2d2e"",""2g2f"",""2e2f"",""5i2i"",""N*9e"",""8g8h""],""scoreCp"":170},{""move"":""9f8e"",""pvUsi"":[""9f8e"",""5a2d+"",""2c2d"",""1f1e"",""7c7d"",""1e1d"",""1c1d"",""1i1d"",""7d7e"",""1d1a+"",""6d6e"",""1a2a"",""7e7f"",""8g8f"",""8e9d"",""7h6i"",""6e6f"",""7i7h"",""6f6g+"",""6h6g""],""scoreCp"":222},{""move"":""9f6c"",""pvUsi"":[""9f6c"",""5a2d+"",""2c2d"",""1f1e"",""7c7d"",""1e1d"",""1c1d"",""1i1d"",""7d7e"",""1d1b+"",""B*4i"",""4h5i"",""4i5h+"",""5i5h"",""R*1h"",""L*3i""],""scoreCp"":354}]},{""label"":""gote-middlegame:mt1000-mpv3-t2-h256:warm3"",""candidates"":[{""move"":""9f8g+"",""pvUsi"":[""9f8g+"",""7h8g"",""6a5a"",""B*8b"",""7a6a"",""8b9a+"",""1e1f"",""9a9b"",""1f1g+"",""2i1g"",""P*1f"",""1g2e"",""2d2e"",""P*8b"",""N*9e"",""8g7g"",""B*4i"",""4h5i"",""1f1g+"",""5h4h"",""1g2g""],""scoreCp"":186},{""move"":""9f8e"",""pvUsi"":[""9f8e"",""5a2d+"",""2c2d"",""1f1e"",""7c7d"",""S*8b"",""7a7b"",""8b8a"",""7b8b"",""8a9b"",""8b9b"",""4h5i"",""7d7e"",""1e1d"",""1c1d"",""1i1d"",""7e7f"",""1d1b+"",""6d6e"",""1b2a"",""6e6f"",""6g6f"",""3b2a""],""scoreCp"":195},{""move"":""9f6c"",""pvUsi"":[""9f6c"",""5a2d+"",""2c2d"",""1f1e"",""7c7d"",""1e1d"",""1c1d"",""1i1d"",""B*4i"",""4h5i"",""4i5h+"",""5i5h"",""R*1h"",""S*8b"",""1h3h+"",""8b7a+"",""6a7a"",""R*1b""],""scoreCp"":417}]}]"
middlegame-60,1nr1g1kn1/l2sb4/p1p1gpppl/1p2p4/3p2P2/1PP2+B1sp/P1KPPP2P/L1G1RSG2/1N2S2NL b p 1,1000,3,2,256,3,3,1372.367,1374,1381.7,1000.333,1322495,1322051.9,2076.7,17.67,"{""ok"":3}",0,0,"[{""label"":""middlegame-60:mt1000-mpv3-t2-h256:warm1"",""candidates"":[{""move"":""1g1f"",""pvUsi"":[""1g1f"",""5c4d"",""4f6d"",""3a2b"",""3e3d"",""4d3d"",""3h3g"",""2f3e"",""1f1e"",""7a6a"",""7g6h"",""3e2d"",""1e1d"",""1c1d"",""1i1d""],""scoreCp"":758},{""move"":""3h3g"",""pvUsi"":[""3h3g"",""2f3g"",""4h3g"",""5a4b"",""5h2h"",""4b3b"",""1g1f"",""4c4d"",""5g5f"",""1c1f"",""1i1f"",""5b1f"",""L*2g"",""L*7d"",""P*1b"",""8d8e"",""1b1a+"",""3a4b"",""1a2a"",""7a2a"",""S*1b"",""2a7a"",""2g2c+""],""scoreCp"":730},{""move"":""4h3g"",""pvUsi"":[""4h3g"",""2f1g+"",""5g5f"",""4c4d"",""5f5e"",""5d5e"",""5h5e"",""5a4b"",""P*1b"",""P*5d"",""5e5h"",""3a2b"",""3g2f"",""2b1b"",""1i1g"",""1f1g+"",""2i1g"",""1c1g+"",""2f1g"",""7c7d"",""1g2f""],""scoreCp"":712}]},{""label"":""middlegame-60:mt1000-mpv3-t2-h256:warm2"",""candidates"":[{""move"":""3h3g"",""pvUsi"":[""3h3g"",""2f1g"",""3e3d"",""3c3d"",""2i1g"",""1f1g+"",""5g5f"",""5c4d"",""5f5e"",""5d5e"",""S*1b"",""5b6c"",""1b2a+"",""3a2a"",""4f1c"",""2a3b"",""L*6d"",""6c5d"",""3g4f"",""S*6i"",""5h5e"",""6e6f"",""N*4e"",""6f6g+""],""scoreCp"":793},{""move"":""1g1f"",""pvUsi"":[""1g1f"",""5c4d"",""1f1e"",""1c1e"",""P*1f"",""4d3e"",""4f6d"",""5a4b"",""1f1e"",""7c7d"",""6d8b"",""7d7e"",""7f7e"",""P*7f"",""7g6h"",""7a7e""],""scoreCp"":782},{""move"":""4h3g"",""pvUsi"":[""4h3g"",""2f1g+"",""2i1g"",""1f1g+"",""3e3d"",""3c3d"",""S*1b"",""4c4d"",""1b2c+"",""P*2b"",""2c1c"",""2a1c"",""1i1g"",""1c2e"",""1g1c+"",""S*6i""],""scoreCp"":648}]},{""label"":""middlegame-60:mt1000-mpv3-t2-h256:warm3"",""candidates"":[{""move"":""3h3g"",""pvUsi"":[""3h3g"",""2f1g"",""2i1g"",""4c4d"",""1g2e"",""5b2e"",""5g5f"",""1f1g+"",""5f5e"",""5d5e"",""3g2f"",""2e4c"",""3e3d"",""3c3d"",""5h5e"",""P*5d"",""5e2e""],""scoreCp"":832},{""move"":""1g1f"",""pvUsi"":[""1g1f"",""5c4d"",""1f1e"",""1c1e"",""P*1f"",""4d3e"",""4f6d"",""5a4b"",""1f1e"",""6b5c"",""6d2h"",""7a6a"",""1e1d"",""7c7d"",""2h8b"",""7d7e"",""7f7e"",""P*7f"",""7g8h""],""scoreCp"":763},{""move"":""4h3g"",""pvUsi"":[""4h3g"",""2f1g+"",""3e3d"",""3c3d"",""5g5f"",""5a4b"",""5f5e"",""5d5e"",""5h5e"",""7c7d"",""2i1g"",""1f1g+""],""scoreCp"":692}]}]"
middlegame-80,1nsg3nk/l1r6/p1p1gppp1/1p1+B5/1b1pp1P1l/1PP1PP2p/P2P3GN/LKG1R1S1L/1NS1S4 b 2p 1,1000,3,2,256,3,3,1434.7,1463.1,1477.5,1000,1279303,1279303,2083.3,17,"{""ok"":3}",0,0,"[{""label"":""middlegame-80:mt1000-mpv3-t2-h256:warm1"",""candidates"":[{""move"":""6d5c"",""pvUsi"":[""6d5c"",""8e7f"",""1g2e"",""6e6f"",""6g6f"",""8d8e"",""G*7g"",""7f5h+"",""5i5h"",""6a5a"",""B*4e"",""8e8f"",""4e2c+"",""5a4b"",""5c8f"",""1f1g+"",""8f4b"",""7b4b""],""scoreCp"":2192},{""move"":""6d7e"",""pvUsi"":[""6d7e"",""1f1g+"",""8f8e"",""6a5b"",""2g1g"",""7c7d"",""7e6e"",""1a2b"",""P*2d"",""8a7c"",""6e6f"",""1e1g+"",""1h1g"",""2c2d""],""scoreCp"":1825},{""move"":""6d5e"",""pvUsi"":[""6d5e"",""1f1g+"",""8f8e"",""1g1h"",""B*3a"",""5c4d"",""5e6e"",""1h1g"",""2g2f"",""L*6c"",""4f4e"",""6c6e"",""4e4d"",""4c4d"",""P*2d""],""scoreCp"":1765}]},{""label"":""middlegame-80:mt1000-mpv3-t2-h256:warm2"",""candidates"":[{""move"":""6d5c"",""pvUsi"":[""6d5c"",""8e7f"",""1g2e"",""6e6f"",""6g6f"",""1a2b"",""3e3d"",""3c3d"",""7h7g"",""6a5b"",""5c6d"",""7f5h+"",""6d5e"",""2b3b"",""5i5h"",""R*5i"",""P*3c"",""3b4a""],""scoreCp"":2217},{""move"":""6d7e"",""pvUsi"":[""6d7e"",""7a6b"",""8f8e"",""7c7d"",""7e6e"",""1f1g+"",""2g1g"",""1a2b"",""B*3f"",""8d8e"",""P*2d"",""2c2d"",""3f7b+"",""6a7b""],""scoreCp"":1882},{""move"":""6d5e"",""pvUsi"":[""6d5e"",""1f1g+"",""8f8e"",""1g1h"",""5e7g"",""1a1b"",""8h9i"",""1e1g+"",""2g1g"",""1h1g"",""B*3a"",""5c4d"",""P*1c"",""2a1c"",""8e8d"",""1c2e"",""P*1c"",""1b2a"",""3a7e+""],""scoreCp"":1767}]},{""label"":""middlegame-80:mt1000-mpv3-t2-h256:warm3"",""candidates"":[{""move"":""6d5c"",""pvUsi"":[""6d5c"",""8e7f"",""G*7g"",""7f9d"",""1g2e"",""1a2b"",""5c4c"",""6a5b"",""4c5d"",""6e6f"",""6g6f"",""2c2d"",""P*2c"",""2b2c""],""scoreCp"":2227},{""move"":""6d7e"",""pvUsi"":[""6d7e"",""1f1g+"",""2g1g"",""8e9d"",""7e5c"",""8d8e"",""P*1c"",""1a2b"",""8f8e"",""6e6f"",""6g6f"",""9d8e"",""G*1b"",""2b3b"",""1b2a"",""3b2a"",""5c4c"",""2a1a"",""4c6a""],""scoreCp"":1862},{""move"":""6d5e"",""pvUsi"":[""6d5e"",""1f1g+"",""8f8e"",""1g1h"",""5e7g"",""1a1b"",""B*3a"",""5c4d"",""8h9i"",""6a5a"",""2g2f"",""P*1d"",""4f4e"",""4d5d"",""P*1c"",""2a1c""],""scoreCp"":1766}]}]"
hand-piece-rich,1n2g4/l1s3k1r/p1+B1gp1pn/Bp7/1PPp5/5P2l/PG1P+pS2N/LK2R3L/1NS1S4 b 2Pg5p 1,1000,3,2,256,3,3,1374.067,1379.2,1382.2,1001,1158953.3,1157795.5,2076.7,17,"{""ok"":3}",0,0,"[{""label"":""hand-piece-rich:mt1000-mpv3-t2-h256:warm1"",""candidates"":[{""move"":""7c5a"",""pvUsi"":[""7c5a"",""G*4b"",""5h3h"",""P*3c"",""9d7b+"",""5g4g"",""P*1d"",""1b1a"",""G*2b"",""3b2b"",""5a4b"",""4g3h"",""G*3b"",""2b1b""],""scoreCp"":2233},{""move"":""9d7b+"",""pvUsi"":[""9d7b+"",""8a7c"",""5h5g"",""B*3c"",""P*5e"",""7c8e"",""P*3d"",""3c1e"",""5e5d"",""5c4d"",""1g2e"",""1c2e"",""1h1f"",""1e5i+"",""5g5i"",""1b1f"",""S*3c"",""3b2a""],""scoreCp"":1543},{""move"":""P*3c"",""pvUsi"":[""P*3c"",""3b4a"",""9d7b+"",""8a7c"",""5h5g"",""P*5f"",""S*3b"",""4a5b"",""P*5d"",""B*4d"",""8i7g"",""5c6c"",""5g5f"",""5a6b"",""7b6c"",""5b6c""],""scoreCp"":1230}]},{""label"":""hand-piece-rich:mt1000-mpv3-t2-h256:warm2"",""candidates"":[{""move"":""7c5a"",""pvUsi"":[""7c5a"",""G*4b"",""5h3h"",""P*3d"",""9d7b+"",""3b3c"",""P*1d"",""5g4g"",""3h3f"",""3c2d"",""1d1c+""],""scoreCp"":2234},{""move"":""9d7b+"",""pvUsi"":[""9d7b+"",""8a7c"",""5h5g"",""B*3c"",""P*5e"",""7c8e"",""P*3d"",""3c1e"",""S*3c"",""3b3a"",""7b4e"",""5c4d""],""scoreCp"":1525},{""move"":""P*3c"",""pvUsi"":[""P*3c"",""3b4a"",""9d7b+"",""8a7c"",""5h5g"",""P*5f"",""5g5f"",""P*5e"",""P*5b"",""5e5f"",""5b5a+"",""4a5a"",""7b7c"",""G*6b"",""P*5d""],""scoreCp"":1306}]},{""label"":""hand-piece-rich:mt1000-mpv3-t2-h256:warm3"",""candidates"":[{""move"":""7c5a"",""pvUsi"":[""7c5a"",""G*4b"",""5h3h"",""P*3c"",""9d7b+"",""5g4g"",""P*2b"",""1b2b"",""P*1d"",""P*1b"",""1d1c+"",""1b1c"",""1g2e"",""4g3h"",""2e1c+""],""scoreCp"":2251},{""move"":""9d7b+"",""pvUsi"":[""9d7b+"",""8a7c"",""5h5g"",""B*3c"",""P*5e"",""7c8e"",""P*1d"",""3b4a"",""7b4e"",""P*7h"",""7i7h"",""P*7g"",""8i7g"",""1f1g+"",""4e2c"",""P*3b"",""2c1b"",""8e7g+"",""7h7g""],""scoreCp"":1517},{""move"":""P*3c"",""pvUsi"":[""P*3c"",""3b4a"",""9d7b+"",""8a7c"",""S*3b"",""4a5b"",""5h5g"",""B*4d"",""8i7g"",""5a6b"",""P*5d"",""6b7b"",""5d5c+"",""5b6a""],""scoreCp"":1115}]}]"
middlegame-120,1n2g4/+B1s1k3r/p+P2gp1pn/B8/2Pp2p2/1p2LP2l/PG1P+pS2N/LKR4PL/1NS1S1+p1g b 2P2p 1,1000,3,2,256,3,3,1443.767,1477.6,1479.3,1001.333,1165517.3,1163949.5,2080,15.67,"{""ok"":3}",0,0,"[{""label"":""middlegame-120:mt1000-mpv3-t2-h256:warm1"",""candidates"":[{""move"":""9d8e"",""pvUsi"":[""9d8e"",""5b4b"",""5f5c+"",""4b5c"",""8g8f"",""5c4d"",""8c7b"",""4d3d"",""8e6c+"",""L*8d"",""6c4e"",""3d2d"",""P*8e"",""P*8g"",""8h8g"",""1b3b"",""S*2f""],""scoreCp"":1932},{""move"":""5f5c+"",""pvUsi"":[""5f5c+"",""5b5c"",""8g8f"",""9c9d"",""8c7b"",""P*8e"",""8f7f"",""5g6g"",""9b6e"",""P*5d"",""P*5e"",""1f1g+"",""6e5d"",""5c4b""],""scoreCp"":1427},{""move"":""8g8f"",""pvUsi"":[""8g8f"",""9c9d"",""5f5c"",""5b5c"",""8c7b"",""P*8e"",""8f7f"",""5g6g"",""9b6e"",""6g7h"",""7i7h"",""5c4b"",""G*3d"",""4b4a"",""3d4c"",""1b7b"",""S*3b"",""7b3b"",""4c3b"",""4a5b""],""scoreCp"":1452}]},{""label"":""middlegame-120:mt1000-mpv3-t2-h256:warm2"",""candidates"":[{""move"":""9d8e"",""pvUsi"":[""9d8e"",""5b4b"",""5f5c+"",""4b3c"",""8g8f"",""P*8d"",""8e7f"",""3c2d"",""G*2f"",""1f1g+"",""1h1g"",""P*1f"",""8c7b"",""1c2e"",""9b6e""],""scoreCp"":1981},{""move"":""8g8f"",""pvUsi"":[""8g8f"",""9c9d"",""8c7b"",""5g5f"",""4g5f"",""P*8e"",""8f8e"",""1f1g"",""P*5d"",""5c5d"",""9b7d"",""5b4b"",""1h1g""],""scoreCp"":1520},{""move"":""5f5c"",""pvUsi"":[""5f5c"",""5b5c"",""8g8f"",""9c9d"",""8c7b"",""P*8e"",""8f7f"",""5g6g"",""9b6e"",""5c4b"",""P*3d"",""6g7h"",""7i7h"",""R*5g"",""S*3c"",""4b3a""],""scoreCp"":1361}]},{""label"":""middlegame-120:mt1000-mpv3-t2-h256:warm3"",""candidates"":[{""move"":""9d8e"",""pvUsi"":[""9d8e"",""5b4b"",""5f5c+"",""4b3c"",""8g8f"",""3c2d"",""8c7b"",""1i1h"",""S*2f"",""P*7g"",""7h7g"",""1h1g"",""8e6c+"",""P*8g"",""8f8g""],""scoreCp"":1974},{""move"":""8g8f"",""pvUsi"":[""8g8f"",""9c9d"",""8c7b"",""P*5d"",""9b6e"",""5g6g"",""P*5e"",""5b4b"",""5e5d"",""4b3c"",""5d5c+"",""3c2d"",""G*2f"",""6g7h"",""7i7h""],""scoreCp"":1523},{""move"":""5f5c+"",""pvUsi"":[""5f5c+"",""5b5c"",""8g8f"",""9c9d"",""8c7b"",""P*8e"",""9b6e"",""5c4b"",""8f7f"",""5g6g"",""P*8g"",""6g7h"",""7i7h"",""1f1g+"",""1h1g"",""L*6c"",""P*6d""],""scoreCp"":1453}]}]"
middlegame-150,1+Bp6/4+Bgr1p/1P2L1kpn/p4p2n/2Pp2p2/1pG2P3/P2P1S2+l/LKRS+p2PL/1NS1S1+p1g b GN2p 1,1000,3,2,256,3,3,1406,1379.7,1466.7,1000,1461400.7,1461400.7,2076.7,10.67,"{""ok"":2,""incomplete"":1}",1,0,"[{""label"":""middlegame-150:mt1000-mpv3-t2-h256:warm1"",""candidates"":[{""move"":""G*3d"",""pvUsi"":[""G*3d"",""3c2b"",""5b4b"",""3b4b"",""8a5d"",""B*4c"",""3d4c"",""8f8g+"",""8h8g"",""4b4c"",""5d4c"",""P*8f"",""7f8f"",""G*7f"",""7h7f"",""1c2e"",""4c4d"",""2b1c"",""B*3a"",""1c2d""],""scoreCp"":6280},{""move"":""N*2f"",""pvUsi"":[""N*2f"",""4b5b"",""G*3d"",""3c4b"",""5c5b+"",""4b5b"",""7f8f"",""5h6h"",""P*5c"",""5b5c"",""G*5d"",""5c6b"",""8a6c"",""6b6a"",""5i6h""],""scoreCp"":1860},{""move"":""5b6a"",""pvUsi"":[""5b6a"",""5h6h"",""5i6h"",""S*8g"",""8h7g"",""1i1h"",""7f8f"",""8g7h+"",""7i7h"",""3c2d"",""8a5d"",""L*8d"",""5d3b"",""4b3b""],""scoreCp"":1651}]},{""label"":""middlegame-150:mt1000-mpv3-t2-h256:warm2"",""candidates"":[]},{""label"":""middlegame-150:mt1000-mpv3-t2-h256:warm3"",""candidates"":[{""move"":""G*3d"",""pvUsi"":[""G*3d"",""3c2b"",""8a5d"",""1c2e"",""5d4d"",""4b3c"",""3d3c"",""3b3c"",""G*3d"",""G*8g"",""8h9i"",""8g9h"",""7h9h"",""L*3b"",""1h1g""],""scoreCp"":3572},{""move"":""N*2f"",""pvUsi"":[""N*2f"",""1d2f"",""G*3d"",""3c2b"",""5b4b"",""8f8g+"",""8h8g"",""N*9e"",""8g8h"",""3b4b"",""8a5d"",""P*8g"",""8h7g""],""scoreCp"":1834},{""move"":""N*4e"",""pvUsi"":[""N*4e"",""4d4e"",""G*3d"",""3c2b"",""5b4b"",""8f8g+"",""8h8g"",""3b3d"",""8g7g"",""3d8d""],""scoreCp"":1794}]}]"
mate-in-one,2p2+B2k/1+B3g2p/1P2L1Gpn/p1P2p3/3p2p2/lpG1NP3/P1KP+p3+l/LS1S2SP+n/1NR1S1+pg1 b RPp 1,1000,3,2,256,3,3,1620.733,1484.1,1909.2,1000,3003626.7,3003626.7,2076.7,57.33,"{""mate"":3}",0,0,"[{""label"":""mate-in-one:mt1000-mpv3-t2-h256:warm1"",""candidates"":[{""move"":""R*3a"",""pvUsi"":[""R*3a""],""scoreMate"":1},{""move"":""4a4b"",""pvUsi"":[""4a4b"",""5g6g"",""6h6g"",""8f8g+"",""8h8g"",""P*8f"",""G*2b""],""scoreMate"":7},{""move"":""4a3a"",""pvUsi"":[""4a3a"",""5g6g"",""7g8f"",""P*8e"",""8f7e"",""8e8f"",""R*2a""],""scoreMate"":7}]},{""label"":""mate-in-one:mt1000-mpv3-t2-h256:warm2"",""candidates"":[{""move"":""R*3a"",""pvUsi"":[""R*3a""],""scoreMate"":1},{""move"":""4a3a"",""pvUsi"":[""4a3a"",""5g6g"",""6h6g"",""8f8g+"",""8h8g"",""4b3c"",""R*2a""],""scoreMate"":7},{""move"":""4a4b"",""pvUsi"":[""4a4b"",""8f8g+"",""8h8g"",""5g6g"",""6h6g"",""3i3h"",""G*2b""],""scoreMate"":7}]},{""label"":""mate-in-one:mt1000-mpv3-t2-h256:warm3"",""candidates"":[{""move"":""R*3a"",""pvUsi"":[""R*3a""],""scoreMate"":1},{""move"":""4a4b"",""pvUsi"":[""4a4b"",""5g6g"",""6h6g"",""8f8g+"",""8h8g"",""3i3h"",""G*2b""],""scoreMate"":7},{""move"":""4a3a"",""pvUsi"":[""4a3a"",""8f8g+"",""7g8g"",""P*8f"",""8g8f"",""4b3c"",""R*2a""],""scoreMate"":7}]}]"
single-legal-move,2p5k/4Rg2p/1P2L1Gp1/p1P+B+Bp3/n2p2pnP/l1G2P3/P+pKP1+p2+l/LS1S2SP+n/1NR1S1+pg1 b P 1,1000,3,2,256,3,3,1421.433,1394.2,1492.2,999.333,2106406.3,2107795.7,2076.7,0,"{""incomplete"":3}",3,0,"[{""label"":""single-legal-move:mt1000-mpv3-t2-h256:warm1"",""candidates"":[]},{""label"":""single-legal-move:mt1000-mpv3-t2-h256:warm2"",""candidates"":[]},{""label"":""single-legal-move:mt1000-mpv3-t2-h256:warm3"",""candidates"":[]}]"
sparse-endgame,l+P1+S5/+B1+B4sl/5r+N1n/l3p3p/2g1kS2P/2P3PG1/2S5L/+n1G4pK/P+p1G1R3 b 7Pn2p 1,1000,3,2,256,3,3,1175.867,1123.5,1285.8,770,3479257.7,4518248.8,1626.7,245,"{""mate"":3}",0,0,"[{""label"":""sparse-endgame:mt1000-mpv3-t2-h256:warm1"",""candidates"":[{""move"":""7b5d"",""pvUsi"":[""7b5d""],""scoreMate"":1},{""move"":""4e5f"",""pvUsi"":[""4e5f"",""5e6d"",""4i4c+"",""7e7f"",""R*6e""],""scoreMate"":5},{""move"":""3c4c"",""pvUsi"":[""3c4c"",""5e6d"",""R*6c"",""6d5e"",""9b5f""],""scoreMate"":5}]},{""label"":""sparse-endgame:mt1000-mpv3-t2-h256:warm2"",""candidates"":[{""move"":""7b5d"",""pvUsi"":[""7b5d""],""scoreMate"":1},{""move"":""4e5f"",""pvUsi"":[""4e5f"",""5e6d"",""4i4c+"",""7e7f"",""R*6e""],""scoreMate"":5},{""move"":""3c4c"",""pvUsi"":[""3c4c"",""5e6d"",""R*6c"",""6d5e"",""9b5f""],""scoreMate"":5}]},{""label"":""sparse-endgame:mt1000-mpv3-t2-h256:warm3"",""candidates"":[{""move"":""7b5d"",""pvUsi"":[""7b5d""],""scoreMate"":1},{""move"":""4e5f"",""pvUsi"":[""4e5f"",""5e6d"",""4i4c+"",""7e7f"",""R*6e""],""scoreMate"":5},{""move"":""3c4c"",""pvUsi"":[""3c4c"",""5e6d"",""R*6c"",""6d5e"",""9b5f""],""scoreMate"":5}]}]"
initial-position,lnsgkgsnl/1r5b1/ppppppppp/9/9/9/PPPPPPPPP/1B5R1/LNSGKGSNL b - 1,2000,2,1,256,3,3,2366.467,2372,2377.8,2000,1590598.7,795299.3,2040,24.33,"{""ok"":3}",0,0,"[{""label"":""initial-position:mt2000-mpv2-t1-h256:warm1"",""candidates"":[{""move"":""6i7h"",""pvUsi"":[""6i7h"",""8c8d"",""2g2f"",""3c3d"",""7g7f"",""8d8e"",""2f2e"",""8e8f"",""8g8f"",""8b8f"",""2e2d"",""2c2d"",""P*8g"",""8f8b"",""2h2d"",""4a3b"",""9g9f"",""1c1d"",""3i3h""],""scoreCp"":62},{""move"":""2g2f"",""pvUsi"":[""2g2f"",""8c8d"",""6i7h"",""8d8e"",""2f2e"",""4a3b"",""9g9f"",""7a7b"",""3i3h"",""5a5b"",""2e2d"",""2c2d"",""2h2d"",""P*2c"",""2d2f"",""7c7d"",""7g7f"",""3c3d""],""scoreCp"":31}]},{""label"":""initial-position:mt2000-mpv2-t1-h256:warm2"",""candidates"":[{""move"":""6i7h"",""pvUsi"":[""6i7h"",""3c3d"",""7g7f"",""9c9d"",""2g2f"",""4c4d"",""9g9f"",""3a4b"",""7i6h"",""8c8d"",""2f2e"",""4b3c"",""3g3f"",""5c5d"",""4g4f"",""8d8e"",""3i3h"",""4a3b"",""2i3g"",""2b3a"",""3h4g""],""scoreCp"":77},{""move"":""2g2f"",""pvUsi"":[""2g2f"",""8c8d"",""6i7h"",""8d8e"",""2f2e"",""4a3b"",""3i3h"",""1c1d"",""9g9f"",""5a5b"",""5i5h"",""8e8f"",""8g8f"",""8b8f"",""P*8g"",""8f8d"",""3g3f"",""3c3d"",""2e2d"",""2c2d"",""2h2d"",""P*2c"",""2d2f"",""7a7b"",""7g7f"",""8d7d"",""7h7g"",""3a4b""],""scoreCp"":75}]},{""label"":""initial-position:mt2000-mpv2-t1-h256:warm3"",""candidates"":[{""move"":""6i7h"",""pvUsi"":[""6i7h"",""8c8d"",""2g2f"",""3c3d"",""7g7f"",""8d8e"",""2f2e"",""8e8f"",""8g8f"",""8b8f"",""2e2d"",""2c2d"",""P*8g"",""8f8b"",""2h2d"",""4a3b"",""9g9f"",""1c1d"",""3i3h""],""scoreCp"":62},{""move"":""2g2f"",""pvUsi"":[""2g2f"",""8c8d"",""6i7h"",""8d8e"",""2f2e"",""4a3b"",""9g9f"",""7a7b"",""3i3h"",""5a5b"",""2e2d"",""2c2d"",""2h2d"",""P*2c"",""2d2f"",""7c7d"",""7g7f"",""3c3d""],""scoreCp"":31}]}]"
quiet-no-mate,1n1g1ksn1/l1rsg2b1/p1pp1p+Bpl/1p2p4/8p/2P3P1P/PP1PPPSP1/3S4R/LNG1KG1NL b P 1,2000,2,1,256,3,3,2488.633,2390.2,2707,2000.333,1327723.3,663755,2043.3,22,"{""ok"":3}",0,0,"[{""label"":""quiet-no-mate:mt2000-mpv2-t1-h256:warm1"",""candidates"":[{""move"":""3c2b"",""pvUsi"":[""3c2b"",""3a2b"",""1f1e"",""B*3c"",""B*7g"",""1c1e"",""1h1e"",""3c1e"",""1i1e"",""2b3c"",""1e1b+"",""R*1i"",""1b2a"",""4c4d"",""4i3i"",""7b8b"",""3g2h"",""1i1b+"",""3f3e"",""6b5c"",""3e3d"",""3c3d"",""5i6i"",""4a5a"",""2a3a"",""5a6b""],""scoreCp"":1585},{""move"":""3c2c"",""pvUsi"":[""3c2c"",""4a5a"",""2c2b"",""3a2b"",""1f1e"",""B*3c"",""1e1d"",""3c9i+"",""1d1c+"",""2a1c"",""L*2d"",""L*1a"",""2d2b+"",""9i2b"",""S*8c"",""7b7a"",""B*2d"",""P*3c"",""P*1b"",""1a1b"",""8c9b+"",""1c2e""],""scoreCp"":1443}]},{""label"":""quiet-no-mate:mt2000-mpv2-t1-h256:warm2"",""candidates"":[{""move"":""3c2b"",""pvUsi"":[""3c2b"",""3a2b"",""1f1e"",""B*3c"",""B*7g"",""1c1e"",""1h1e"",""3c1e"",""1i1e"",""2b3c"",""1e1b+"",""R*1i"",""1b2a"",""4c4d"",""4i3i"",""7b8b"",""3g2h"",""1i1b+"",""3f3e"",""6b5c"",""3e3d"",""3c3d"",""5i6i"",""4a5a"",""2a3a"",""5a6b""],""scoreCp"":1585},{""move"":""3c2c"",""pvUsi"":[""3c2c"",""4a5a"",""2c2b"",""3a2b"",""1f1e"",""B*3c"",""1e1d"",""3c9i+"",""1d1c+"",""2a1c"",""L*2d"",""L*1a"",""2d2b+"",""9i2b"",""S*8c"",""7b7a"",""B*2d"",""P*3c"",""P*1b"",""1a1b"",""8c9b+"",""1c2e""],""scoreCp"":1443}]},{""label"":""quiet-no-mate:mt2000-mpv2-t1-h256:warm3"",""candidates"":[{""move"":""3c2b"",""pvUsi"":[""3c2b"",""3a2b"",""1f1e"",""B*3c"",""B*7g"",""1c1e"",""1h1e"",""3c1e"",""1i1e"",""2b3c"",""1e1b+"",""R*1i"",""1b2a"",""4c4d"",""4i3i"",""7b8b"",""3g2h"",""1i1b+"",""3f3e"",""6b5c"",""3e3d"",""3c3d"",""5i6i"",""4a5a"",""2a3a"",""5a6b""],""scoreCp"":1585},{""move"":""3c2c"",""pvUsi"":[""3c2c"",""4a5a"",""2c2b"",""3a2b"",""1f1e"",""B*3c"",""1e1d"",""3c9i+"",""1d1c+"",""2a1c"",""L*2d"",""L*1a"",""2d2b+"",""9i2b"",""S*8c"",""7b7a"",""B*2d"",""P*3c"",""P*1b"",""1a1b"",""8c9b+"",""1c2e""],""scoreCp"":1443}]}]"
sente-middlegame,1nrg3n1/l2s2k2/p1p1gp1pl/1p1pp2s1/6P1p/b1P5P/PP1PPP1P1/L1KSRSG2/1NG4NL b BP 1,2000,2,1,256,3,3,2402.667,2377.9,2464.9,2000,1288336.7,644168.3,2043.3,19.67,"{""ok"":3}",0,0,"[{""label"":""sente-middlegame:mt2000-mpv2-t1-h256:warm1"",""candidates"":[{""move"":""9g9f"",""pvUsi"":[""9g9f"",""6a7b"",""1f1e"",""7c7d"",""5g5f"",""1c1e"",""P*1f"",""7d7e"",""1f1e"",""7e7f"",""5f5e"",""5d5e"",""3e3d""],""scoreCp"":2103},{""move"":""1f1e"",""pvUsi"":[""1f1e"",""9f8e"",""1e1d"",""1c1d"",""1i1d"",""P*1c"",""P*1b"",""7c7d"",""1b1a+"",""7d7e"",""7f7e"",""1c1d"",""1a2a"",""L*7f"",""L*7g"",""7f7g+"",""6h7g"",""7a7e"",""3e3d"",""3b2a"",""L*2f""],""scoreCp"":1186}]},{""label"":""sente-middlegame:mt2000-mpv2-t1-h256:warm2"",""candidates"":[{""move"":""9g9f"",""pvUsi"":[""9g9f"",""6a7b"",""1f1e"",""7c7d"",""1e1d"",""1c1d"",""1i1d"",""P*1c"",""P*1b"",""7d7e"",""1b1a+"",""7e7f"",""7h6i""],""scoreCp"":2100},{""move"":""1f1e"",""pvUsi"":[""1f1e"",""9f8e"",""1e1d"",""1c1d"",""1i1d"",""P*1c"",""P*1b"",""7c7d"",""1b1a+"",""1c1d"",""1a2a"",""7d7e"",""7h6i"",""7e7f"",""3e3d"",""6a5b"",""L*2f"",""L*6e"",""7i7h"",""6e6g+""],""scoreCp"":1163}]},{""label"":""sente-middlegame:mt2000-mpv2-t1-h256:warm3"",""candidates"":[{""move"":""9g9f"",""pvUsi"":[""9g9f"",""6a7b"",""1f1e"",""7c7d"",""1e1d"",""1c1d"",""1i1d"",""P*1c"",""P*1b"",""7d7e"",""1b1a+"",""7e7f"",""7h6i""],""scoreCp"":2100},{""move"":""1f1e"",""pvUsi"":[""1f1e"",""9f8e"",""1e1d"",""1c1d"",""1i1d"",""P*1c"",""P*1b"",""7c7d"",""1b1a+"",""1c1d"",""1a2a"",""7d7e"",""7h6i"",""7e7f"",""3e3d"",""6a5b"",""L*2f"",""L*6e"",""7i7h"",""6e6g+""],""scoreCp"":1163}]}]"
gote-middlegame,1nrgB2n1/l2s2k2/p1p1gp1pl/1p1pp2s1/6P1p/b1P5P/PP1PPP1P1/L1KSRSG2/1NG4NL w P 1,2000,2,1,256,3,3,2369.867,2365.5,2382.3,2000,1376785,688392.5,2043.3,19.33,"{""ok"":3}",0,0,"[{""label"":""gote-middlegame:mt2000-mpv2-t1-h256:warm1"",""candidates"":[{""move"":""9f8g+"",""pvUsi"":[""9f8g+"",""7h8g"",""6a5a"",""1f1e"",""8d8e"",""B*8b"",""7a6a"",""8b9a+"",""8e8f"",""8g8f"",""P*8h"",""7i8h"",""1c1e"",""1i1e""],""scoreCp"":126},{""move"":""9f8e"",""pvUsi"":[""9f8e"",""5a2d+"",""2c2d"",""1f1e"",""7c7d"",""1e1d"",""1c1d"",""1i1d"",""7d7e"",""1d1a+"",""6d6e"",""1a2a"",""6e6f"",""7h6i"",""7e7f"",""7i7h"",""B*4i"",""4h5i"",""6f6g+"",""6h6g"",""P*6f"",""6g6f"",""7f7g+"",""6f7g""],""scoreCp"":182}]},{""label"":""gote-middlegame:mt2000-mpv2-t1-h256:warm2"",""candidates"":[{""move"":""9f8g+"",""pvUsi"":[""9f8g+"",""7h8g"",""6a5a"",""1f1e"",""8d8e"",""B*8b"",""7a6a"",""8b9a+"",""8e8f"",""8g8f"",""P*8h"",""7i8h"",""1c1e"",""1i1e""],""scoreCp"":126},{""move"":""9f8e"",""pvUsi"":[""9f8e"",""5a2d+"",""2c2d"",""1f1e"",""7c7d"",""1e1d"",""1c1d"",""1i1d"",""7d7e"",""1d1a+"",""6d6e"",""1a2a"",""6e6f"",""7h6i"",""7e7f"",""7i7h"",""B*4i"",""4h5i"",""6f6g+"",""6h6g"",""P*6f"",""6g6f"",""7f7g+"",""6f7g""],""scoreCp"":182}]},{""label"":""gote-middlegame:mt2000-mpv2-t1-h256:warm3"",""candidates"":[{""move"":""9f8g+"",""pvUsi"":[""9f8g+""],""scoreCp"":163},{""move"":""9f8e"",""pvUsi"":[""9f8e"",""5a2d+"",""2c2d"",""1f1e"",""7c7d"",""1e1d"",""1c1d"",""1i1d"",""7d7e"",""1d1a+"",""6d6e"",""1a2a"",""6e6f"",""7h6i"",""7e7f"",""7i7h"",""B*4i"",""4h5i"",""6f6g+"",""6h6g"",""P*6f"",""6g6f"",""7f7g+"",""6f7g"",""8e5h+"",""5i5h"",""4i3h+"",""B*3a""],""scoreCp"":184}]}]"
middlegame-60,1nr1g1kn1/l2sb4/p1p1gpppl/1p2p4/3p2P2/1PP2+B1sp/P1KPPP2P/L1G1RSG2/1N2S2NL b p 1,2000,2,1,256,3,3,2355.867,2354.5,2365.6,2000.333,1369679.7,684730.6,2043.3,21,"{""ok"":3}",0,0,"[{""label"":""middlegame-60:mt2000-mpv2-t1-h256:warm1"",""candidates"":[{""move"":""1g1f"",""pvUsi"":[""1g1f"",""5c4d"",""1f1e"",""1c1e"",""P*1f"",""4d3e"",""4f6d"",""5a4b"",""1f1e"",""6b5c"",""6d2h"",""8d8e"",""1e1d"",""P*1e"",""8f8e"",""9c9d"",""8e8d"",""8a9c"",""8d8c+"",""9c8e"",""7g8f"",""5b6c"",""2h7c""],""scoreCp"":767},{""move"":""3h3g"",""pvUsi"":[""3h3g"",""2f3g+"",""4h3g"",""5a4b"",""5h2h"",""4b3b"",""1g1f"",""4c4d"",""1f1e"",""G*4e"",""7g6h"",""4e4f"",""4g4f"",""8d8e"",""1e1d"",""1c1d"",""1i1d""],""scoreCp"":766}]},{""label"":""middlegame-60:mt2000-mpv2-t1-h256:warm2"",""candidates"":[{""move"":""1g1f"",""pvUsi"":[""1g1f"",""5c4d"",""1f1e"",""1c1e"",""P*1f"",""4d3e"",""4f6d"",""5a4b"",""1f1e"",""6b5c"",""6d2h"",""8d8e"",""1e1d"",""P*1e"",""8f8e"",""9c9d"",""8e8d"",""8a9c"",""8d8c+"",""9c8e"",""7g8f"",""5b6c"",""2h7c""],""scoreCp"":767},{""move"":""3h3g"",""pvUsi"":[""3h3g"",""2f3g+"",""4h3g"",""5a4b"",""5h2h"",""4b3b"",""1g1f"",""4c4d"",""1f1e"",""G*4e"",""7g6h"",""4e4f"",""4g4f"",""8d8e"",""1e1d"",""1c1d"",""1i1d""],""scoreCp"":766}]},{""label"":""middlegame-60:mt2000-mpv2-t1-h256:warm3"",""candidates"":[{""move"":""1g1f"",""pvUsi"":[""1g1f"",""5c4d"",""1f1e"",""1c1e"",""P*1f"",""4d3e"",""4f6d"",""5a4b"",""1f1e"",""6b5c"",""6d2h"",""8d8e"",""1e1d"",""P*1e"",""8f8e"",""9c9d"",""8e8d"",""8a9c"",""8d8c+"",""9c8e"",""7g8f"",""5b6c"",""2h7c""],""scoreCp"":767},{""move"":""3h3g"",""pvUsi"":[""3h3g"",""2f3g+"",""4h3g"",""5a4b"",""5h2h"",""4b3b"",""1g1f"",""4c4d"",""1f1e"",""G*4e"",""7g6h"",""4e4f"",""4g4f"",""8d8e"",""1e1d"",""1c1d"",""1i1d""],""scoreCp"":766}]}]"
middlegame-80,1nsg3nk/l1r6/p1p1gppp1/1p1+B5/1b1pp1P1l/1PP1PP2p/P2P3GN/LKG1R1S1L/1NS1S4 b 2p 1,2000,2,1,256,3,3,2372.2,2366.6,2386.6,2000.333,1231378.3,615583.4,2043.3,20,"{""ok"":3}",0,0,"[{""label"":""middlegame-80:mt2000-mpv2-t1-h256:warm1"",""candidates"":[{""move"":""6d5c"",""pvUsi"":[""6d5c"",""8e7f"",""1g2e"",""6e6f"",""6g6f"",""1a2b"",""3e3d"",""3c3d"",""5c7e"",""7f9d"",""2g2f"",""8d8e"",""2f1e"",""7c7d"",""7e6e"",""2b3a"",""P*3c""],""scoreCp"":2247},{""move"":""6d7e"",""pvUsi"":[""6d7e"",""1f1g+"",""8f8e"",""6a5b"",""2g1g"",""7c7d"",""7e4h"",""1e1g+"",""1h1g"",""1a2b"",""B*4e"",""8d8e"",""P*2d"",""8e8f"",""4e7b+"",""7a7b"",""2d2c+"",""2b2c""],""scoreCp"":1864}]},{""label"":""middlegame-80:mt2000-mpv2-t1-h256:warm2"",""candidates"":[{""move"":""6d5c"",""pvUsi"":[""6d5c"",""8e7f"",""1g2e"",""6e6f"",""6g6f"",""1a2b"",""3e3d"",""3c3d"",""5c7e"",""7f9d"",""2g2f"",""8d8e"",""2f1e"",""7c7d"",""7e6e"",""2b3a"",""P*3c""],""scoreCp"":2247},{""move"":""6d7e"",""pvUsi"":[""6d7e"",""1f1g+"",""8f8e"",""6a5b"",""2g1g"",""7c7d"",""7e4h"",""1e1g+"",""1h1g"",""1a2b"",""B*4e"",""8d8e"",""P*2d"",""8e8f"",""4e7b+"",""7a7b"",""2d2c+"",""2b2c""],""scoreCp"":1864}]},{""label"":""middlegame-80:mt2000-mpv2-t1-h256:warm3"",""candidates"":[{""move"":""6d5c"",""pvUsi"":[""6d5c"",""8e7f"",""1g2e"",""6e6f"",""6g6f"",""1a2b"",""3e3d"",""3c3d"",""5c7e"",""7f9d"",""2g2f"",""8d8e"",""2f1e"",""7c7d"",""7e6e"",""2b3a"",""P*3c""],""scoreCp"":2247},{""move"":""6d7e"",""pvUsi"":[""6d7e"",""1f1g+"",""8f8e"",""6a5b"",""2g1g"",""7c7d"",""7e4h"",""1e1g+"",""1h1g"",""1a2b"",""B*4e"",""8d8e"",""P*2d"",""8e8f"",""4e7b+"",""7a7b"",""2d2c+"",""2b2c""],""scoreCp"":1864}]}]"
hand-piece-rich,1n2g4/l1s3k1r/p1+B1gp1pn/Bp7/1PPp5/5P2l/PG1P+pS2N/LK2R3L/1NS1S4 b 2Pg5p 1,2000,2,1,256,3,3,2352.833,2353.7,2356.7,2000.333,1185289,592547,2043.3,19.33,"{""ok"":3}",0,0,"[{""label"":""hand-piece-rich:mt2000-mpv2-t1-h256:warm1"",""candidates"":[{""move"":""7c5a"",""pvUsi"":[""7c5a"",""G*4b"",""5h3h"",""P*3c"",""P*3d"",""3c3d"",""9d7b+"",""1f1g"",""P*2b"",""1b2b"",""3h3d"",""P*3c"",""3d8d"",""1g1h+"",""7b1h"",""N*9e""],""scoreCp"":2164},{""move"":""9d7b+"",""pvUsi"":[""9d7b+"",""8a7c"",""5h5g"",""B*1a"",""8h7h"",""P*5f"",""5g5f"",""P*5e"",""P*3c"",""1a3c"",""P*3d"",""5e5f"",""3d3c+"",""3b3c"",""7b7c"",""5a4b"",""B*1e"",""G*2d""],""scoreCp"":1538}]},{""label"":""hand-piece-rich:mt2000-mpv2-t1-h256:warm2"",""candidates"":[{""move"":""7c5a"",""pvUsi"":[""7c5a"",""G*4b"",""5h3h"",""P*3c"",""P*3d"",""3c3d"",""9d7b+"",""1f1g"",""P*2b"",""1b2b"",""3h3d"",""P*3c"",""3d8d"",""1g1h+"",""7b1h"",""N*9e""],""scoreCp"":2164},{""move"":""9d7b+"",""pvUsi"":[""9d7b+"",""8a7c"",""5h5g"",""B*1a"",""8h7h"",""P*5f"",""5g5f"",""P*5e"",""P*3c"",""1a3c"",""P*3d"",""5e5f"",""3d3c+"",""3b3c"",""7b7c"",""5a4b"",""B*1e"",""G*2d""],""scoreCp"":1538}]},{""label"":""hand-piece-rich:mt2000-mpv2-t1-h256:warm3"",""candidates"":[{""move"":""7c5a"",""pvUsi"":[""7c5a"",""G*4b"",""5h3h"",""P*3c"",""P*3d"",""3c3d"",""9d7b+"",""1f1g"",""P*2b"",""1b2b"",""3h3d"",""P*3c"",""3d8d"",""1g1h+"",""7b1h"",""N*9e""],""scoreCp"":2164},{""move"":""9d7b+"",""pvUsi"":[""9d7b+"",""8a7c"",""5h5g"",""B*1a"",""8h7h"",""P*5f"",""5g5f"",""P*5e"",""P*3c"",""1a3c"",""P*3d"",""5e5f"",""3d3c+"",""3b3c"",""7b7c"",""5a4b"",""B*1e"",""G*2d""],""scoreCp"":1538}]}]"
middlegame-120,1n2g4/+B1s1k3r/p+P2gp1pn/B8/2Pp2p2/1p2LP2l/PG1P+pS2N/LKR4PL/1NS1S1+p1g b 2P2p 1,2000,2,1,256,3,3,2489.833,2385.8,2719.1,2000.333,1221776.7,610787.6,2043.3,18.33,"{""ok"":3}",0,0,"[{""label"":""middlegame-120:mt2000-mpv2-t1-h256:warm1"",""candidates"":[{""move"":""9d8e"",""pvUsi"":[""9d8e"",""5b4b"",""5f5c+"",""4b5c"",""8g8f"",""P*8g"",""8h8g"",""5c4d"",""G*4e"",""4d3c"",""4e3e"",""L*3d"",""9b8a"",""3d3e""],""scoreCp"":1937},{""move"":""8g8f"",""pvUsi"":[""8g8f"",""9c9d"",""8c7b"",""5g5f"",""4g5f"",""3i4i"",""9b8a"",""4i5i"",""N*4e"",""1i1h"",""8a7a"",""5c6c"",""S*6a"",""5a6a"",""7a6a"",""5b4b""],""scoreCp"":1555}]},{""label"":""middlegame-120:mt2000-mpv2-t1-h256:warm2"",""candidates"":[{""move"":""9d8e"",""pvUsi"":[""9d8e"",""5b4b"",""5f5c+"",""4b5c"",""8g8f"",""P*8g"",""8h8g"",""5c4d"",""G*4e"",""4d3c"",""4e3e"",""L*3d"",""9b8a"",""3d3e""],""scoreCp"":1937},{""move"":""8g8f"",""pvUsi"":[""8g8f"",""9c9d"",""8c7b"",""5g5f"",""4g5f"",""3i4i"",""9b8a"",""4i5i"",""N*4e"",""1i1h"",""8a7a"",""5c6c"",""S*6a"",""5a6a"",""7a6a"",""5b4b""],""scoreCp"":1555}]},{""label"":""middlegame-120:mt2000-mpv2-t1-h256:warm3"",""candidates"":[{""move"":""9d8e"",""pvUsi"":[""9d8e"",""5b4b"",""5f5c+"",""4b5c"",""8g8f"",""5c4d"",""8c7b"",""4d3d"",""8e6c+"",""4c4d"",""S*2f"",""L*8d"",""G*4e"",""4d4e"",""6c4e"",""3d2d"",""4e3e"",""2d3c"",""P*3d"",""3c2b""],""scoreCp"":1897},{""move"":""8g8f"",""pvUsi"":[""8g8f"",""9c9d"",""8c7b"",""5g5f"",""4g5f"",""3i4i"",""5i6h"",""1i1h"",""9b6e"",""P*8e"",""8f8e"",""B*6c"",""P*5d"",""6c5d"",""6e5d"",""5c5d""],""scoreCp"":1527}]}]"
middlegame-150,1+Bp6/4+Bgr1p/1P2L1kpn/p4p2n/2Pp2p2/1pG2P3/P2P1S2+l/LKRS+p2PL/1NS1S1+p1g b GN2p 1,2000,2,1,256,3,3,2365.1,2367.1,2367.2,2000.333,1618297.3,809009.4,2040,16.67,"{""ok"":3}",0,0,"[{""label"":""middlegame-150:mt2000-mpv2-t1-h256:warm1"",""candidates"":[{""move"":""G*3d"",""pvUsi"":[""G*3d"",""3c2b"",""8a5d"",""4b5b"",""5d3b"",""2b3b"",""5c5b+"",""B*5e"",""6g6f"",""B*2d"",""N*3c"",""2d3c"",""G*4c"",""3b2a"",""R*4a"",""N*3a"",""3d3c"",""8f8g+"",""8h8g"",""P*8f"",""7f8f""],""scoreCp"":4183},{""move"":""N*2f"",""pvUsi"":[""N*2f"",""4b5b"",""G*3d"",""3c2b"",""2f1d"",""2b1a"",""5c5b+"",""5h6h"",""8a5d"",""6h7h"",""8h7h"",""B*8g"",""7h7g"",""8g7f+"",""7g7f"",""S*8g"",""7f6e"",""P*6d"",""6e6d""],""scoreCp"":1756}]},{""label"":""middlegame-150:mt2000-mpv2-t1-h256:warm2"",""candidates"":[{""move"":""G*3d"",""pvUsi"":[""G*3d"",""3c2b"",""8a5d"",""5h6h"",""5b4b"",""6h7h"",""8h7h"",""8f8g+"",""7h6h"",""8g7h"",""6h7h"",""R*6h"",""7h6h"",""S*5g"",""6h5g"",""P*5f"",""4g5f""],""scoreCp"":4512},{""move"":""N*2f"",""pvUsi"":[""N*2f"",""4b5b"",""G*3d"",""3c2b"",""2f1d"",""2b1a"",""8a5d"",""5h6h"",""5d4d"",""1a2a"",""7f8f"",""6h7h"",""8h7h"",""5b5c"",""4d5c""],""scoreCp"":1951}]},{""label"":""middlegame-150:mt2000-mpv2-t1-h256:warm3"",""candidates"":[{""move"":""G*3d"",""pvUsi"":[""G*3d"",""3c2b"",""8a5d"",""5h6h"",""5b4b"",""6h7h"",""8h7h"",""8f8g+"",""7h6h"",""8g7h"",""6h7h"",""R*6h"",""7h6h"",""S*5g"",""6h5g"",""P*5f"",""4g5f""],""scoreCp"":4512},{""move"":""N*2f"",""pvUsi"":[""N*2f"",""4b5b"",""G*3d"",""3c2b"",""2f1d"",""2b1a"",""8a5d"",""5h6h"",""5d4d"",""1a2a"",""7f8f"",""6h7h"",""8h7h"",""5b5c"",""4d5c""],""scoreCp"":1951}]}]"
mate-in-one,2p2+B2k/1+B3g2p/1P2L1Gpn/p1P2p3/3p2p2/lpG1NP3/P1KP+p3+l/LS1S2SP+n/1NR1S1+pg1 b RPp 1,2000,2,1,256,3,3,2363.3,2368.3,2370.5,2000,3394272.7,1697136.3,2046.7,63.33,"{""mate"":3}",0,0,"[{""label"":""mate-in-one:mt2000-mpv2-t1-h256:warm1"",""candidates"":[{""move"":""R*3a"",""pvUsi"":[""R*3a""],""scoreMate"":1},{""move"":""4a4b"",""pvUsi"":[""4a4b"",""5g6g"",""6h6g"",""8f8g+"",""8h8g"",""3i3h"",""G*2b""],""scoreMate"":7}]},{""label"":""mate-in-one:mt2000-mpv2-t1-h256:warm2"",""candidates"":[{""move"":""R*3a"",""pvUsi"":[""R*3a""],""scoreMate"":1},{""move"":""4a4b"",""pvUsi"":[""4a4b"",""5g6g"",""6h6g"",""8f8g+"",""8h8g"",""3i3h"",""G*2b""],""scoreMate"":7}]},{""label"":""mate-in-one:mt2000-mpv2-t1-h256:warm3"",""candidates"":[{""move"":""R*3a"",""pvUsi"":[""R*3a""],""scoreMate"":1},{""move"":""4a4b"",""pvUsi"":[""4a4b"",""5g6g"",""6h6g"",""8f8g+"",""8h8g"",""3i3h"",""G*2b""],""scoreMate"":7}]}]"
single-legal-move,2p5k/4Rg2p/1P2L1Gp1/p1P+B+Bp3/n2p2pnP/l1G2P3/P+pKP1+p2+l/LS1S2SP+n/1NR1S1+pg1 b P 1,2000,2,1,256,3,3,2362.3,2364.7,2366,2000.333,2191462.7,1095540.1,2046.7,0,"{""incomplete"":3}",3,0,"[{""label"":""single-legal-move:mt2000-mpv2-t1-h256:warm1"",""candidates"":[]},{""label"":""single-legal-move:mt2000-mpv2-t1-h256:warm2"",""candidates"":[]},{""label"":""single-legal-move:mt2000-mpv2-t1-h256:warm3"",""candidates"":[]}]"
sparse-endgame,l+P1+S5/+B1+B4sl/5r+N1n/l3p3p/2g1kS2P/2P3PG1/2S5L/+n1G4pK/P+p1G1R3 b 7Pn2p 1,2000,2,1,256,3,3,1228.467,1229.9,1240.1,859.333,2098812,2444280.9,903.3,245,"{""mate"":3}",0,0,"[{""label"":""sparse-endgame:mt2000-mpv2-t1-h256:warm1"",""candidates"":[{""move"":""7b5d"",""pvUsi"":[""7b5d""],""scoreMate"":1},{""move"":""4e5f"",""pvUsi"":[""4e5f"",""5e6d"",""4i4c+"",""N*4b"",""7b7c""],""scoreMate"":5}]},{""label"":""sparse-endgame:mt2000-mpv2-t1-h256:warm2"",""candidates"":[{""move"":""7b5d"",""pvUsi"":[""7b5d""],""scoreMate"":1},{""move"":""4e5f"",""pvUsi"":[""4e5f"",""5e6d"",""4i4c+"",""N*4b"",""7b7c""],""scoreMate"":5}]},{""label"":""sparse-endgame:mt2000-mpv2-t1-h256:warm3"",""candidates"":[{""move"":""7b5d"",""pvUsi"":[""7b5d""],""scoreMate"":1},{""move"":""4e5f"",""pvUsi"":[""4e5f"",""5e6d"",""4i4c+"",""N*4b"",""7b7c""],""scoreMate"":5}]}]"
initial-position,lnsgkgsnl/1r5b1/ppppppppp/9/9/9/PPPPPPPPP/1B5R1/LNSGKGSNL b - 1,2000,2,2,256,3,3,2412.733,2380.7,2483.8,2000.333,3254202.3,1626827.6,4073.3,28,"{""ok"":3}",0,0,"[{""label"":""initial-position:mt2000-mpv2-t2-h256:warm1"",""candidates"":[{""move"":""2g2f"",""pvUsi"":[""2g2f"",""8c8d"",""2f2e"",""8d8e"",""6i7h"",""4a3b"",""3i3h"",""1c1d"",""9g9f"",""9c9d"",""5i5h"",""7a7b"",""3g3f"",""8e8f"",""8g8f"",""8b8f"",""2i3g"",""5a6b"",""7g7f"",""8f7f"",""2e2d"",""3c3d"",""8h2b+"",""3a2b"",""2d2c+"",""2b2c""],""scoreCp"":61},{""move"":""7g7f"",""pvUsi"":[""7g7f"",""8c8d"",""7i6h"",""3c3d"",""8h7g"",""8d8e"",""2g2f"",""2b7g+"",""6h7g"",""3a2b"",""2f2e"",""2b3c"",""3i4h"",""7a6b"",""3g3f"",""4a3b"",""1g1f"",""1c1d"",""9g9f"",""7c7d"",""6i7h"",""8a7c"",""4h3g"",""6c6d"",""3g4f""],""scoreCp"":21}]},{""label"":""initial-position:mt2000-mpv2-t2-h256:warm2"",""candidates"":[{""move"":""6i7h"",""pvUsi"":[""6i7h"",""8c8d"",""2g2f"",""8d8e"",""2f2e"",""4a3b"",""3i3h"",""7a7b"",""5i5h"",""8e8f"",""8g8f"",""8b8f"",""7g7f"",""9c9d"",""2e2d"",""2c2d"",""2h2d"",""P*2c"",""2d2f"",""8f8b"",""P*8g"",""3c3d"",""3g3f"",""6c6d"",""2i3g"",""7b6c""],""scoreCp"":23},{""move"":""2g2f"",""pvUsi"":[""2g2f"",""8c8d"",""2f2e"",""8d8e"",""6i7h"",""4a3b"",""3i3h"",""7a7b"",""9g9f"",""5a5b"",""2e2d"",""2c2d"",""2h2d"",""P*2c"",""2d2f"",""7c7d"",""7g7f"",""8e8f"",""8g8f"",""8b8f"",""P*8g"",""8f8b"",""1g1f"",""3c3d"",""5i4h"",""8b8d"",""3g3f"",""2b3c""],""scoreCp"":12}]},{""label"":""initial-position:mt2000-mpv2-t2-h256:warm3"",""candidates"":[{""move"":""2g2f"",""pvUsi"":[""2g2f"",""8c8d"",""6i7h"",""4a3b"",""2f2e"",""8d8e"",""3i3h"",""7a7b"",""9g9f"",""1c1d"",""7g7f"",""8e8f"",""8g8f"",""8b8f"",""2e2d"",""2c2d"",""2h2d"",""P*2c"",""2d2f"",""3c3d"",""P*8g"",""8f8b"",""5i6h"",""6c6d"",""3g3f"",""7b6c"",""2i3g"",""6a5b"",""4g4f"",""7c7d"",""3h4g"",""8a7c"",""2f2i"",""5c5d""],""scoreCp"":25},{""move"":""6i7h"",""pvUsi"":[""6i7h"",""8c8d"",""2g2f"",""4a3b"",""2f2e"",""8d8e"",""3i3h"",""7a7b"",""9g9f"",""1c1d"",""7g7f"",""8e8f"",""8g8f"",""8b8f"",""2e2d"",""2c2d"",""2h2d"",""P*2c"",""2d2f"",""8f8b"",""P*8g"",""3c3d"",""5i6h"",""7c7d"",""3g3f"",""7b7c"",""4g4f"",""7c6d"",""2i3g"",""5a5b""],""scoreCp"":25}]}]"
quiet-no-mate,1n1g1ksn1/l1rsg2b1/p1pp1p+Bpl/1p2p4/8p/2P3P1P/PP1PPPSP1/3S4R/LNG1KG1NL b P 1,2000,2,2,256,3,3,2379.433,2377.1,2385.1,2000.333,2640696.7,1320131.8,4073.3,19.33,"{""ok"":3}",0,0,"[{""label"":""quiet-no-mate:mt2000-mpv2-t2-h256:warm1"",""candidates"":[{""move"":""3c2b"",""pvUsi"":[""3c2b"",""3a2b"",""1f1e"",""B*3c"",""B*6f"",""3c6f"",""6g6f"",""B*9d"",""1e1d"",""7c7d"",""1d1c+"",""2a1c"",""2g2f"",""7d7e"",""P*1d"",""7e7f"",""1d1c+"",""7f7g+"",""8i7g"",""7b7g+"",""6h7g""],""scoreCp"":1615},{""move"":""3c2c"",""pvUsi"":[""3c2c"",""4a5a"",""2c2b"",""3a2b"",""1f1e"",""B*3c"",""1e1d"",""3c9i+"",""1d1c+"",""2a1c"",""8i7g"",""6b5c"",""1h1e"",""P*2h"",""3g2h"",""7c7d"",""P*1d"",""7d7e"",""7g6e"",""7e7f"",""6e5c"",""5b5c"",""1d1c+""],""scoreCp"":1577}]},{""label"":""quiet-no-mate:mt2000-mpv2-t2-h256:warm2"",""candidates"":[{""move"":""3c2b"",""pvUsi"":[""3c2b"",""3a2b"",""1f1e"",""B*3c"",""B*7g"",""3c1e"",""1h1e"",""1c1e"",""1i1e"",""2b3c"",""1e1b+"",""4a5a"",""1b2a"",""3c4d"",""2a2b"",""6b5c"",""4i3i"",""7b8b"",""P*1i""],""scoreCp"":1584},{""move"":""3c2c"",""pvUsi"":[""3c2c"",""4a5a"",""2c2b"",""3a2b"",""1f1e"",""B*3c"",""1e1d"",""3c9i+"",""1d1c+"",""2a1c"",""L*2d"",""L*1a"",""2d2b+"",""9i2b"",""S*8c"",""6b7a"",""1h1e"",""P*1d"",""1e1d"",""1c2e"",""1d2d"",""L*2c"",""2d2c+"",""2b2c"",""8c7b+"",""7a7b"",""R*2a"",""5a6b"",""B*2f"",""4c4d"",""2a2c+"",""2e3g"",""2i3g""],""scoreCp"":1450}]},{""label"":""quiet-no-mate:mt2000-mpv2-t2-h256:warm3"",""candidates"":[{""move"":""3c2b"",""pvUsi"":[""3c2b"",""3a2b"",""1f1e"",""B*3c"",""B*7g"",""3c7g+"",""8i7g"",""B*8c"",""1e1d"",""1c1d"",""1h1d"",""P*1c"",""1d1h"",""8c4g+"",""B*3h"",""4g3h"",""4i3h"",""B*8c"",""3h4h""],""scoreCp"":1591},{""move"":""3c2c"",""pvUsi"":[""3c2c"",""4a5a"",""2c2b"",""3a2b"",""1f1e"",""B*3c"",""1e1d"",""3c9i+"",""1d1c+"",""2a1c"",""2g2f"",""7b8b"",""P*1d"",""P*1b"",""1d1c+"",""1b1c"",""B*7g"",""9i7g"",""8i7g"",""6b5c"",""P*1d"",""1c1d"",""1h1d"",""L*1c""],""scoreCp"":1572}]}]"
sente-middlegame,1nrg3n1/l2s2k2/p1p1gp1pl/1p1pp2s1/6P1p/b1P5P/PP1PPP1P1/L1KSRSG2/1NG4NL b BP 1,2000,2,2,256,3,3,2433.3,2464.6,2471.8,2000,2635737.3,1317868.7,4073.3,18.67,"{""ok"":3}",0,0,"[{""label"":""sente-middlegame:mt2000-mpv2-t2-h256:warm1"",""candidates"":[{""move"":""9g9f"",""pvUsi"":[""9g9f"",""6a5b"",""B*8b"",""7a3a"",""8b9a+"",""3b2b"",""9a9b"",""3a3e"",""4h5i"",""2b1b"",""9b8a"",""3e3h+"",""5h3h""],""scoreCp"":2140},{""move"":""1f1e"",""pvUsi"":[""1f1e"",""9f8e"",""1e1d"",""1c1d"",""1i1d"",""P*1c"",""P*1b"",""7c7d"",""1b1a+"",""7d7e"",""3e3d"",""1c1d"",""7h6i"",""8e7f"",""1a2a"",""7f8g+"",""6i5i"",""7e7f"",""N*4e"",""3b4b"",""2a2b""],""scoreCp"":1180}]},{""label"":""sente-middlegame:mt2000-mpv2-t2-h256:warm2"",""candidates"":[{""move"":""9g9f"",""pvUsi"":[""9g9f"",""1e1f"",""B*8b"",""2d3c"",""5h5i"",""3c2b"",""5g5f"",""7c7d"",""5f5e"",""8d8e"",""P*1d"",""8a7c"",""8b7a+"",""6a7a"",""5e5d""],""scoreCp"":2122},{""move"":""1f1e"",""pvUsi"":[""1f1e"",""9f8e"",""1e1d"",""1c1d"",""1i1d"",""P*1c"",""P*1b"",""1c1d"",""1b1a+"",""7c7d"",""1a2a"",""7d7e"",""3e3d"",""7e7f"",""7h6i"",""3b4b"",""P*7h"",""4b5b"",""2a2b"",""6d6e"",""2b2c""],""scoreCp"":1276}]},{""label"":""sente-middlegame:mt2000-mpv2-t2-h256:warm3"",""candidates"":[{""move"":""9g9f"",""pvUsi"":[""9g9f"",""1e1f"",""B*8b"",""2d3c"",""B*5f"",""8d8e"",""5f9b+"",""3c2b""],""scoreCp"":2105},{""move"":""1f1e"",""pvUsi"":[""1f1e"",""9f8e"",""1e1d"",""1c1d"",""1i1d"",""P*1c"",""P*1b"",""7c7d"",""1b1a+"",""7d7e"",""1a2a"",""7e7f"",""3e3d"",""1c1d"",""7h6i"",""4c4d"",""5g5f"",""L*7e"",""P*7h""],""scoreCp"":1252}]}]"
gote-middlegame,1nrgB2n1/l2s2k2/p1p1gp1pl/1p1pp2s1/6P1p/b1P5P/PP1PPP1P1/L1KSRSG2/1NG4NL w P 1,2000,2,2,256,3,3,2408.733,2383.1,2478.3,2000,2761634.7,1380817.3,4073.3,19.33,"{""ok"":3}",0,0,"[{""label"":""gote-middlegame:mt2000-mpv2-t2-h256:warm1"",""candidates"":[{""move"":""9f8g+"",""pvUsi"":[""9f8g+"",""7h8g"",""6a5a"",""1f1e"",""8d8e"",""1e1d"",""1c1d"",""1i1d"",""B*4i"",""4h5i"",""4i5h+"",""5i5h"",""8e8f"",""8g8f""],""scoreCp"":118},{""move"":""9f8e"",""pvUsi"":[""9f8e"",""5a2d+"",""2c2d"",""1f1e"",""7c7d"",""1e1d"",""1c1d"",""1i1d"",""7d7e"",""1d1b+"",""B*4i"",""4h5i"",""4i5h+"",""5i5h"",""R*1h"",""L*3i"",""1h1b+"",""S*8b"",""7a7d"",""B*8c"",""7e7f"",""8c6a+"",""L*7e"",""8b8a"",""1b1h"",""6a6b""],""scoreCp"":254}]},{""label"":""gote-middlegame:mt2000-mpv2-t2-h256:warm2"",""candidates"":[{""move"":""9f8g+"",""pvUsi"":[""9f8g+"",""7h8g"",""6a5a"",""B*8b"",""7a6a"",""8b9a+"",""1e1f"",""9a9b"",""1f1g+"",""2i1g"",""P*1f"",""P*8b"",""1f1g+"",""5h5i"",""N*3f"",""4h3g"",""3f2h+"",""3g2h"",""1g2h"",""3h2h"",""B*6e"",""1i1c""],""scoreCp"":150},{""move"":""9f8e"",""pvUsi"":[""9f8e"",""5a2d+"",""2c2d"",""1f1e"",""7c7d"",""4h5i"",""7d7e"",""7f7e"",""6d6e"",""5h4h"",""5c6d"",""1e1d"",""1c1d"",""1i1d"",""6d7e"",""P*7f"",""P*7g"",""6h7g"",""6e6f"",""6g6f"",""7e7f"",""7g7f""],""scoreCp"":166}]},{""label"":""gote-middlegame:mt2000-mpv2-t2-h256:warm3"",""candidates"":[{""move"":""9f8g+"",""pvUsi"":[""9f8g+"",""7h8g"",""6a5a"",""B*8b"",""7a6a"",""8b9a+"",""1e1f"",""9a9b"",""1f1g+"",""2i1g"",""P*1f"",""1g2e"",""2d2e"",""5h5i"",""1f1g+"",""P*8b"",""B*6e"",""9b8a"",""N*7e"",""8g7g"",""1g2h"",""3h2h""],""scoreCp"":135},{""move"":""9f8e"",""pvUsi"":[""9f8e"",""5a2d+"",""2c2d"",""1f1e"",""7c7d"",""1e1d"",""1c1d"",""1i1d"",""7d7e"",""1d1b+"",""6d6e"",""1b2a"",""6e6f"",""7h6i"",""7e7f"",""7i7h"",""3b2a"",""8g8f"",""L*7g"",""7h8h"",""8e9d"",""N*4e"",""B*7h"",""8h7h"",""7g7h+"",""6i7h"",""6f6g+"",""7h6g""],""scoreCp"":210}]}]"
middlegame-60,1nr1g1kn1/l2sb4/p1p1gpppl/1p2p4/3p2P2/1PP2+B1sp/P1KPPP2P/L1G1RSG2/1N2S2NL b p 1,2000,2,2,256,3,3,2394.5,2389.9,2428.9,2000,2748187,1374093.5,4073.3,20,"{""ok"":3}",0,0,"[{""label"":""middlegame-60:mt2000-mpv2-t2-h256:warm1"",""candidates"":[{""move"":""3h3g"",""pvUsi"":[""3h3g"",""2f1g+"",""3e3d"",""3c3d"",""2i1g"",""1f1g+"",""5g5f"",""5c4d"",""5f5e"",""5d5e"",""S*1b"",""5b6c"",""1b2c+"",""P*2b"",""2c1b"",""3a3b"",""5h5e"",""4d5e"",""4f5e"",""P*5d"",""5e2b"",""3b4b"",""1b2a""],""scoreCp"":752},{""move"":""1g1f"",""pvUsi"":[""1g1f"",""5c4d"",""4f6d"",""3a2b"",""3h3g"",""2f3e"",""1f1e"",""6b6c"",""6d6e"",""6c7d"",""6e6d"",""7a6a"",""6d5c"",""8d8e"",""1e1d"",""1c1d"",""1i1d"",""P*1c"",""1d1c+"",""2a1c"",""P*1d"",""1c2e"",""1d1c+"",""2b1c""],""scoreCp"":736}]},{""label"":""middlegame-60:mt2000-mpv2-t2-h256:warm2"",""candidates"":[{""move"":""3h3g"",""pvUsi"":[""3h3g"",""2f3g+"",""4h3g"",""5a4b"",""1g1f"",""8d8e"",""5h2h"",""4b3b"",""1f1e"",""4c4d"",""1e1d"",""1c1d"",""1i1d"",""G*4e"",""7g6h"",""4e4f"",""4g4f"",""3a4b"",""1d1b+"",""5b1f"",""P*2b"",""6e6f"",""2b2a+"",""6f6g+""],""scoreCp"":762},{""move"":""1g1f"",""pvUsi"":[""1g1f"",""5c4d"",""1f1e"",""1c1e"",""P*1f"",""4d3e"",""4f6d"",""5a4b"",""1f1e"",""6b5c"",""6d7e"",""P*1h"",""1i1h"",""P*1g"",""1h1g"",""P*1f"",""1g1f"",""4c4d"",""7e5c"",""4b5c"",""S*6b"",""5b1f"",""6b7a"",""1f3h+""],""scoreCp"":711}]},{""label"":""middlegame-60:mt2000-mpv2-t2-h256:warm3"",""candidates"":[{""move"":""1g1f"",""pvUsi"":[""1g1f"",""5c4d"",""1f1e"",""1c1e"",""P*1f"",""4d3e"",""4f6d"",""5a4b"",""1f1e"",""6b5c"",""6d2h"",""8d8e"",""1e1d"",""P*1f"",""8f8e"",""4c4d"",""P*2g"",""2f1e"",""1d1c+"",""2a1c"",""5g5f"",""1e2d"",""5f5e"",""5d5e"",""5h5e"",""P*5d"",""5e5h"",""5b3d"",""P*1d""],""scoreCp"":755},{""move"":""3h3g"",""pvUsi"":[""3h3g"",""2f3g"",""4h3g"",""5a4b"",""1g1f"",""4c4d"",""5h2h"",""4b3b"",""1f1e"",""G*4e"",""4f4e"",""4d4e"",""7g6h"",""8d8e"",""1e1d"",""1c1d"",""1i1d"",""P*1c"",""1d1c+"",""2a1c""],""scoreCp"":692}]}]"
middlegame-80,1nsg3nk/l1r6/p1p1gppp1/1p1+B5/1b1pp1P1l/1PP1PP2p/P2P3GN/LKG1R1S1L/1NS1S4 b 2p 1,2000,2,2,256,3,3,2372.167,2374.3,2379.7,2001,2627304.7,1313004.7,4073.3,19.33,"{""ok"":3}",0,0,"[{""label"":""middlegame-80:mt2000-mpv2-t2-h256:warm1"",""candidates"":[{""move"":""6d5c"",""pvUsi"":[""6d5c"",""8e7f"",""1g2e"",""6e6f"",""6g6f"",""1a2b"",""5f5e"",""1f1g+"",""5c7e"",""7f9d"",""2g1g"",""8d8e"",""3e3d"",""3c3d"",""8f8e"",""7c7d"",""7e8f"",""1e1g+"",""1h1g""],""scoreCp"":2194},{""move"":""6d7e"",""pvUsi"":[""6d7e"",""1f1g+"",""8f8e"",""6a5b"",""2g1g"",""7c7d"",""7e6e"",""1a2b"",""P*2d"",""2c2d"",""5f5e"",""8a7c"",""P*2c"",""2b3b""],""scoreCp"":1882}]},{""label"":""middlegame-80:mt2000-mpv2-t2-h256:warm2"",""candidates"":[{""move"":""6d5c"",""pvUsi"":[""6d5c"",""8e7f"",""1g2e"",""6e6f"",""7h7g"",""6f6g+"",""7g7f"",""6g5h"",""5i5h"",""R*4h"",""G*4i"",""4h4f+"",""B*5d"",""2c2d"",""5c4c"",""4f4c"",""5d4c+"",""2d2e"",""3e3d"",""P*6f""],""scoreCp"":2342},{""move"":""6d7e"",""pvUsi"":[""6d7e"",""1f1g+"",""8f8e"",""6a5b"",""2g1g"",""1a2b"",""5f5e"",""1e1g+"",""1h1g"",""7c7d"",""7e5c"",""5b5c"",""B*4e"",""7b8b"",""L*2i"",""2b3b"",""4e2c+"",""3b4b"",""5e5d"",""5c6c"",""G*5c"",""4b5a"",""5c6c"",""B*4d"",""G*5e"",""P*5g"",""5e4d"",""5g5h+"",""4d4c""],""scoreCp"":1907}]},{""label"":""middlegame-80:mt2000-mpv2-t2-h256:warm3"",""candidates"":[{""move"":""6d5c"",""pvUsi"":[""6d5c"",""8e7f"",""1g2e"",""6e6f"",""6g6f"",""1a2b"",""3e3d"",""3c3d"",""P*7g"",""6a5b"",""7g7f"",""5b5c"",""5f5e"",""5c5b"",""5e5d"",""B*6i"",""B*5e"",""2b3a"",""5e6d"",""3a4a"",""5d5c+"",""6i5h+"",""5i5h""],""scoreCp"":2211},{""move"":""6d7e"",""pvUsi"":[""6d7e"",""1f1g+"",""8f8e"",""6a6b"",""2g1g"",""7c7d"",""7e4h"",""1e1g+"",""1h1g"",""1a2b"",""L*2i"",""8a7c"",""5f5e"",""8d8e"",""B*1d""],""scoreCp"":1887}]}]"
hand-piece-rich,1n2g4/l1s3k1r/p1+B1gp1pn/Bp7/1PPp5/5P2l/PG1P+pS2N/LK2R3L/1NS1S4 b 2Pg5p 1,2000,2,2,256,3,3,2379.333,2373.9,2390.9,2000,2475838.7,1237919.3,4073.3,18.67,"{""ok"":3}",0,0,"[{""label"":""hand-piece-rich:mt2000-mpv2-t2-h256:warm1"",""candidates"":[{""move"":""7c5a"",""pvUsi"":[""7c5a"",""3b2a"",""5h5g"",""P*7h"",""7i7h"",""9c9d"",""5g5c+"",""P*7g"",""8g7g"",""B*2f"",""P*3c"",""P*3a"",""G*3b"",""3a3b"",""3c3b+"",""2a3b""],""scoreCp"":2505},{""move"":""9d7b+"",""pvUsi"":[""9d7b+"",""8a7c"",""5h5g"",""B*1a"",""P*2b"",""1a2b"",""8h7h"",""P*5f"",""5g5f"",""P*5e"",""7b7c"",""5e5f"",""7c5a"",""R*2h"",""P*5h"",""1b1a"",""P*3c"",""2b3c"",""5a3c"",""3b3c"",""N*4e"",""3c3d"",""P*3e"",""3d3e"",""G*3f"",""3e4d""],""scoreCp"":1570}]},{""label"":""hand-piece-rich:mt2000-mpv2-t2-h256:warm2"",""candidates"":[{""move"":""7c5a"",""pvUsi"":[""7c5a"",""G*4b"",""5h3h"",""P*3d"",""9d7b+"",""P*7h"",""7i7h"",""3b3c"",""7b4e"",""3c2d"",""3h3d"",""2d1e""],""scoreCp"":2388},{""move"":""9d7b+"",""pvUsi"":[""9d7b+"",""8a7c"",""5h5g"",""B*3c"",""8h7h"",""P*5f"",""5g5f"",""P*5e"",""P*3d"",""5e5f"",""3d3c+"",""3b3c"",""7b7c"",""5a4b"",""B*1e"",""2c2d"",""7c5e"",""3c3b"",""P*3c"",""3b2c"",""5e5f"",""P*3d"",""1e3g""],""scoreCp"":1596}]},{""label"":""hand-piece-rich:mt2000-mpv2-t2-h256:warm3"",""candidates"":[{""move"":""7c5a"",""pvUsi"":[""7c5a"",""3b2a"",""5h5g"",""P*5f"",""5g5f"",""G*5b"",""9d7b+"",""5b5a"",""S*3c"",""1b7b"",""5f5c+""],""scoreCp"":2425},{""move"":""9d7b+"",""pvUsi"":[""9d7b+"",""8a7c"",""5h5g"",""P*5f"",""4g5f"",""7c8e"",""P*3c"",""3b2b"",""7b7c"",""5a4b"",""P*1d"",""1f1g"",""1d1c+"",""1b1c"",""N*3d"",""2b3c"",""3d4b+""],""scoreCp"":1581}]}]"
middlegame-120,1n2g4/+B1s1k3r/p+P2gp1pn/B8/2Pp2p2/1p2LP2l/PG1P+pS2N/LKR4PL/1NS1S1+p1g b 2P2p 1,2000,2,2,256,3,3,2428,2405.7,2476.9,2001,2461834,1230301.8,4073.3,17.67,"{""ok"":3}",0,0,"[{""label"":""middlegame-120:mt2000-mpv2-t2-h256:warm1"",""candidates"":[{""move"":""9d8e"",""pvUsi"":[""9d8e"",""5b4b"",""5f5c+"",""4b3c"",""8g8f"",""P*8g"",""8f8g"",""3c2d"",""8c7b"",""2d1e"",""8e6c+"",""1i1h"",""S*2f"",""1e2f"",""6c2g"",""2f1e"",""G*2f"",""1e2d"",""2g1f""],""scoreCp"":2000},{""move"":""8g8f"",""pvUsi"":[""8g8f"",""9c9d"",""8c7b"",""5g5f"",""4g5f"",""1i1h"",""7b8a"",""B*3g"",""5i6h"",""3g4f+"",""9b7d"",""5c6c"",""P*5c"",""5b5c"",""N*4e"",""5c5d""],""scoreCp"":1580}]},{""label"":""middlegame-120:mt2000-mpv2-t2-h256:warm2"",""candidates"":[{""move"":""9d8e"",""pvUsi"":[""9d8e"",""5b4b"",""5f5c+"",""4b3c"",""8g8f"",""P*8d"",""8e7f"",""3c2d"",""G*2f"",""P*7g"",""8i7g"",""1f1g"",""1h1g"",""1c2e"",""1g1b+"",""N*3d"",""8c7b"",""3d2f""],""scoreCp"":1990},{""move"":""8g8f"",""pvUsi"":[""8g8f"",""9c9d"",""8c7b"",""5g5f"",""4g5f"",""3i4i"",""5i6h"",""P*8e"",""8f8e"",""1i1h"",""9b8a"",""1f1g"",""P*8g"",""B*4d"",""P*5e""],""scoreCp"":1555}]},{""label"":""middlegame-120:mt2000-mpv2-t2-h256:warm3"",""candidates"":[{""move"":""9d8e"",""pvUsi"":[""9d8e"",""5b4b"",""5f5c+"",""4b3c"",""8g8f"",""3c2d"",""8c7b"",""1i1h"",""S*2f"",""P*1d"",""G*4e"",""1b3b"",""8e6c+"",""1f1g+"",""2f3e""],""scoreCp"":1903},{""move"":""8g8f"",""pvUsi"":[""8g8f"",""9c9d"",""8c7b"",""P*5d"",""9b6e"",""5g6g"",""5f5d"",""6g7h"",""7i7h"",""5c5d"",""6e5d"",""P*8g"",""8f8g"",""P*5c"",""G*6c"",""5b4a"",""6c5c""],""scoreCp"":1455}]}]"
middlegame-150,1+Bp6/4+Bgr1p/1P2L1kpn/p4p2n/2Pp2p2/1pG2P3/P2P1S2+l/LKRS+p2PL/1NS1S1+p1g b GN2p 1,2000,2,2,256,3,2,2482.9,2482.5,2549,2000,2945398.5,1472784.4,6105,8.5,"{""ok"":1,""incomplete"":1}",1,0,"[{""label"":""middlegame-150:mt2000-mpv2-t2-h256:warm1"",""candidates"":[{""move"":""G*3d"",""pvUsi"":[""G*3d"",""3c2b"",""5b4b"",""3b3d"",""4b4c"",""G*8g"",""8h9i"",""8g9h"",""7h9h"",""L*3b"",""8a5d"",""1c2e"",""4c3d"",""3b3d"",""G*2d"",""B*5e"",""5d5e"",""2c2d"",""B*1a"",""2b3a"",""N*4c"",""3a3b"",""G*3c"",""3b2a""],""scoreCp"":5640},{""move"":""N*2f"",""pvUsi"":[""N*2f"",""4b5b"",""G*3d"",""3c4b"",""5c5b+"",""4b5b"",""7f8f"",""5h6h"",""5i6h"",""L*8d"",""6h7g"",""8d8f"",""7g8f"",""B*5e"",""6g6f"",""3b3d"",""2f3d""],""scoreCp"":1684}]},{""label"":""middlegame-150:mt2000-mpv2-t2-h256:warm2"",""candidates"":[]}]"
