fixtureId,sfen,movetimeMs,multipv,threads,hashMb,sampleCount,successCount,avgWallLatencyMs,p50WallLatencyMs,p95WallLatencyMs,avgElapsedMs,avgActualNodes,avgNps,avgEngineCpuDeltaMs,avgCompletedDepth,terminalCounts,incompleteCount,boundInfoCount,candidateSnapshots
initial-position,lnsgkgsnl/1r5b1/ppppppppp/9/9/9/PPPPPPPPP/1B5R1/LNSGKGSNL b - 1,1000,2,1,256,3,3,1413.267,1381.6,1487.7,1000.667,724048.3,723562.6,1023.3,21.67,"{""ok"":3}",0,0,"[{""label"":""initial-position:mt1000-mpv2-t1-h256:warm1"",""candidates"":[{""move"":""6i7h"",""pvUsi"":[""6i7h"",""8c8d"",""2g2f"",""8d8e"",""2f2e"",""4a3b"",""5i6h"",""1c1d"",""9g9f"",""7a6b"",""3i3h"",""8e8f"",""8g8f"",""8b8f"",""P*8g"",""8f8b"",""3g3f"",""5c5d"",""2i3g"",""6b5c"",""7g7f"",""5c6d"",""2e2d"",""2c2d"",""2h2d""],""scoreCp"":48},{""move"":""2g2f"",""pvUsi"":[""2g2f"",""3c3d"",""7g7f"",""8c8d"",""2f2e"",""8d8e"",""6i7h"",""4a3b"",""2e2d"",""2c2d"",""2h2d"",""8e8f"",""8g8f"",""8b8f"",""2d3d"",""2b3c"",""3d3f"",""3a2b"",""3f2f""],""scoreCp"":34}]},{""label"":""initial-position:mt1000-mpv2-t1-h256:warm2"",""candidates"":[{""move"":""2g2f"",""pvUsi"":[""2g2f"",""8c8d"",""6i7h"",""8d8e"",""2f2e"",""4a3b"",""9g9f"",""8e8f"",""8g8f"",""8b8f"",""3i3h"",""8f8b"",""P*8g"",""7a6b"",""1g1f"",""3c3d"",""2e2d"",""2c2d"",""2h2d"",""6c6d"",""5i5h""],""scoreCp"":70},{""move"":""6i7h"",""pvUsi"":[""6i7h"",""8c8d"",""2g2f"",""8d8e"",""2f2e"",""4a3b"",""9g9f"",""8e8f"",""8g8f"",""8b8f"",""3i3h"",""8f8b"",""P*8g"",""7a6b"",""2e2d"",""2c2d"",""2h2d"",""P*2c"",""2d2h"",""3c3d"",""3h2g"",""9c9d"",""2g3f"",""6c6d""],""scoreCp"":65}]},{""label"":""initial-position:mt1000-mpv2-t1-h256:warm3"",""candidates"":[{""move"":""6i7h"",""pvUsi"":[""6i7h"",""8c8d"",""2g2f"",""8d8e"",""2f2e"",""4a3b"",""5i6h"",""1c1d"",""9g9f"",""7a6b"",""3i3h"",""8e8f"",""8g8f"",""8b8f"",""P*8g"",""8f8b"",""3g3f"",""5c5d"",""2i3g"",""6b5c"",""7g7f"",""5c6d"",""2e2d"",""2c2d"",""2h2d""],""scoreCp"":48},{""move"":""2g2f"",""pvUsi"":[""2g2f"",""3c3d"",""7g7f"",""8c8d"",""2f2e"",""8d8e"",""6i7h"",""4a3b"",""2e2d"",""2c2d"",""2h2d"",""8e8f"",""8g8f"",""8b8f"",""2d3d"",""2b3c"",""3d3f"",""3a2b"",""3f2f""],""scoreCp"":34}]}]"
quiet-no-mate,1n1g1ksn1/l1rsg2b1/p1pp1p+Bpl/1p2p4/8p/2P3P1P/PP1PPPSP1/3S4R/LNG1KG1NL b P 1,1000,2,1,256,3,3,1449,1488,1491.1,1000,587049.3,587049.3,1023.3,19,"{""ok"":3}",0,0,"[{""label"":""quiet-no-mate:mt1000-mpv2-t1-h256:warm1"",""candidates"":[{""move"":""3c2b"",""pvUsi"":[""3c2b"",""3a2b"",""1f1e"",""B*3c"",""B*7g"",""1c1e"",""1h1e"",""3c1e"",""1i1e"",""2b3c"",""P*1i"",""3c4d"",""B*8c"",""2a3c"",""8c7b+"",""6a7b"",""R*1a"",""4a4b"",""7g8f"",""4d5c"",""1e1c+"",""3c4e"",""3g4h"",""B*2h"",""1a1b+"",""P*3b""],""scoreCp"":1524},{""move"":""3c2c"",""pvUsi"":[""3c2c"",""4a5a"",""2c2b"",""3a2b"",""1f1e"",""B*3c"",""1e1d"",""3c9i+"",""1d1c+"",""2a1c"",""L*8c"",""1c2e"",""1h1b+"",""2e3g"",""2i3g"",""6b5c""],""scoreCp"":1475}]},{""label"":""quiet-no-mate:mt1000-mpv2-t1-h256:warm2"",""candidates"":[{""move"":""3c2b"",""pvUsi"":[""3c2b"",""3a2b"",""1f1e"",""B*3c"",""B*7g"",""1c1e"",""1h1e"",""3c1e"",""1i1e"",""2b3c"",""P*1i"",""3c4d"",""B*8c"",""2a3c"",""8c7b+"",""6a7b"",""R*1a"",""4a4b"",""7g8f"",""4d5c"",""1e1c+"",""3c4e"",""3g4h"",""B*2h"",""1a1b+"",""P*3b""],""scoreCp"":1524},{""move"":""3c2c"",""pvUsi"":[""3c2c"",""4a5a"",""2c2b"",""3a2b"",""1f1e"",""B*3c"",""1e1d"",""3c9i+"",""1d1c+"",""2a1c"",""L*8c"",""1c2e"",""1h1b+"",""2e3g"",""2i3g"",""6b5c""],""scoreCp"":1475}]},{""label"":""quiet-no-mate:mt1000-mpv2-t1-h256:warm3"",""candidates"":[{""move"":""3c2b"",""pvUsi"":[""3c2b"",""3a2b"",""1f1e"",""B*3c"",""B*7g"",""1c1e"",""1h1e"",""3c1e"",""1i1e"",""2b3c"",""P*1i"",""3c4d"",""B*8c"",""2a3c"",""8c7b+"",""6a7b"",""R*1a"",""4a4b"",""7g8f"",""4d5c"",""1e1c+"",""3c4e"",""3g4h"",""B*2h"",""1a1b+"",""P*3b""],""scoreCp"":1524},{""move"":""3c2c"",""pvUsi"":[""3c2c"",""4a5a"",""2c2b"",""3a2b"",""1f1e"",""B*3c"",""1e1d"",""3c9i+"",""1d1c+"",""2a1c"",""L*8c"",""1c2e"",""1h1b+"",""2e3g"",""2i3g"",""6b5c""],""scoreCp"":1475}]}]"
sente-middlegame,1nrg3n1/l2s2k2/p1p1gp1pl/1p1pp2s1/6P1p/b1P5P/PP1PPP1P1/L1KSRSG2/1NG4NL b BP 1,1000,2,1,256,3,3,1551.6,1488.4,1782,1000.333,578496.7,578307.5,1026.7,18,"{""ok"":3}",0,0,"[{""label"":""sente-middlegame:mt1000-mpv2-t1-h256:warm1"",""candidates"":[{""move"":""9g9f"",""pvUsi"":[""9g9f"",""6a7b"",""1f1e"",""7c7d"",""5g5f"",""1c1e"",""P*1f"",""7d7e"",""1f1e"",""7e7f"",""5f5e"",""5d5e"",""3e3d""],""scoreCp"":2103},{""move"":""1f1e"",""pvUsi"":[""1f1e"",""9f8e"",""1e1d"",""1c1d"",""1i1d"",""P*1c"",""P*1b"",""7c7d"",""1b1a+"",""7d7e"",""7f7e"",""1c1d"",""1a2a"",""3b2a"",""7h6i"",""7a7e""],""scoreCp"":1163}]},{""label"":""sente-middlegame:mt1000-mpv2-t1-h256:warm2"",""candidates"":[{""move"":""9g9f"",""pvUsi"":[""9g9f"",""6a7b"",""1f1e"",""7c7d"",""5g5f"",""1c1e"",""P*1f"",""7d7e"",""1f1e"",""7e7f"",""5f5e"",""5d5e"",""3e3d""],""scoreCp"":2103},{""move"":""1f1e"",""pvUsi"":[""1f1e"",""9f8e"",""1e1d"",""1c1d"",""1i1d"",""P*1c"",""P*1b"",""7c7d"",""1b1a+"",""7d7e"",""7f7e"",""1c1d"",""1a2a"",""3b2a"",""7h6i"",""7a7e""],""scoreCp"":1163}]},{""label"":""sente-middlegame:mt1000-mpv2-t1-h256:warm3"",""candidates"":[{""move"":""9g9f"",""pvUsi"":[""9g9f"",""1e1f"",""B*8c"",""6a7b"",""8c9b+"",""7c7d"",""P*1b"",""1f1g+"",""1b1a+"",""1g2g"",""3h2g"",""1c1i+"",""1a2a"",""1i2i""],""scoreCp"":2044},{""move"":""1f1e"",""pvUsi"":[""1f1e"",""9f8e"",""1e1d"",""1c1d"",""1i1d"",""P*1c"",""P*1b"",""7c7d"",""1b1a+"",""7d7e"",""7f7e"",""1c1d"",""1a2a"",""3b2a"",""7h6i"",""7a7e""],""scoreCp"":1163}]}]"
gote-middlegame,1nrgB2n1/l2s2k2/p1p1gp1pl/1p1pp2s1/6P1p/b1P5P/PP1PPP1P1/L1KSRSG2/1NG4NL w P 1,1000,2,1,256,3,3,1732.8,1875.4,1928.3,1000.667,539843.3,539499,1023.3,17,"{""ok"":3}",0,0,"[{""label"":""gote-middlegame:mt1000-mpv2-t1-h256:warm1"",""candidates"":[{""move"":""9f8e"",""pvUsi"":[""9f8e"",""5a2d+"",""2c2d"",""1f1e"",""7c7d"",""4h5i"",""7d7e"",""1e1d"",""1c1d"",""1i1d"",""7e7f"",""1d1a+"",""6d6e"",""5h4h"",""6e6f"",""6g6f"",""P*6g"",""6h6g"",""7f7g+"",""8i7g"",""8e6g+"",""7h6g""],""scoreCp"":230},{""move"":""9f8g+"",""pvUsi"":[""9f8g+"",""7h8g"",""6a5a"",""B*8b"",""7a6a"",""8b9a+"",""1e1f"",""9a9b"",""7c7d"",""4h3g"",""7d7e"",""7f7e"",""B*6e"",""9b6e"",""6d6e""],""scoreCp"":288}]},{""label"":""gote-middlegame:mt1000-mpv2-t1-h256:warm2"",""candidates"":[{""move"":""9f8g+"",""pvUsi"":[""9f8g+"",""7h8g"",""6a5a"",""B*8b"",""7a6a"",""8b9a+"",""1e1f"",""9a9b"",""1f1g+"",""2i1g"",""7c7d"",""9b8c"",""P*1f"",""1g2e"",""2d2e"",""2g2f"",""2e2f"",""3e3d"",""N*9e"",""8g8f"",""B*8g"",""6h5i""],""scoreCp"":195},{""move"":""9f8e"",""pvUsi"":[""9f8e"",""5a2d+"",""2c2d"",""1f1e"",""7c7d"",""1e1d"",""1c1d"",""1i1d"",""7d7e"",""1d1b+"",""6d6e"",""7h6i"",""6e6f"",""1b2a"",""7e7f"",""7i7h"",""B*4i"",""4h5i"",""7f7g+"",""8i7g"",""8e6g+"",""6h6g"",""6f6g+"",""7h6g"",""P*6f""],""scoreCp"":207}]},{""label"":""gote-middlegame:mt1000-mpv2-t1-h256:warm3"",""candidates"":[{""move"":""9f8g+"",""pvUsi"":[""9f8g+"",""7h8g"",""6a5a"",""B*8b"",""7a6a"",""8b9a+"",""1e1f"",""9a9b"",""1f1g+"",""2i1g"",""7c7d"",""9b8c"",""P*1f"",""1g2e"",""2d2e"",""2g2f"",""2e2f"",""3e3d"",""N*9e"",""8g8f"",""B*8g"",""6h5i""],""scoreCp"":195},{""move"":""9f8e"",""pvUsi"":[""9f8e"",""5a2d+"",""2c2d"",""1f1e"",""7c7d"",""1e1d"",""1c1d"",""1i1d"",""7d7e"",""1d1b+"",""6d6e"",""7h6i"",""6e6f"",""1b2a"",""7e7f"",""7i7h"",""B*4i"",""4h5i"",""7f7g+"",""8i7g"",""8e6g+"",""6h6g"",""6f6g+"",""7h6g"",""P*6f""],""scoreCp"":207}]}]"
middlegame-60,1nr1g1kn1/l2sb4/p1p1gpppl/1p2p4/3p2P2/1PP2+B1sp/P1KPPP2P/L1G1RSG2/1N2S2NL b p 1,1000,2,1,256,3,3,1593.433,1475.6,1906.9,1000,584628,584628,1053.3,19,"{""ok"":3}",0,0,"[{""label"":""middlegame-60:mt1000-mpv2-t1-h256:warm1"",""candidates"":[{""move"":""3h3g"",""pvUsi"":[""3h3g"",""2f1g"",""2i1g"",""4c4d"",""3e3d"",""5b3d"",""1g2e"",""3d2e"",""5g5f"",""1f1g+"",""5f5e"",""5d5e"",""4f5e"",""P*5d"",""5e6e"",""P*1h""],""scoreCp"":818},{""move"":""1g1f"",""pvUsi"":[""1g1f"",""5c4d"",""1f1e"",""1c1e"",""P*1f"",""4d3e"",""4f6d"",""5a4b"",""1f1e"",""6b5c"",""6d2h"",""8d8e"",""1e1d"",""P*1b"",""8f8e"",""5b7d"",""5g5f"",""3a3b"",""5f5e"",""5d5e"",""2h5e""],""scoreCp"":712}]},{""label"":""middlegame-60:mt1000-mpv2-t1-h256:warm2"",""candidates"":[{""move"":""3h3g"",""pvUsi"":[""3h3g"",""2f1g"",""2i1g"",""4c4d"",""3e3d"",""5b3d"",""1g2e"",""3d2e"",""5g5f"",""1f1g+"",""5f5e"",""5d5e"",""4f5e"",""P*5d"",""5e6e"",""P*1h""],""scoreCp"":818},{""move"":""1g1f"",""pvUsi"":[""1g1f"",""5c4d"",""1f1e"",""1c1e"",""P*1f"",""4d3e"",""4f6d"",""5a4b"",""1f1e"",""6b5c"",""6d2h"",""8d8e"",""1e1d"",""P*1b"",""8f8e"",""5b7d"",""5g5f"",""3a3b"",""5f5e"",""5d5e"",""2h5e""],""scoreCp"":712}]},{""label"":""middlegame-60:mt1000-mpv2-t1-h256:warm3"",""candidates"":[{""move"":""3h3g"",""pvUsi"":[""3h3g"",""2f1g"",""2i1g"",""4c4d"",""3e3d"",""5b3d"",""1g2e"",""3d2e"",""5g5f"",""1f1g+"",""5f5e"",""5d5e"",""4f5e"",""P*5d"",""5e6e"",""P*1h""],""scoreCp"":818},{""move"":""1g1f"",""pvUsi"":[""1g1f"",""5c4d"",""1f1e"",""1c1e"",""P*1f"",""4d3e"",""4f6d"",""5a4b"",""1f1e"",""6b5c"",""6d2h"",""8d8e"",""1e1d"",""P*1b"",""8f8e"",""5b7d"",""5g5f"",""3a3b"",""5f5e"",""5d5e"",""2h5e""],""scoreCp"":712}]}]"
middlegame-80,1nsg3nk/l1r6/p1p1gppp1/1p1+B5/1b1pp1P1l/1PP1PP2p/P2P3GN/LKG1R1S1L/1NS1S4 b 2p 1,1000,2,1,256,3,3,1660.167,1480.9,2023.9,1000.667,562241.3,561871.8,1043.3,17.33,"{""ok"":3}",0,0,"[{""label"":""middlegame-80:mt1000-mpv2-t1-h256:warm1"",""candidates"":[{""move"":""6d5c"",""pvUsi"":[""6d5c"",""8e7f"",""1g2e"",""6e6f"",""6g6f"",""1f1g+"",""5c3a"",""7f5h+"",""5i5h"",""R*5a"",""1h1g"",""1e1g+"",""P*1b"",""7b1b"",""P*1c"",""5a3a"",""1c1b+"",""1a1b""],""scoreCp"":2278},{""move"":""6d7e"",""pvUsi"":[""6d7e"",""1f1g+"",""8f8e"",""6a5b"",""2g1g"",""1a2b"",""5f5e"",""7c7d"",""7e6e"",""1e1g"",""1h1g"",""P*5g"",""5h5g"",""8a7c"",""6e4g""],""scoreCp"":1834}]},{""label"":""middlegame-80:mt1000-mpv2-t1-h256:warm2"",""candidates"":[{""move"":""6d5c"",""pvUsi"":[""6d5c"",""8e7f"",""1g2e"",""6e6f"",""6g6f"",""1a2b"",""5c7e"",""7f9d"",""5f5e"",""1f1g+"",""2g1g"",""1e1g"",""1h1g"",""G*6g"",""P*7f"",""P*5g""],""scoreCp"":2235},{""move"":""6d7e"",""pvUsi"":[""6d7e"",""1f1g+"",""8f8e"",""6a5b"",""2g1g"",""1a2b"",""5f5e"",""7c7d"",""7e4h"",""1e1g"",""1h1g"",""8d8e"",""P*2d"",""2c2d"",""5e5d"",""5c6c"",""P*2c"",""2b2c""],""scoreCp"":1822}]},{""label"":""middlegame-80:mt1000-mpv2-t1-h256:warm3"",""candidates"":[{""move"":""6d5c"",""pvUsi"":[""6d5c"",""8e7f"",""1g2e"",""6e6f"",""6g6f"",""1f1g+"",""5c3a"",""7f5h+"",""5i5h"",""R*5a"",""1h1g"",""1e1g+"",""P*1b"",""7b1b"",""P*1c"",""5a3a"",""1c1b+"",""1a1b""],""scoreCp"":2278},{""move"":""6d7e"",""pvUsi"":[""6d7e"",""1f1g+"",""8f8e"",""6a5b"",""2g1g"",""1a2b"",""5f5e"",""7c7d"",""7e6e"",""1e1g"",""1h1g"",""P*5g"",""5h5g"",""8a7c"",""6e4g""],""scoreCp"":1834}]}]"
hand-piece-rich,1n2g4/l1s3k1r/p1+B1gp1pn/Bp7/1PPp5/5P2l/PG1P+pS2N/LK2R3L/1NS1S4 b 2Pg5p 1,1000,2,1,256,3,3,1484.067,1483.4,1488.3,1001.333,537958.3,537235.8,1043.3,18,"{""ok"":3}",0,0,"[{""label"":""hand-piece-rich:mt1000-mpv2-t1-h256:warm1"",""candidates"":[{""move"":""7c5a"",""pvUsi"":[""7c5a"",""G*4b"",""5h3h"",""P*3c"",""P*3d"",""3c3d"",""9d7b+"",""1f1g"",""P*2b"",""1b2b"",""3h3d"",""P*3c"",""3d8d"",""1g1h+"",""7b1h"",""N*9e""],""scoreCp"":2164},{""move"":""9d7b+"",""pvUsi"":[""9d7b+"",""8a7c"",""5h5g"",""P*5f"",""4g5f"",""P*7h"",""7i7h"",""7c8e"",""P*3c"",""3b4a"",""S*3b"",""4a5b"",""P*5d"",""5c6c"",""3b2c+"",""P*7g"",""2c1b"",""7g7h+"",""8h7h"",""P*7g"",""8i7g""],""scoreCp"":1543}]},{""label"":""hand-piece-rich:mt1000-mpv2-t1-h256:warm2"",""candidates"":[{""move"":""7c5a"",""pvUsi"":[""7c5a"",""G*4b"",""5h3h"",""P*3c"",""P*3d"",""3c3d"",""9d7b+"",""1f1g"",""P*2b"",""1b2b"",""3h3d"",""P*3c"",""3d8d"",""1g1h+"",""7b1h"",""N*9e""],""scoreCp"":2164},{""move"":""9d7b+"",""pvUsi"":[""9d7b+"",""8a7c"",""5h5g"",""P*5f"",""4g5f"",""P*7h"",""7i7h"",""7c8e"",""P*3c"",""3b4a"",""S*3b"",""4a5b"",""P*5d"",""5c6c"",""3b2c+"",""P*7g"",""2c1b"",""7g7h+"",""8h7h"",""P*7g"",""8i7g""],""scoreCp"":1543}]},{""label"":""hand-piece-rich:mt1000-mpv2-t1-h256:warm3"",""candidates"":[{""move"":""7c5a"",""pvUsi"":[""7c5a"",""9c9d"",""P*3c"",""3b2b"",""G*3b"",""2b1a"",""5h5g"",""P*3a"",""P*2b"",""B*4d"",""8h7h"",""P*7g"",""8i7g"",""3a3b"",""3c3b+"",""1b2b"",""3b2b"",""1a2b"",""5g5c+"",""4d5c""],""scoreCp"":2164},{""move"":""9d7b+"",""pvUsi"":[""9d7b+"",""8a7c"",""5h5g"",""P*5f"",""4g5f"",""P*7h"",""7i7h"",""7c8e"",""P*3c"",""3b4a"",""S*3b"",""4a5b"",""P*5d"",""5c6c"",""3b2c+"",""P*7g"",""2c1b"",""7g7h+"",""8h7h"",""P*7g"",""8i7g""],""scoreCp"":1543}]}]"
middlegame-120,1n2g4/+B1s1k3r/p+P2gp1pn/B8/2Pp2p2/1p2LP2l/PG1P+pS2N/LKR4PL/1NS1S1+p1g b 2P2p 1,1000,2,1,256,3,3,1647.433,1777,1790.7,1001.333,536341.7,535636.8,1043.3,17,"{""ok"":3}",0,0,"[{""label"":""middlegame-120:mt1000-mpv2-t1-h256:warm1"",""candidates"":[{""move"":""9d8e"",""pvUsi"":[""9d8e"",""5b4b"",""5f5c+"",""4b3c"",""8g8f"",""P*8d"",""8e7f"",""3c2d"",""8c7b"",""1i1h"",""S*2f"",""1f1g+"",""G*1e"",""2d3d"",""9b6e""],""scoreCp"":1814},{""move"":""8g8f"",""pvUsi"":[""8g8f"",""9c9d"",""8c7b"",""5g6g"",""9b7d"",""5b4b"",""5f5c+"",""4b5c"",""7h7f"",""P*8g"",""8f8g"",""B*6i"",""P*5d"",""5c4d"",""S*4e"",""4d3c"",""G*3d"",""3c2b""],""scoreCp"":1471}]},{""label"":""middlegame-120:mt1000-mpv2-t1-h256:warm2"",""candidates"":[{""move"":""9d8e"",""pvUsi"":[""9d8e"",""5b4b"",""5f5c+"",""4b3c"",""8g8f"",""P*8d"",""8e7f"",""3c2d"",""8c7b"",""1i1h"",""S*2f"",""1f1g+"",""G*1e"",""2d3d"",""9b6e""],""scoreCp"":1814},{""move"":""8g8f"",""pvUsi"":[""8g8f"",""9c9d"",""8c7b"",""5g6g"",""9b7d"",""5b4b"",""5f5c+"",""4b5c"",""7h7f"",""P*8g"",""8f8g"",""B*6i"",""P*5d"",""5c4d"",""S*4e"",""4d3c"",""G*3d"",""3c2b""],""scoreCp"":1471}]},{""label"":""middlegame-120:mt1000-mpv2-t1-h256:warm3"",""candidates"":[{""move"":""9d8e"",""pvUsi"":[""9d8e"",""5b4b"",""5f5c+"",""4b3c"",""8g8f"",""P*8d"",""8e7f"",""3c2d"",""8c7b"",""1i1h"",""S*2f"",""1f1g+"",""G*1e"",""2d3d"",""9b6e""],""scoreCp"":1814},{""move"":""8g8f"",""pvUsi"":[""8g8f"",""9c9d"",""8c7b"",""5g6g"",""9b7d"",""5b4b"",""5f5c+"",""4b5c"",""7h7f"",""P*8g"",""8f8g"",""B*6i"",""P*5d"",""5c4d"",""S*4e"",""4d3c"",""G*3d"",""3c2b""],""scoreCp"":1471}]}]"
middlegame-150,1+Bp6/4+Bgr1p/1P2L1kpn/p4p2n/2Pp2p2/1pG2P3/P2P1S2+l/LKRS+p2PL/1NS1S1+p1g b GN2p 1,1000,2,1,256,3,3,1374.6,1376.2,1385.1,1001,630309,629679.3,1046.7,16,"{""ok"":3}",0,0,"[{""label"":""middlegame-150:mt1000-mpv2-t1-h256:warm1"",""candidates"":[{""move"":""G*3d"",""pvUsi"":[""G*3d"",""3c2b"",""8a5d"",""4b5b"",""5d3b"",""2b3b"",""5c5b+"",""B*5e"",""6g6f"",""B*2d"",""N*3c"",""2d3c"",""G*4c"",""3b2a"",""R*4a"",""N*3a"",""3d3c"",""8f8g+"",""8h8g"",""P*8f"",""7f8f""],""scoreCp"":4183},{""move"":""N*2f"",""pvUsi"":[""N*2f"",""4b5b"",""G*3d"",""3c2b"",""2f1d"",""2b1a"",""5c5b+"",""5h6h"",""8a5d"",""6h7h"",""8h7h"",""B*8g"",""7h7g"",""8g7f+"",""7g7f"",""S*8g"",""7f6e"",""P*6d"",""6e6d""],""scoreCp"":1756}]},{""label"":""middlegame-150:mt1000-mpv2-t1-h256:warm2"",""candidates"":[{""move"":""G*3d"",""pvUsi"":[""G*3d"",""3c2b"",""8a5d"",""4b5b"",""5d3b"",""2b3b"",""5c5b+"",""B*5e"",""6g6f"",""B*2d"",""N*3c"",""2d3c"",""G*4c"",""3b2a"",""R*4a"",""N*3a"",""3d3c"",""8f8g+"",""8h8g"",""P*8f"",""7f8f""],""scoreCp"":4183},{""move"":""N*2f"",""pvUsi"":[""N*2f"",""4b5b"",""G*3d"",""3c2b"",""2f1d"",""2b1a"",""5c5b+"",""5h6h"",""8a5d"",""6h7h"",""8h7h"",""B*8g"",""7h7g"",""8g7f+"",""7g7f"",""S*8g"",""7f6e"",""P*6d"",""6e6d""],""scoreCp"":1756}]},{""label"":""middlegame-150:mt1000-mpv2-t1-h256:warm3"",""candidates"":[{""move"":""G*3d"",""pvUsi"":[""G*3d"",""3c2b"",""8a5d"",""4b5b"",""5d3b"",""2b3b"",""5c5b+"",""B*5e"",""6g6f"",""B*2d"",""N*3c"",""2d3c"",""G*4c"",""3b2a"",""R*4a"",""N*3a"",""3d3c"",""8f8g+"",""8h8g"",""P*8f"",""7f8f""],""scoreCp"":4183},{""move"":""N*2f"",""pvUsi"":[""N*2f"",""4b5b"",""G*3d"",""3c2b"",""2f1d"",""2b1a"",""5c5b+"",""5h6h"",""8a5d"",""6h7h"",""8h7h"",""B*8g"",""7h7g"",""8g7f+"",""7g7f"",""S*8g"",""7f6e"",""P*6d"",""6e6d""],""scoreCp"":1756}]}]"
mate-in-one,2p2+B2k/1+B3g2p/1P2L1Gpn/p1P2p3/3p2p2/lpG1NP3/P1KP+p3+l/LS1S2SP+n/1NR1S1+pg1 b RPp 1,1000,2,1,256,3,3,1472.933,1466.4,1567.7,1000,1212712,1212712,1043.3,52.33,"{""mate"":3}",0,0,"[{""label"":""mate-in-one:mt1000-mpv2-t1-h256:warm1"",""candidates"":[{""move"":""R*3a"",""pvUsi"":[""R*3a""],""scoreMate"":1},{""move"":""4a4b"",""pvUsi"":[""4a4b"",""5g6g"",""6h6g"",""8f8g+"",""8h8g"",""3i3h"",""G*2b""],""scoreMate"":7}]},{""label"":""mate-in-one:mt1000-mpv2-t1-h256:warm2"",""candidates"":[{""move"":""R*3a"",""pvUsi"":[""R*3a""],""scoreMate"":1},{""move"":""4a4b"",""pvUsi"":[""4a4b"",""5g6g"",""6h6g"",""8f8g+"",""8h8g"",""3i3h"",""G*2b""],""scoreMate"":7}]},{""label"":""mate-in-one:mt1000-mpv2-t1-h256:warm3"",""candidates"":[{""move"":""R*3a"",""pvUsi"":[""R*3a""],""scoreMate"":1},{""move"":""4a4b"",""pvUsi"":[""4a4b"",""5g6g"",""6h6g"",""8f8g+"",""8h8g"",""3i3h"",""G*2b""],""scoreMate"":7}]}]"
single-legal-move,2p5k/4Rg2p/1P2L1Gp1/p1P+B+Bp3/n2p2pnP/l1G2P3/P+pKP1+p2+l/LS1S2SP+n/1NR1S1+pg1 b P 1,1000,2,1,256,3,3,1447.967,1479,1482.7,1000.667,1007513,1006841.8,1040,0,"{""incomplete"":3}",3,0,"[{""label"":""single-legal-move:mt1000-mpv2-t1-h256:warm1"",""candidates"":[]},{""label"":""single-legal-move:mt1000-mpv2-t1-h256:warm2"",""candidates"":[]},{""label"":""single-legal-move:mt1000-mpv2-t1-h256:warm3"",""candidates"":[]}]"
sparse-endgame,l+P1+S5/+B1+B4sl/5r+N1n/l3p3p/2g1kS2P/2P3PG1/2S5L/+n1G4pK/P+p1G1R3 b 7Pn2p 1,1000,2,1,256,3,3,1519.5,1549.5,1682.8,929.333,2098812,2260071.2,973.3,245,"{""mate"":3}",0,0,"[{""label"":""sparse-endgame:mt1000-mpv2-t1-h256:warm1"",""candidates"":[{""move"":""7b5d"",""pvUsi"":[""7b5d""],""scoreMate"":1},{""move"":""4e5f"",""pvUsi"":[""4e5f"",""5e6d"",""4i4c+"",""N*4b"",""7b7c""],""scoreMate"":5}]},{""label"":""sparse-endgame:mt1000-mpv2-t1-h256:warm2"",""candidates"":[{""move"":""7b5d"",""pvUsi"":[""7b5d""],""scoreMate"":1},{""move"":""4e5f"",""pvUsi"":[""4e5f"",""5e6d"",""4i4c+"",""N*4b"",""7b7c""],""scoreMate"":5}]},{""label"":""sparse-endgame:mt1000-mpv2-t1-h256:warm3"",""candidates"":[{""move"":""7b5d"",""pvUsi"":[""7b5d""],""scoreMate"":1},{""move"":""4e5f"",""pvUsi"":[""4e5f"",""5e6d"",""4i4c+"",""N*4b"",""7b7c""],""scoreMate"":5}]}]"
initial-position,lnsgkgsnl/1r5b1/ppppppppp/9/9/9/PPPPPPPPP/1B5R1/LNSGKGSNL b - 1,1000,2,2,256,3,3,1660.7,1525.5,2032.4,1000,744574.7,744574.7,1120,19,"{""ok"":3}",0,0,"[{""label"":""initial-position:mt1000-mpv2-t2-h256:warm1"",""candidates"":[{""move"":""2g2f"",""pvUsi"":[""2g2f"",""3c3d"",""2f2e"",""2b3c"",""7g7f"",""3a4b"",""1g1f"",""8c8d"",""8h3c+"",""4b3c"",""7i8h"",""8d8e"",""8h7g"",""7a7b"",""1f1e"",""7c7d"",""6g6f"",""5a4b""],""scoreCp"":46},{""move"":""7g7f"",""pvUsi"":[""7g7f"",""8c8d"",""2g2f"",""8d8e"",""2f2e"",""4a3b"",""8h7g"",""3c3d"",""7i8h"",""2b7g+"",""8h7g"",""3a2b"",""6i7h"",""2b3c"",""9g9f"",""1c1d"",""3i4h"",""7a7b"",""3g3f"",""7c7d"",""4h3g""],""scoreCp"":46}]},{""label"":""initial-position:mt1000-mpv2-t2-h256:warm2"",""candidates"":[{""move"":""2g2f"",""pvUsi"":[""2g2f"",""4a3b"",""7g7f"",""8c8d"",""2f2e"",""8d8e"",""8h7g"",""3c3d"",""7i8h"",""2b7g+"",""8h7g"",""3a2b"",""3g3f"",""2b3c"",""2i3g"",""7a6b"",""3i4h"",""6a5b"",""5i6h""],""scoreCp"":38},{""move"":""7g7f"",""pvUsi"":[""7g7f"",""4a3b"",""2g2f"",""8c8d"",""2f2e"",""8d8e"",""8h7g"",""3c3d"",""7i8h"",""2b7g+"",""8h7g"",""3a2b"",""3i3h"",""2b3c"",""3g3f"",""7a6b"",""2i3g"",""6a5b"",""4i5h"",""9c9d""],""scoreCp"":33}]},{""label"":""initial-position:mt1000-mpv2-t2-h256:warm3"",""candidates"":[{""move"":""2g2f"",""pvUsi"":[""2g2f"",""3c3d"",""6i7h"",""8c8d"",""2f2e"",""8d8e"",""2e2d"",""2c2d"",""2h2d"",""4a3b"",""9g9f"",""8e8f"",""8g8f"",""8b8f"",""P*8g"",""8f8d"",""2d2h"",""P*2c"",""4g4f"",""7a7b"",""3i3h"",""9c9d""],""scoreCp"":72},{""move"":""6i7h"",""pvUsi"":[""6i7h"",""8c8d"",""2g2f"",""3c3d"",""2f2e"",""8d8e"",""2e2d"",""2c2d"",""2h2d"",""4a3b"",""9g9f"",""8e8f"",""8g8f"",""8b8f"",""2d2h"",""P*2c"",""P*8g"",""8f8d"",""7g7f"",""7a7b"",""5i6h"",""9c9d"",""8h2b+"",""3a2b"",""B*6f""],""scoreCp"":46}]}]"
quiet-no-mate,1n1g1ksn1/l1rsg2b1/p1pp1p+Bpl/1p2p4/8p/2P3P1P/PP1PPPSP1/3S4R/LNG1KG1NL b P 1,1000,2,2,256,3,3,1937.633,2051.2,2231.6,1004,574989.3,572698.5,1090,16.33,"{""ok"":3}",0,0,"[{""label"":""quiet-no-mate:mt1000-mpv2-t2-h256:warm1"",""candidates"":[{""move"":""3c2b"",""pvUsi"":[""3c2b"",""3a2b"",""1f1e"",""B*4d"",""B*7g"",""4d7g+"",""8i7g"",""7c7d"",""B*8c"",""7d7e"",""7f7e"",""7b7e"",""8c6a+"",""P*7f"",""P*7h"",""7f7g+"",""7h7g"",""7e4e""],""scoreCp"":1574},{""move"":""3c2c"",""pvUsi"":[""3c2c"",""4a5a"",""2c2b"",""3a2b"",""1f1e"",""B*4d"",""1e1d"",""4d9i+"",""1d1c+"",""2a1c"",""B*7g"",""9i7g"",""6h7g"",""P*1g"",""1h1g"",""B*4d""],""scoreCp"":1496}]},{""label"":""quiet-no-mate:mt1000-mpv2-t2-h256:warm2"",""candidates"":[{""move"":""3c2b"",""pvUsi"":[""3c2b"",""3a2b"",""1f1e"",""B*3c"",""B*6f"",""3c6f"",""6g6f"",""B*8c"",""5i4h"",""6b5c"",""1e1d"",""5b4b"",""1d1c+"",""2a1c"",""8i7g"",""1c2e"",""1h1b+"",""2e3g"",""2i3g""],""scoreCp"":1523},{""move"":""3c2c"",""pvUsi"":[""3c2c"",""4a5a"",""2c2b"",""3a2b"",""1f1e"",""B*3c"",""1e1d"",""1c1d"",""1h1d"",""2b2c"",""1d1f"",""3c9i+"",""L*8c"",""6b5c""],""scoreCp"":1397}]},{""label"":""quiet-no-mate:mt1000-mpv2-t2-h256:warm3"",""candidates"":[{""move"":""3c2b"",""pvUsi"":[""3c2b"",""3a2b"",""1f1e"",""B*3c"",""B*6f"",""3c6f"",""6g6f"",""B*9d"",""1e1d"",""9d7f"",""B*5f"",""P*1g"",""1h1g"",""7f4i+"",""5i4i""],""scoreCp"":1510},{""move"":""3c2c"",""pvUsi"":[""3c2c"",""4a5a"",""2c2b"",""3a2b"",""1f1e"",""B*3c"",""1e1d"",""3c9i+"",""1d1c+"",""2a1c"",""B*7g"",""9i7g"",""8i7g"",""6b5c"",""B*2d"",""5a6b"",""2d1c+"",""2b1c"",""1h1c+"",""7c7d"",""S*8c"",""7b7a"",""8c8b+""],""scoreCp"":1477}]}]"
sente-middlegame,1nrg3n1/l2s2k2/p1p1gp1pl/1p1pp2s1/6P1p/b1P5P/PP1PPP1P1/L1KSRSG2/1NG4NL b BP 1,1000,2,2,256,3,3,1595.933,1518.2,1864,1003.667,558295.3,556258.6,1086.7,16.33,"{""ok"":3}",0,0,"[{""label"":""sente-middlegame:mt1000-mpv2-t2-h256:warm1"",""candidates"":[{""move"":""9g9f"",""pvUsi"":[""9g9f"",""7c7d"",""B*8b"",""7a7b"",""8b9a+"",""8a7c"",""9a8a"",""7d7e"",""8a7b"",""6a7b"",""R*1b"",""B*2b"",""B*1a"",""2d3c""],""scoreCp"":2055},{""move"":""1f1e"",""pvUsi"":[""1f1e"",""9f8e"",""1e1d"",""1c1d"",""1i1d"",""P*1c"",""P*1b"",""7c7d"",""1b1a+"",""7d7e"",""1a2a"",""1c1d"",""3e3d"",""7e7f"",""7h6i"",""3b4b"",""7i7h""],""scoreCp"":1170}]},{""label"":""sente-middlegame:mt1000-mpv2-t2-h256:warm2"",""candidates"":[{""move"":""9g9f"",""pvUsi"":[""9g9f"",""7c7d"",""B*8c"",""7d7e"",""8c9b+"",""7e7f"",""9b8b"",""7a7e"",""8b8a"",""7e7d"",""8a8b"",""7d7e"",""L*3d"",""P*3c""],""scoreCp"":2026},{""move"":""1f1e"",""pvUsi"":[""1f1e"",""9f8e"",""1e1d"",""1c1d"",""1i1d"",""P*1c"",""1d1c"",""2d1c"",""P*1b"",""1c2b"",""3e3d"",""7c7d"",""2i3g"",""7d7e"",""1b1a+"",""2b1a""],""scoreCp"":1204}]},{""label"":""sente-middlegame:mt1000-mpv2-t2-h256:warm3"",""candidates"":[{""move"":""9g9f"",""pvUsi"":[""9g9f"",""1e1f"",""B*8b"",""1f1g+"",""8b7a+"",""6a7a"",""R*1b"",""3b4a"",""B*3b"",""4a5b"",""3b2c+"",""5b6c"",""2c2d"",""1g2g""],""scoreCp"":2103},{""move"":""1f1e"",""pvUsi"":[""1f1e"",""9f8e"",""3e3d"",""3b4b"",""5g5f"",""7c7d"",""1e1d"",""1c1d"",""1i1d""],""scoreCp"":1193}]}]"
gote-middlegame,1nrgB2n1/l2s2k2/p1p1gp1pl/1p1pp2s1/6P1p/b1P5P/PP1PPP1P1/L1KSRSG2/1NG4NL w P 1,1000,2,2,256,3,3,1420.767,1415.5,1433.3,1001.333,575876.3,575113.9,1090,13.67,"{""ok"":3}",0,0,"[{""label"":""gote-middlegame:mt1000-mpv2-t2-h256:warm1"",""candidates"":[{""move"":""9f8e"",""pvUsi"":[""9f8e"",""5a2d+"",""2c2d"",""1f1e"",""7c7d"",""1e1d"",""1c1d"",""1i1d"",""7d7e"",""1d1b+"",""B*4i"",""4h5i"",""4i5h+"",""5i5h"",""R*1h"",""L*3i"",""1h1b+"",""S*8b"",""7a7b""],""scoreCp"":220},{""move"":""9f8g+"",""pvUsi"":[""9f8g+"",""7h8g"",""6a5a"",""B*8b"",""7a6a"",""8b9a+"",""1e1f"",""9a9b"",""7c7d"",""9b8c"",""7d7e"",""8g7h"",""B*2b"",""3e3d""],""scoreCp"":308}]},{""label"":""gote-middlegame:mt1000-mpv2-t2-h256:warm2"",""candidates"":[{""move"":""9f8g+"",""pvUsi"":[""9f8g+"",""7h8g"",""6a5a"",""1f1e"",""1c1e"",""1i1e"",""2d1e"",""4h5i""],""scoreCp"":192},{""move"":""9f8e"",""pvUsi"":[""9f8e"",""5a2d+"",""2c2d"",""1f1e"",""7c7d"",""5h5i"",""7d7e"",""1e1d"",""1c1d"",""1i1d"",""7e7f"",""1d1b+"",""8a7c"",""1b2a""],""scoreCp"":278}]},{""label"":""gote-middlegame:mt1000-mpv2-t2-h256:warm3"",""candidates"":[{""move"":""9f8g+"",""pvUsi"":[""9f8g+"",""7h8g"",""6a5a"",""B*8b"",""7a6a"",""8b9a+"",""1e1f"",""9a9b"",""1f1g+"",""2i1g"",""P*1f"",""P*8b""],""scoreCp"":164},{""move"":""6a5a"",""pvUsi"":[""6a5a"",""9g9f"",""1e1f"",""B*8b"",""7a6a"",""8b9a+"",""B*5e"",""4h3g"",""5e9i+"",""9a9b"",""9i9h"",""3e3d"",""8d8e"",""7i8h"",""9h9i"",""5h5i"",""7c7d"",""P*1b"",""7d7e"",""L*3c""],""scoreCp"":423}]}]"
middlegame-60,1nr1g1kn1/l2sb4/p1p1gpppl/1p2p4/3p2P2/1PP2+B1sp/P1KPPP2P/L1G1RSG2/1N2S2NL b p 1,1000,2,2,256,3,3,1526.8,1525.5,1533.2,1001.667,563075.3,562131.2,1086.7,17.33,"{""ok"":3}",0,0,"[{""label"":""middlegame-60:mt1000-mpv2-t2-h256:warm1"",""candidates"":[{""move"":""3h3g"",""pvUsi"":[""3h3g"",""2f1e"",""1g1f"",""1e2d"",""4f5f"",""3a3b"",""3g2f"",""4c4d"",""1f1e"",""7c7d"",""1e1d""],""scoreCp"":811},{""move"":""1g1f"",""pvUsi"":[""1g1f"",""5c4d"",""4f6d"",""3a2b"",""5g5f"",""8d8e"",""3h3g"",""2f3e"",""1f1e"",""7a6a"",""1e1d"",""1c1d"",""1i1d"",""P*1c"",""1d1c+"",""2b1c""],""scoreCp"":691}]},{""label"":""middlegame-60:mt1000-mpv2-t2-h256:warm2"",""candidates"":[{""move"":""1g1f"",""pvUsi"":[""1g1f"",""5c4d"",""4f6d"",""3a2b"",""3h3g"",""2f3e"",""1f1e"",""7a6a"",""5g5f"",""6b6c"",""6d7e"",""7c7d"",""7e5g"",""6c6d"",""7g8h"",""5b6c"",""1e1d"",""1c1d"",""1i1d""],""scoreCp"":784},{""move"":""3h3g"",""pvUsi"":[""3h3g"",""2f1g"",""3e3d"",""3c3d"",""5g5f"",""5a4b"",""2i1g"",""1f1g+"",""5f5e"",""5b6c"",""5e5d"",""5c5d"",""P*1b""],""scoreCp"":717}]},{""label"":""middlegame-60:mt1000-mpv2-t2-h256:warm3"",""candidates"":[{""move"":""3h3g"",""pvUsi"":[""3h3g"",""2f3g+"",""4h3g"",""4c4d"",""1g1f"",""G*4e"",""5h2h"",""4e4f"",""3g4f"",""8d8e"",""2h2c+"",""5b4a"",""2c1b"",""8e8f""],""scoreCp"":802},{""move"":""1g1f"",""pvUsi"":[""1g1f"",""5c4d"",""4f6d"",""3a2b"",""5g5f"",""7a6a"",""1f1e"",""P*1f"",""1i1f"",""1c1e"",""1f1e"",""2f1e"",""6d3g"",""1e2d"",""L*2g"",""2d3e"",""P*3f""],""scoreCp"":732}]}]"
middlegame-80,1nsg3nk/l1r6/p1p1gppp1/1p1+B5/1b1pp1P1l/1PP1PP2p/P2P3GN/LKG1R1S1L/1NS1S4 b 2p 1,1000,2,2,256,3,3,1919.033,1659,2567.2,1003.333,562813.7,560937.1,1100,16,"{""ok"":3}",0,0,"[{""label"":""middlegame-80:mt1000-mpv2-t2-h256:warm1"",""candidates"":[{""move"":""6d5c"",""pvUsi"":[""6d5c"",""8e7f"",""1g2e"",""6e6f"",""G*7g"",""7f6g+"",""7g6g"",""6f6g+"",""7h6g"",""P*6f"",""6g6f"",""8d8e"",""3e3d"",""8e8f"",""5c8f"",""P*8g"",""8h8g""],""scoreCp"":2174},{""move"":""6d7e"",""pvUsi"":[""6d7e"",""1f1g+"",""8f8e"",""6a5b"",""2g1g"",""7c7d"",""7e4h"",""1e1g"",""1h1g"",""1a2b"",""3e3d"",""3c3d"",""B*1a"",""2b3b"",""1g1b+"",""7d7e""],""scoreCp"":1817}]},{""label"":""middlegame-80:mt1000-mpv2-t2-h256:warm2"",""candidates"":[{""move"":""6d5c"",""pvUsi"":[""6d5c"",""8e7f"",""1g2e"",""6e6f"",""G*7g"",""6f6g+"",""7g7f"",""6g5h"",""5i5h"",""1f1g+"",""2g1g""],""scoreCp"":2156},{""move"":""6d7e"",""pvUsi"":[""6d7e"",""1f1g+"",""8f8e"",""7a6b"",""2g1g"",""1a2b"",""B*4e"",""7c7d"",""4e7b+"",""6a7b""],""scoreCp"":1912}]},{""label"":""middlegame-80:mt1000-mpv2-t2-h256:warm3"",""candidates"":[{""move"":""6d5c"",""pvUsi"":[""6d5c"",""8e7f"",""G*7g"",""7f9h+"",""8h9h"",""1f1g+"",""1h1g"",""1e1g+"",""2g1g"",""8d8e"",""5c4c"",""L*7d"",""P*7f"",""8e8f"",""L*1e"",""P*1c""],""scoreCp"":2161},{""move"":""6d7e"",""pvUsi"":[""6d7e"",""1f1g+"",""8f8e"",""6a5b"",""2g1g"",""7c7d"",""7e4h"",""1e1g+"",""1h1g"",""1a2b"",""P*2d"",""2c2d"",""5f5e"",""8d8e"",""P*8g"",""7b8b"",""8h9i"",""P*5g"",""4h5g"",""8e8f"",""L*8h""],""scoreCp"":1816}]}]"
hand-piece-rich,1n2g4/l1s3k1r/p1+B1gp1pn/Bp7/1PPp5/5P2l/PG1P+pS2N/LK2R3L/1NS1S4 b 2Pg5p 1,1000,2,2,256,3,3,1584.5,1440.4,1885.7,1001.667,519241.3,518383.2,1096.7,16.33,"{""ok"":3}",0,0,"[{""label"":""hand-piece-rich:mt1000-mpv2-t2-h256:warm1"",""candidates"":[{""move"":""7c5a"",""pvUsi"":[""7c5a"",""G*4b"",""5h3h"",""P*3d"",""9d7b+"",""5g4g"",""3h3f"",""5c5b"",""S*4a"",""3b2a"",""4a5b+""],""scoreCp"":2227},{""move"":""9d7b+"",""pvUsi"":[""9d7b+"",""8a7c"",""5h5g"",""B*3c"",""8h7h"",""P*5f"",""5g5f"",""P*5e"",""P*3d"",""5e5f"",""3d3c+"",""3b3c"",""7b7c"",""5a4b"",""7i6h"",""3c2d""],""scoreCp"":1528}]},{""label"":""hand-piece-rich:mt1000-mpv2-t2-h256:warm2"",""candidates"":[{""move"":""7c5a"",""pvUsi"":[""7c5a"",""5g5h"",""9d7b+"",""R*3i"",""P*3c"",""3b2a"",""S*3b"",""1b3b"",""3c3b+"",""3i3b+"",""7b8a"",""5h5i""],""scoreCp"":1953},{""move"":""9d7b+"",""pvUsi"":[""9d7b+"",""8a7c"",""5h5g"",""P*5f"",""5g5f"",""B*3c"",""8h7h"",""P*5e"",""P*3d"",""5e5f"",""3d3c+"",""3b3c"",""P*3d"",""3c3d"",""7b4e"",""3d3c"",""P*3d"",""3c3b""],""scoreCp"":1503}]},{""label"":""hand-piece-rich:mt1000-mpv2-t2-h256:warm3"",""candidates"":[{""move"":""7c5a"",""pvUsi"":[""7c5a"",""9c9d"",""P*3c"",""3b2b"",""G*3b"",""2b1a"",""P*2b"",""B*4d"",""8i7g"",""1b2b"",""3b2b"",""1a2b"",""5h5g"",""P*5b"",""R*3b""],""scoreCp"":2160},{""move"":""9d7b+"",""pvUsi"":[""9d7b+"",""8a7c"",""5h5g"",""P*5f"",""5g5f"",""P*5e"",""7b7c"",""5e5f"",""7c5a"",""B*3c"",""5a3c"",""3b3c"",""N*4e"",""3c2d"",""B*3c"",""2d3d"",""S*3f"",""R*2h"",""P*5h"",""B*4d"",""3c4d+"",""5c4d""],""scoreCp"":1453}]}]"
middlegame-120,1n2g4/+B1s1k3r/p+P2gp1pn/B8/2Pp2p2/1p2LP2l/PG1P+pS2N/LKR4PL/1NS1S1+p1g b 2P2p 1,1000,2,2,256,3,3,1439.533,1440.2,1445,1001.667,521426.7,520555.5,1100,16,"{""ok"":3}",0,0,"[{""label"":""middlegame-120:mt1000-mpv2-t2-h256:warm1"",""candidates"":[{""move"":""9d8e"",""pvUsi"":[""9d8e"",""5b4b"",""5f5c+"",""4b3c"",""8g8f"",""3c2d"",""8c7b"",""P*8g"",""8h8g"",""1c2e"",""S*2f"",""1f1g+"",""1h1g"",""1b1g+"",""2f1g"",""2e1g+"",""9b6e""],""scoreCp"":1777},{""move"":""8g8f"",""pvUsi"":[""8g8f"",""9c9d"",""P*5d"",""5c6c"",""8c7b"",""5g6g"",""5d5c+"",""6c5c"",""5f5c+"",""5b5c"",""9b6e"",""6g7h"",""7i7h"",""P*8g"",""8h8g"",""1f1g+""],""scoreCp"":1403}]},{""label"":""middlegame-120:mt1000-mpv2-t2-h256:warm2"",""candidates"":[{""move"":""9d8e"",""pvUsi"":[""9d8e"",""5b4b"",""5f5c+"",""4b3c"",""8g8f"",""8a7c"",""8c7b"",""P*7g"",""7h7g"",""7c8e"",""9b6e"",""8e7g+"",""8i7g"",""3c2d"",""6e4c"",""B*1a""],""scoreCp"":1903},{""move"":""8g8f"",""pvUsi"":[""8g8f"",""9c9d"",""8c7b"",""5g5f"",""4g5f"",""P*8e"",""8f8e"",""1i1h"",""P*3d"",""1h1g"",""7b8a"",""B*4d"",""P*5e""],""scoreCp"":1511}]},{""label"":""middlegame-120:mt1000-mpv2-t2-h256:warm3"",""candidates"":[{""move"":""9d8e"",""pvUsi"":[""9d8e"",""5b4b"",""5f5c+"",""4b3c"",""8g8f"",""P*7g"",""7h7g"",""3c2d"",""8c7b"",""1i1h"",""G*2f"",""1h1g"",""8e6c+"",""5g4g""],""scoreCp"":1845},{""move"":""8g8f"",""pvUsi"":[""8g8f"",""9c9d"",""8c7b"",""5g6g"",""9b7d"",""5b4b"",""5f5c+"",""4b5c"",""P*3d"",""6g7h"",""7i7h"",""1b7b""],""scoreCp"":1514}]}]"
middlegame-150,1+Bp6/4+Bgr1p/1P2L1kpn/p4p2n/2Pp2p2/1pG2P3/P2P1S2+l/LKRS+p2PL/1NS1S1+p1g b GN2p 1,1000,2,2,256,3,3,1557.067,1438.6,1822.7,1001.333,585641.7,584866.3,1093.3,10.67,"{""incomplete"":1,""ok"":2}",1,0,"[{""label"":""middlegame-150:mt1000-mpv2-t2-h256:warm1"",""candidates"":[]},{""label"":""middlegame-150:mt1000-mpv2-t2-h256:warm2"",""candidates"":[{""move"":""G*3d"",""pvUsi"":[""G*3d"",""3c2b"",""5b4b"",""3b3d"",""4b4c"",""G*8g"",""8h9i"",""8g9h"",""7h9h"",""L*3b"",""8a5d"",""1c2e"",""4c3d"",""3b3d"",""G*2d"",""B*3b"",""5d4d"",""2b3a""],""scoreCp"":4105},{""move"":""N*2f"",""pvUsi"":[""N*2f"",""1d2f"",""G*3d"",""3c2b"",""5b4b"",""8f8g+"",""8h8g"",""N*9e"",""8g8h"",""3b3d"",""8a5d"",""1c2e"",""G*3b"",""2b1c"",""1h1g"",""2e1g+"",""L*1e"",""L*1d""],""scoreCp"":1905}]},{""label"":""middlegame-150:mt1000-mpv2-t2-h256:warm3"",""candidates"":[{""move"":""G*3d"",""pvUsi"":[""G*3d"",""3c2b"",""8a5d"",""1c2e"",""5d4d"",""4b3c"",""3d3c"",""3b3c"",""7f8f"",""5h6h"",""5i6h"",""P*8g"",""8f8g"",""1i1h""],""scoreCp"":3416},{""move"":""8a5d"",""pvUsi"":[""8a5d"",""4b5b"",""5d3b"",""3c3b"",""5c5b+"",""5h6h"",""7f8f"",""6h7h"",""7i7h"",""B*5e"",""N*7g"",""3b4c"",""1h1g"",""P*8g"",""8f8g"",""5e7g+"",""8g7g""],""scoreCp"":1802}]}]"
mate-in-one,2p2+B2k/1+B3g2p/1P2L1Gpn/p1P2p3/3p2p2/lpG1NP3/P1KP+p3+l/LS1S2SP+n/1NR1S1+pg1 b RPp 1,1000,2,2,256,3,3,1919.933,2029.2,2291.9,1003.333,1216792.3,1212730.6,1093.3,50.33,"{""mate"":3}",0,0,"[{""label"":""mate-in-one:mt1000-mpv2-t2-h256:warm1"",""candidates"":[{""move"":""R*3a"",""pvUsi"":[""R*3a""],""scoreMate"":1},{""move"":""4a4b"",""pvUsi"":[""4a4b"",""5g6g"",""6h6g"",""8f8g+"",""8h8g"",""3i3h"",""G*2b""],""scoreMate"":7}]},{""label"":""mate-in-one:mt1000-mpv2-t2-h256:warm2"",""candidates"":[{""move"":""R*3a"",""pvUsi"":[""R*3a""],""scoreMate"":1},{""move"":""4a4b"",""pvUsi"":[""4a4b"",""8f8g+"",""8h8g"",""5g6g"",""6h6g"",""6e6f"",""G*2b""],""scoreMate"":7}]},{""label"":""mate-in-one:mt1000-mpv2-t2-h256:warm3"",""candidates"":[{""move"":""R*3a"",""pvUsi"":[""R*3a""],""scoreMate"":1},{""move"":""4a4b"",""pvUsi"":[""4a4b"",""5g6g"",""6h6g"",""8f8g+"",""8h8g"",""3i3h"",""G*2b""],""scoreMate"":7}]}]"
single-legal-move,2p5k/4Rg2p/1P2L1Gp1/p1P+B+Bp3/n2p2pnP/l1G2P3/P+pKP1+p2+l/LS1S2SP+n/1NR1S1+pg1 b P 1,1000,2,2,256,3,3,1836.033,1819.3,2256.8,1000.333,966692.3,966338.7,1086.7,0,"{""incomplete"":3}",3,0,"[{""label"":""single-legal-move:mt1000-mpv2-t2-h256:warm1"",""candidates"":[]},{""label"":""single-legal-move:mt1000-mpv2-t2-h256:warm2"",""candidates"":[]},{""label"":""single-legal-move:mt1000-mpv2-t2-h256:warm3"",""candidates"":[]}]"
sparse-endgame,l+P1+S5/+B1+B4sl/5r+N1n/l3p3p/2g1kS2P/2P3PG1/2S5L/+n1G4pK/P+p1G1R3 b 7Pn2p 1,1000,2,2,256,3,3,1651.333,1622.5,1938.9,1000.667,2307335,2305802.1,1080,226.67,"{""mate"":3}",0,0,"[{""label"":""sparse-endgame:mt1000-mpv2-t2-h256:warm1"",""candidates"":[{""move"":""7b5d"",""pvUsi"":[""7b5d""],""scoreMate"":1},{""move"":""4e5f"",""pvUsi"":[""4e5f"",""5e6d"",""4i4c+"",""N*4b"",""R*6c""],""scoreMate"":5}]},{""label"":""sparse-endgame:mt1000-mpv2-t2-h256:warm2"",""candidates"":[{""move"":""7b5d"",""pvUsi"":[""7b5d""],""scoreMate"":1},{""move"":""4e5f"",""pvUsi"":[""4e5f"",""5e6d"",""4i4c+"",""N*4b"",""7b7c""],""scoreMate"":5}]},{""label"":""sparse-endgame:mt1000-mpv2-t2-h256:warm3"",""candidates"":[{""move"":""7b5d"",""pvUsi"":[""7b5d""],""scoreMate"":1},{""move"":""4e5f"",""pvUsi"":[""4e5f"",""5e6d"",""4i4c+"",""N*4b"",""7b7c""],""scoreMate"":5}]}]"
initial-position,lnsgkgsnl/1r5b1/ppppppppp/9/9/9/PPPPPPPPP/1B5R1/LNSGKGSNL b - 1,1000,3,1,256,3,3,1755.967,1506.8,2361.6,1000,775694,775694,1036.7,21.67,"{""ok"":3}",0,0,"[{""label"":""initial-position:mt1000-mpv3-t1-h256:warm1"",""candidates"":[{""move"":""7g7f"",""pvUsi"":[""7g7f"",""8c8d"",""2g2f"",""8d8e"",""2f2e"",""4a3b"",""8h7g"",""3c3d"",""6g6f"",""2b3c"",""3i4h"",""3a4b"",""4i5h"",""1c1d"",""9g9f"",""9c9d"",""6i7h"",""4c4d"",""1g1f"",""7c7d"",""7i6h"",""6a5b"",""6h6g"",""4b4c"",""3g3f"",""8a7c"",""4g4f"",""7a6b"",""5i6h""],""scoreCp"":34},{""move"":""6i7h"",""pvUsi"":[""6i7h"",""8c8d"",""7g7f"",""8d8e"",""8h7g"",""3c3d"",""7i6h"",""4a3b"",""2g2f"",""4c4d"",""2f2e"",""2b3c"",""1g1f"",""9c9d"",""9g9f"",""1c1d"",""6g6f"",""3a4b"",""3i4h"",""6a5b"",""4i5h"",""4b4c"",""3g3f"",""7c7d""],""scoreCp"":31},{""move"":""2g2f"",""pvUsi"":[""2g2f"",""8c8d"",""2f2e"",""4a3b"",""7g7f"",""8d8e"",""8h7g"",""3c3d"",""6g6f"",""2b3c"",""3i4h"",""3a4b"",""4i5h"",""1c1d"",""9g9f"",""7c7d"",""6i7h"",""4c4d"",""7i6h"",""6a5b"",""1g1f"",""7a6b"",""6h6g"",""8a7c""],""scoreCp"":30}]},{""label"":""initial-position:mt1000-mpv3-t1-h256:warm2"",""candidates"":[{""move"":""7g7f"",""pvUsi"":[""7g7f"",""8c8d"",""2g2f"",""8d8e"",""2f2e"",""4a3b"",""8h7g"",""3c3d"",""6g6f"",""2b3c"",""3i4h"",""3a4b"",""4i5h"",""1c1d"",""9g9f"",""9c9d"",""6i7h"",""4c4d"",""1g1f"",""7c7d"",""7i6h"",""6a5b"",""6h6g"",""4b4c"",""3g3f"",""8a7c"",""4g4f"",""7a6b"",""5i6h""],""scoreCp"":34},{""move"":""6i7h"",""pvUsi"":[""6i7h"",""8c8d"",""7g7f"",""8d8e"",""8h7g"",""3c3d"",""7i6h"",""4a3b"",""2g2f"",""4c4d"",""2f2e"",""2b3c"",""1g1f"",""9c9d"",""9g9f"",""1c1d"",""6g6f"",""3a4b"",""3i4h"",""6a5b"",""4i5h"",""4b4c"",""3g3f"",""7c7d""],""scoreCp"":31},{""move"":""2g2f"",""pvUsi"":[""2g2f"",""8c8d"",""2f2e"",""4a3b"",""7g7f"",""8d8e"",""8h7g"",""3c3d"",""6g6f"",""2b3c"",""3i4h"",""3a4b"",""4i5h"",""1c1d"",""9g9f"",""7c7d"",""6i7h"",""4c4d"",""7i6h"",""6a5b"",""1g1f"",""7a6b"",""6h6g"",""8a7c""],""scoreCp"":30}]},{""label"":""initial-position:mt1000-mpv3-t1-h256:warm3"",""candidates"":[{""move"":""2g2f"",""pvUsi"":[""2g2f"",""8c8d"",""2f2e"",""4a3b"",""7g7f"",""8d8e"",""8h7g"",""3c3d"",""6g6f"",""2b3c"",""3i4h"",""3a4b"",""4i5h"",""6a5b"",""7i6h"",""4c4d"",""9g9f"",""1c1d"",""6i7h"",""9c9d"",""6h6g"",""4b4c"",""1g1f"",""7a6b""],""scoreCp"":30},{""move"":""7g7f"",""pvUsi"":[""7g7f"",""8c8d"",""2g2f"",""8d8e"",""2f2e"",""4a3b"",""8h7g"",""3c3d"",""6g6f"",""2b3c"",""3i4h"",""3a4b"",""4i5h"",""6a5b"",""7i6h"",""4c4d"",""9g9f"",""1c1d"",""6i7h"",""7c7d"",""3g3f"",""9c9d"",""4g4f""],""scoreCp"":27},{""move"":""7i6h"",""pvUsi"":[""7i6h"",""3c3d"",""6i7h"",""8c8d"",""2g2f"",""4a3b"",""5i6i"",""8d8e"",""2f2e"",""2b3c"",""3i4h"",""3a4b"",""5g5f"",""8e8f"",""8g8f"",""8b8f"",""4h5g"",""P*8g"",""8h7i"",""5c5d"",""4i5h""],""scoreCp"":-7}]}]"
quiet-no-mate,1n1g1ksn1/l1rsg2b1/p1pp1p+Bpl/1p2p4/8p/2P3P1P/PP1PPPSP1/3S4R/LNG1KG1NL b P 1,1000,3,1,256,3,3,1548.667,1465.4,1818.3,1001,633164,632531.5,1043.3,17.67,"{""ok"":3}",0,0,"[{""label"":""quiet-no-mate:mt1000-mpv3-t1-h256:warm1"",""candidates"":[{""move"":""3c2b"",""pvUsi"":[""3c2b"",""3a2b"",""1f1e"",""B*3c"",""B*7g"",""3c7g+"",""6h7g"",""B*8c"",""4i4h"",""7c7d"",""1e1d"",""7d7e"",""7f7e"",""1c1d"",""1h1d"",""P*1c"",""1d1e"",""8c4g+""],""scoreCp"":1576},{""move"":""3c2c"",""pvUsi"":[""3c2c"",""4a5a"",""1f1e"",""2b9i+"",""1e1d"",""3a2b"",""1d1c+"",""2b2c"",""1c2c"",""6b5c"",""1h1b+"",""2a3c"",""1b2a"",""5a6b"",""2c3c"",""7b7a"",""3c4c"",""5b4c"",""2a1b"",""L*4b""],""scoreCp"":1562},{""move"":""3c3d"",""pvUsi"":[""3c3d"",""2b9i+"",""1f1e"",""4a5a"",""1e1d"",""1c1d"",""P*1e"",""9i3c"",""3d3c"",""2a3c"",""1e1d"",""3c2e"",""B*1e"",""5b4b"",""1d1c+"",""P*1g"",""1h5h"",""B*7d"",""1c2c"",""7d4g+""],""scoreCp"":818}]},{""label"":""quiet-no-mate:mt1000-mpv3-t1-h256:warm2"",""candidates"":[{""move"":""3c2c"",""pvUsi"":[""3c2c"",""4a5a"",""2c2b"",""3a2b"",""1f1e"",""B*2c"",""2g2f"",""6b5c"",""1h2h"",""7b8b"",""2f2e"",""2a3c"",""4g4f""],""scoreCp"":1571},{""move"":""3c2b"",""pvUsi"":[""3c2b"",""3a2b"",""1f1e"",""B*3c"",""B*6f"",""6b5c"",""6f3c+"",""2a3c"",""1e1d"",""1c1d"",""1h1d"",""3c4e"",""3g4h"",""B*5e""],""scoreCp"":1558},{""move"":""3c3d"",""pvUsi"":[""3c3d"",""2b9i+"",""1f1e"",""9i2b"",""1e1d"",""1c1d"",""1h1d"",""L*1c"",""1d1c+"",""2a1c"",""P*1d"",""P*1b"",""1d1c+"",""1b1c"",""5i4h"",""6b5c"",""3d5f"",""7c7d""],""scoreCp"":853}]},{""label"":""quiet-no-mate:mt1000-mpv3-t1-h256:warm3"",""candidates"":[{""move"":""3c2b"",""pvUsi"":[""3c2b"",""3a2b"",""1f1e"",""B*3c"",""B*7g"",""3c7g+"",""6h7g"",""B*8c"",""4i4h"",""7c7d"",""1e1d"",""7d7e"",""7f7e"",""1c1d"",""1h1d"",""P*1c"",""1d1e"",""8c4g+""],""scoreCp"":1576},{""move"":""3c2c"",""pvUsi"":[""3c2c"",""4a5a"",""1f1e"",""2b9i+"",""1e1d"",""3a2b"",""1d1c+"",""2b2c"",""1c2c"",""6b5c"",""1h1b+"",""2a3c"",""1b2a"",""5a6b"",""2c3c"",""7b7a"",""3c4c"",""5b4c"",""2a1b"",""L*4b""],""scoreCp"":1562},{""move"":""3c3d"",""pvUsi"":[""3c3d"",""2b9i+"",""1f1e"",""4a5a"",""1e1d"",""1c1d"",""P*1e"",""9i3c"",""3d3c"",""2a3c"",""1e1d"",""3c2e"",""B*1e"",""5b4b"",""1d1c+"",""P*1g"",""1h5h"",""B*7d"",""1c2c"",""7d4g+""],""scoreCp"":818}]}]"
sente-middlegame,1nrg3n1/l2s2k2/p1p1gp1pl/1p1pp2s1/6P1p/b1P5P/PP1PPP1P1/L1KSRSG2/1NG4NL b BP 1,1000,3,1,256,3,3,1398.167,1409.4,1410.1,1001,571245.7,570675,1043.3,18,"{""ok"":3}",0,0,"[{""label"":""sente-middlegame:mt1000-mpv3-t1-h256:warm1"",""candidates"":[{""move"":""9g9f"",""pvUsi"":[""9g9f"",""8d8e"",""1f1e"",""1c1e"",""1i1e"",""2d1e"",""3e3d"",""7c7d"",""B*8b"",""7a7b"",""8b9a+"",""6a7a"",""B*8c"",""L*3e"",""8c7b+"",""3e3h+"",""L*3c"",""2a3c""],""scoreCp"":2081},{""move"":""1f1e"",""pvUsi"":[""1f1e"",""9f8e"",""1e1d"",""1c1d"",""1i1d"",""P*1c"",""P*1b"",""7c7d"",""3e3d"",""1c1d"",""1b1a+"",""7d7e"",""1a2a"",""7e7f"",""7h6i"",""L*7c"",""P*7h"",""6a5b"",""5g5f"",""4c4d"",""4h5i""],""scoreCp"":1221},{""move"":""3e3d"",""pvUsi"":[""3e3d"",""9f8e"",""1f1e"",""7c7d"",""1e1d"",""1c1d"",""1i1d"",""P*1c"",""P*1b"",""1c1d"",""1b1a+"",""7d7e"",""7h6i"",""8e7f"",""1a2a"",""7f8g+"",""7i7h"",""8g7h"",""6i7h"",""L*7f"",""L*7g""],""scoreCp"":1192}]},{""label"":""sente-middlegame:mt1000-mpv3-t1-h256:warm2"",""candidates"":[{""move"":""9g9f"",""pvUsi"":[""9g9f"",""8d8e"",""1f1e"",""1c1e"",""1i1e"",""2d1e"",""3e3d"",""7c7d"",""B*8b"",""7a7b"",""8b9a+"",""6a7a"",""B*8c"",""L*3e"",""8c7b+"",""3e3h+"",""L*3c"",""2a3c""],""scoreCp"":2081},{""move"":""1f1e"",""pvUsi"":[""1f1e"",""9f8e"",""1e1d"",""1c1d"",""1i1d"",""P*1c"",""P*1b"",""7c7d"",""3e3d"",""1c1d"",""1b1a+"",""7d7e"",""1a2a"",""7e7f"",""7h6i"",""L*7c"",""P*7h"",""6a5b"",""5g5f"",""4c4d"",""4h5i""],""scoreCp"":1221},{""move"":""3e3d"",""pvUsi"":[""3e3d"",""9f8e"",""1f1e"",""7c7d"",""1e1d"",""1c1d"",""1i1d"",""P*1c"",""P*1b"",""1c1d"",""1b1a+"",""7d7e"",""7h6i"",""8e7f"",""1a2a"",""7f8g+"",""7i7h"",""8g7h"",""6i7h"",""L*7f"",""L*7g""],""scoreCp"":1192}]},{""label"":""sente-middlegame:mt1000-mpv3-t1-h256:warm3"",""candidates"":[{""move"":""9g9f"",""pvUsi"":[""9g9f"",""8d8e"",""1f1e"",""1c1e"",""1i1e"",""2d1e"",""3e3d"",""7c7d"",""B*8b"",""7a7b"",""8b9a+"",""6a7a"",""B*8c"",""L*3e"",""8c7b+"",""3e3h+"",""L*3c"",""2a3c""],""scoreCp"":2081},{""move"":""1f1e"",""pvUsi"":[""1f1e"",""9f8e"",""1e1d"",""1c1d"",""1i1d"",""P*1c"",""P*1b"",""7c7d"",""3e3d"",""1c1d"",""1b1a+"",""7d7e"",""1a2a"",""7e7f"",""7h6i"",""L*7c"",""P*7h"",""6a5b"",""5g5f"",""4c4d"",""4h5i""],""scoreCp"":1221},{""move"":""3e3d"",""pvUsi"":[""3e3d"",""9f8e"",""1f1e"",""7c7d"",""1e1d"",""1c1d"",""1i1d"",""P*1c"",""P*1b"",""1c1d"",""1b1a+"",""7d7e"",""7h6i"",""8e7f"",""1a2a"",""7f8g+"",""7i7h"",""8g7h"",""6i7h"",""L*7f"",""L*7g""],""scoreCp"":1192}]}]"
gote-middlegame,1nrgB2n1/l2s2k2/p1p1gp1pl/1p1pp2s1/6P1p/b1P5P/PP1PPP1P1/L1KSRSG2/1NG4NL w P 1,1000,3,1,256,3,3,1412.2,1403.3,1475.2,1000,598998.3,598998.3,1040,17,"{""ok"":3}",0,0,"[{""label"":""gote-middlegame:mt1000-mpv3-t1-h256:warm1"",""candidates"":[{""move"":""9f8g+"",""pvUsi"":[""9f8g+"",""7h8g"",""6a5a"",""B*8b"",""7a6a"",""8b9a+"",""1e1f"",""9a9b"",""1f1g+"",""2i1g"",""P*1f"",""1g2e"",""2d2e"",""9b8c"",""6a7a"",""2g2f"",""2e2f""],""scoreCp"":173},{""move"":""9f8e"",""pvUsi"":[""9f8e"",""5a2d+"",""2c2d"",""1f1e"",""7c7d"",""1e1d"",""1c1d"",""1i1d"",""7d7e"",""1d1b+"",""B*4i"",""4h5i"",""4i5h+"",""5i5h"",""R*1h"",""S*8b"",""7a7d"",""L*3i"",""1h1b+"",""B*8c"",""7e7f"",""8c6a+"",""L*7g"",""7h6i"",""7g7i+"",""6h7i""],""scoreCp"":265},{""move"":""9f6c"",""pvUsi"":[""9f6c"",""5a2d+"",""2c2d"",""1f1e"",""7c7d"",""1e1d"",""1c1d"",""1i1d"",""B*4i"",""4h5i"",""4i5h+"",""5i5h"",""R*1h"",""5h4i"",""1h1d+"",""S*8b"",""7a7b"",""8b8a"",""7b8b"",""8a9b"",""8b9b"",""N*4e"",""5c4d"",""4g4f""],""scoreCp"":328}]},{""label"":""gote-middlegame:mt1000-mpv3-t1-h256:warm2"",""candidates"":[{""move"":""9f8g+"",""pvUsi"":[""9f8g+"",""7h8g"",""6a5a"",""4h3g"",""1e1f"",""B*8b"",""1f1g+"",""2i1g"",""1c1g+"",""1i1g"",""N*9e"",""8g7h""],""scoreCp"":152},{""move"":""9f8e"",""pvUsi"":[""9f8e"",""5a2d+"",""2c2d"",""1f1e"",""7c7d"",""1e1d"",""1c1d"",""1i1d"",""7d7e"",""1d1b+"",""B*4i"",""4h5i"",""4i5h+"",""5i5h"",""R*1h"",""S*8b"",""7a7d"",""L*3i"",""1h1b+"",""B*8c"",""7e7f"",""8c6a+"",""L*7g"",""7h6i"",""7g7i+"",""6h7i""],""scoreCp"":265},{""move"":""9f6c"",""pvUsi"":[""9f6c"",""5a2d+"",""2c2d"",""1f1e"",""7c7d"",""1e1d"",""1c1d"",""1i1d"",""B*4i"",""4h5i"",""4i5h+"",""5i5h"",""R*1h"",""5h4i"",""1h1d+"",""S*8b"",""7a7b"",""8b8a"",""7b8b"",""8a9b"",""8b9b"",""N*4e"",""5c4d"",""4g4f""],""scoreCp"":328}]},{""label"":""gote-middlegame:mt1000-mpv3-t1-h256:warm3"",""candidates"":[{""move"":""9f8g+"",""pvUsi"":[""9f8g+"",""7h8g"",""6a5a"",""4h3g"",""1e1f"",""B*8b"",""1f1g+"",""2i1g"",""1c1g+"",""1i1g"",""N*9e"",""8g7h""],""scoreCp"":152},{""move"":""9f8e"",""pvUsi"":[""9f8e"",""5a2d+"",""2c2d"",""1f1e"",""7c7d"",""1e1d"",""1c1d"",""1i1d"",""7d7e"",""1d1b+"",""B*4i"",""4h5i"",""4i5h+"",""5i5h"",""R*1h"",""S*8b"",""7a7d"",""L*3i"",""1h1b+"",""B*8c"",""7e7f"",""8c6a+"",""L*7g"",""7h6i"",""7g7i+"",""6h7i""],""scoreCp"":265},{""move"":""9f6c"",""pvUsi"":[""9f6c"",""5a2d+"",""2c2d"",""1f1e"",""7c7d"",""1e1d"",""1c1d"",""1i1d"",""B*4i"",""4h5i"",""4i5h+"",""5i5h"",""R*1h"",""5h4i"",""1h1d+"",""S*8b"",""7a7b"",""8b8a"",""7b8b"",""8a9b"",""8b9b"",""N*4e"",""5c4d"",""4g4f""],""scoreCp"":328}]}]"
middlegame-60,1nr1g1kn1/l2sb4/p1p1gpppl/1p2p4/3p2P2/1PP2+B1sp/P1KPPP2P/L1G1RSG2/1N2S2NL b p 1,1000,3,1,256,3,3,1398.5,1373.4,1476.1,1000.667,621207.7,620803.3,1036.7,17,"{""ok"":3}",0,0,"[{""label"":""middlegame-60:mt1000-mpv3-t1-h256:warm1"",""candidates"":[{""move"":""3h3g"",""pvUsi"":[""3h3g"",""2f1g+"",""2i1g"",""1f1g+"",""3e3d"",""3c3d"",""5g5f"",""5a4b"",""5f5e"",""5d5e"",""4f5e"",""P*5d"",""5e1a"",""4b3b"",""3g4f""],""scoreCp"":816},{""move"":""1g1f"",""pvUsi"":[""1g1f"",""5c4d"",""4f6d"",""3a3b"",""1f1e"",""1c1e"",""P*1f"",""6b6c"",""6d2h"",""7a6a"",""1f1e"",""6c6d"",""4h3g"",""2f3e"",""1e1d"",""P*1b"",""3g4f"",""3e2d"",""5g5f"",""7c7d"",""7g6h"",""7d7e""],""scoreCp"":715},{""move"":""4h3g"",""pvUsi"":[""4h3g"",""2f1g+"",""3e3d"",""3c3d"",""5g5f"",""5a4b"",""5f5e"",""5d5e"",""5h5e"",""5c4d"",""5e6e"",""5b6c"",""2i1g"",""1f1g+"",""P*1b"",""3a2b"",""1b1a+""],""scoreCp"":692}]},{""label"":""middlegame-60:mt1000-mpv3-t1-h256:warm2"",""candidates"":[{""move"":""3h3g"",""pvUsi"":[""3h3g"",""2f1g+"",""2i1g"",""1f1g+"",""3e3d"",""3c3d"",""5g5f"",""5a4b"",""5f5e"",""5d5e"",""4f5e"",""P*5d"",""5e1a"",""4b3b"",""3g4f""],""scoreCp"":816},{""move"":""1g1f"",""pvUsi"":[""1g1f"",""5c4d"",""4f6d"",""3a3b"",""1f1e"",""1c1e"",""P*1f"",""6b6c"",""6d2h"",""7a6a"",""1f1e"",""6c6d"",""4h3g"",""2f3e"",""1e1d"",""P*1b"",""3g4f"",""3e2d"",""5g5f"",""7c7d"",""7g6h"",""7d7e""],""scoreCp"":715},{""move"":""4h3g"",""pvUsi"":[""4h3g"",""2f1g+"",""3e3d"",""3c3d"",""5g5f"",""5a4b"",""5f5e"",""5d5e"",""5h5e"",""5c4d"",""5e6e"",""5b6c"",""2i1g"",""1f1g+"",""P*1b"",""3a2b"",""1b1a+""],""scoreCp"":692}]},{""label"":""middlegame-60:mt1000-mpv3-t1-h256:warm3"",""candidates"":[{""move"":""3h3g"",""pvUsi"":[""3h3g"",""2f1g+"",""2i1g"",""1f1g+"",""3e3d"",""3c3d"",""5g5f"",""5a4b"",""5f5e"",""5d5e"",""4f5e"",""P*5d"",""5e1a"",""4b3b"",""3g4f""],""scoreCp"":816},{""move"":""1g1f"",""pvUsi"":[""1g1f"",""5c4d"",""4f6d"",""3a3b"",""1f1e"",""1c1e"",""P*1f"",""6b6c"",""6d2h"",""7a6a"",""1f1e"",""6c6d"",""4h3g"",""2f3e"",""1e1d"",""P*1b"",""3g4f"",""3e2d"",""5g5f"",""7c7d"",""7g6h"",""7d7e""],""scoreCp"":715},{""move"":""4h3g"",""pvUsi"":[""4h3g"",""2f1g+"",""3e3d"",""3c3d"",""5g5f"",""5a4b"",""5f5e"",""5d5e"",""5h5e"",""5c4d"",""5e6e"",""5b6c"",""2i1g"",""1f1g+"",""P*1b"",""3a2b"",""1b1a+""],""scoreCp"":692}]}]"
middlegame-80,1nsg3nk/l1r6/p1p1gppp1/1p1+B5/1b1pp1P1l/1PP1PP2p/P2P3GN/LKG1R1S1L/1NS1S4 b 2p 1,1000,3,1,256,3,3,1443.733,1473.7,1484.8,1000.667,608476.7,608068.4,1040,17,"{""ok"":3}",0,0,"[{""label"":""middlegame-80:mt1000-mpv3-t1-h256:warm1"",""candidates"":[{""move"":""6d5c"",""pvUsi"":[""6d5c"",""8e7f"",""G*7g"",""1f1g+"",""7g7f"",""1g1h"",""5f5e"",""L*7d"",""P*7e"",""1a1b"",""5c4c"",""P*5g"",""5h5g""],""scoreCp"":2128},{""move"":""6d7e"",""pvUsi"":[""6d7e"",""6a5b"",""8f8e"",""1f1g+"",""2g1g"",""1a2b"",""5f5e"",""7c7d"",""7e4h"",""1e1g+"",""1h1g"",""8d8e"",""3e3d"",""8e8f"",""3d3c+"",""2b3c""],""scoreCp"":1820},{""move"":""6d5e"",""pvUsi"":[""6d5e"",""1f1g+"",""8f8e"",""1g1h"",""8h9i"",""5c4d"",""5e7g"",""8d8e"",""2g2f"",""1e1g+"",""5f5e"",""1a1b"",""5e5d"",""1h2h""],""scoreCp"":1677}]},{""label"":""middlegame-80:mt1000-mpv3-t1-h256:warm2"",""candidates"":[{""move"":""6d5c"",""pvUsi"":[""6d5c"",""8e7f"",""G*7g"",""1f1g+"",""7g7f"",""1g1h"",""5f5e"",""L*7d"",""P*7e"",""1a1b"",""5c4c"",""P*5g"",""5h5g""],""scoreCp"":2128},{""move"":""6d7e"",""pvUsi"":[""6d7e"",""6a5b"",""8f8e"",""1f1g+"",""2g1g"",""1a2b"",""5f5e"",""7c7d"",""7e4h"",""1e1g+"",""1h1g"",""8d8e"",""3e3d"",""8e8f"",""3d3c+"",""2b3c""],""scoreCp"":1820},{""move"":""6d5e"",""pvUsi"":[""6d5e"",""1f1g+"",""8f8e"",""1g1h"",""8h9i"",""5c4d"",""5e7g"",""8d8e"",""2g2f"",""1e1g+"",""5f5e"",""1a1b"",""5e5d"",""1h2h""],""scoreCp"":1677}]},{""label"":""middlegame-80:mt1000-mpv3-t1-h256:warm3"",""candidates"":[{""move"":""6d5c"",""pvUsi"":[""6d5c"",""8e7f"",""G*7g"",""1f1g+"",""7g7f"",""1g1h"",""5f5e"",""L*7d"",""P*7e"",""1a1b"",""5c4c"",""P*5g"",""5h5g""],""scoreCp"":2128},{""move"":""6d7e"",""pvUsi"":[""6d7e"",""6a5b"",""8f8e"",""1f1g+"",""2g1g"",""1a2b"",""5f5e"",""7c7d"",""7e4h"",""1e1g+"",""1h1g"",""8d8e"",""3e3d"",""8e8f"",""3d3c+"",""2b3c""],""scoreCp"":1820},{""move"":""6d5e"",""pvUsi"":[""6d5e"",""1f1g+"",""8f8e"",""1g1h"",""8h9i"",""5c4d"",""5e7g"",""8d8e"",""2g2f"",""1e1g+"",""5f5e"",""1a1b"",""5e5d"",""1h2h""],""scoreCp"":1677}]}]"
hand-piece-rich,1n2g4/l1s3k1r/p1+B1gp1pn/Bp7/1PPp5/5P2l/PG1P+pS2N/LK2R3L/1NS1S4 b 2Pg5p 1,1000,3,1,256,3,3,1374.3,1377.1,1377.3,1001,563862.7,563305.1,1040,17,"{""ok"":3}",0,0,"[{""label"":""hand-piece-rich:mt1000-mpv3-t1-h256:warm1"",""candidates"":[{""move"":""7c5a"",""pvUsi"":[""7c5a"",""G*4b"",""9d7b+"",""5g5h"",""5i5h"",""P*3c"",""P*1d"",""5c5b"",""1d1c+"",""5b5a"",""1c1b"",""B*4d"",""N*7g""],""scoreCp"":2100},{""move"":""9d7b+"",""pvUsi"":[""9d7b+"",""8a7c"",""5h5g"",""P*5f"",""5g5f"",""P*5e"",""5f5h"",""7c8e"",""P*3c"",""3b4a"",""P*5d"",""1b7b"",""5d5c+"",""5a4b"",""5c4b"",""4a4b"",""G*3b"",""4b5b"",""5h5e"",""P*5d"",""5e5d"",""5b6a""],""scoreCp"":1567},{""move"":""P*3c"",""pvUsi"":[""P*3c"",""3b4a"",""9d7b+"",""8a7c"",""5h5g"",""1b7b"",""5g5c+"",""G*4b"",""G*3b"",""4b3b"",""3c3b+"",""7b3b"",""S*2a"",""B*2b"",""8h7h"",""P*7g"",""8i7g"",""3b3g+""],""scoreCp"":1317}]},{""label"":""hand-piece-rich:mt1000-mpv3-t1-h256:warm2"",""candidates"":[{""move"":""7c5a"",""pvUsi"":[""7c5a"",""G*4b"",""9d7b+"",""5g5h"",""5i5h"",""P*3c"",""P*1d"",""5c5b"",""1d1c+"",""5b5a"",""1c1b"",""B*4d"",""N*7g""],""scoreCp"":2100},{""move"":""9d7b+"",""pvUsi"":[""9d7b+"",""8a7c"",""5h5g"",""P*5f"",""5g5f"",""P*5e"",""5f5h"",""7c8e"",""P*3c"",""3b4a"",""P*5d"",""1b7b"",""5d5c+"",""5a4b"",""5c4b"",""4a4b"",""G*3b"",""4b5b"",""5h5e"",""P*5d"",""5e5d"",""5b6a""],""scoreCp"":1567},{""move"":""P*3c"",""pvUsi"":[""P*3c"",""3b4a"",""9d7b+"",""8a7c"",""5h5g"",""1b7b"",""5g5c+"",""G*4b"",""G*3b"",""4b3b"",""3c3b+"",""7b3b"",""S*2a"",""B*2b"",""8h7h"",""P*7g"",""8i7g"",""3b3g+""],""scoreCp"":1317}]},{""label"":""hand-piece-rich:mt1000-mpv3-t1-h256:warm3"",""candidates"":[{""move"":""7c5a"",""pvUsi"":[""7c5a"",""G*4b"",""9d7b+"",""5g5h"",""5i5h"",""P*3c"",""P*1d"",""5c5b"",""1d1c+"",""5b5a"",""1c1b"",""B*4d"",""N*7g""],""scoreCp"":2100},{""move"":""9d7b+"",""pvUsi"":[""9d7b+"",""8a7c"",""5h5g"",""P*5f"",""5g5f"",""P*5e"",""5f5h"",""7c8e"",""P*3c"",""3b4a"",""P*5d"",""1b7b"",""5d5c+"",""5a4b"",""5c4b"",""4a4b"",""G*3b"",""4b5b"",""5h5e"",""P*5d"",""5e5d"",""5b6a""],""scoreCp"":1567},{""move"":""P*3c"",""pvUsi"":[""P*3c"",""3b4a"",""9d7b+"",""8a7c"",""5h5g"",""1b7b"",""5g5c+"",""G*4b"",""G*3b"",""4b3b"",""3c3b+"",""7b3b"",""S*2a"",""B*2b"",""8h7h"",""P*7g"",""8i7g"",""3b3g+""],""scoreCp"":1317}]}]"
middlegame-120,1n2g4/+B1s1k3r/p+P2gp1pn/B8/2Pp2p2/1p2LP2l/PG1P+pS2N/LKR4PL/1NS1S1+p1g b 2P2p 1,1000,3,1,256,3,3,1477.533,1476.7,1482.3,1001.333,563909.3,563149.7,1043.3,16,"{""ok"":3}",0,0,"[{""label"":""middlegame-120:mt1000-mpv3-t1-h256:warm1"",""candidates"":[{""move"":""9d8e"",""pvUsi"":[""9d8e"",""5b4b"",""5f5c+"",""4b3c"",""8g8f"",""3c2d"",""8c7b"",""1i1h"",""S*2f"",""P*1d"",""8e6c+"",""1h1g"",""6c4e"",""P*8g"",""8h8g""],""scoreCp"":1912},{""move"":""5f5c"",""pvUsi"":[""5f5c"",""5b5c"",""8g8f"",""9c9d"",""8c7b"",""P*8e"",""8f7f"",""5g6g"",""9b6e"",""P*5d"",""P*5e"",""5c4b"",""P*3d"",""4b3a"",""3d3c+""],""scoreCp"":1516},{""move"":""8g8f"",""pvUsi"":[""8g8f"",""9c9d"",""5f5c"",""5b5c"",""8c7b"",""5g6g"",""9b6e"",""6g7h"",""7i7h"",""P*8g"",""6e8g"",""5c4d"",""S*4e"",""4d3c"",""G*3d"",""3c2b"",""8g4c""],""scoreCp"":1504}]},{""label"":""middlegame-120:mt1000-mpv3-t1-h256:warm2"",""candidates"":[{""move"":""9d8e"",""pvUsi"":[""9d8e"",""5b4b"",""5f5c+"",""4b3c"",""8g8f"",""3c2d"",""8c7b"",""1i1h"",""S*2f"",""P*1d"",""8e6c+"",""1h1g"",""6c4e"",""P*8g"",""8h8g""],""scoreCp"":1912},{""move"":""5f5c"",""pvUsi"":[""5f5c"",""5b5c"",""8g8f"",""9c9d"",""8c7b"",""P*8e"",""8f7f"",""5g6g"",""9b6e"",""P*5d"",""P*5e"",""5c4b"",""P*3d"",""4b3a"",""3d3c+""],""scoreCp"":1516},{""move"":""8g8f"",""pvUsi"":[""8g8f"",""9c9d"",""5f5c"",""5b5c"",""8c7b"",""5g6g"",""9b6e"",""6g7h"",""7i7h"",""P*8g"",""6e8g"",""5c4d"",""S*4e"",""4d3c"",""G*3d"",""3c2b"",""8g4c""],""scoreCp"":1504}]},{""label"":""middlegame-120:mt1000-mpv3-t1-h256:warm3"",""candidates"":[{""move"":""9d8e"",""pvUsi"":[""9d8e"",""5b4b"",""5f5c+"",""4b3c"",""8g8f"",""3c2d"",""8c7b"",""1i1h"",""S*2f"",""P*1d"",""8e6c+"",""1h1g"",""6c4e"",""P*8g"",""8h8g""],""scoreCp"":1912},{""move"":""5f5c"",""pvUsi"":[""5f5c"",""5b5c"",""8g8f"",""9c9d"",""8c7b"",""P*8e"",""8f7f"",""5g6g"",""9b6e"",""P*5d"",""P*5e"",""5c4b"",""P*3d"",""4b3a"",""3d3c+""],""scoreCp"":1516},{""move"":""8g8f"",""pvUsi"":[""8g8f"",""9c9d"",""5f5c"",""5b5c"",""8c7b"",""5g6g"",""9b6e"",""6g7h"",""7i7h"",""P*8g"",""6e8g"",""5c4d"",""S*4e"",""4d3c"",""G*3d"",""3c2b"",""8g4c""],""scoreCp"":1504}]}]"
middlegame-150,1+Bp6/4+Bgr1p/1P2L1kpn/p4p2n/2Pp2p2/1pG2P3/P2P1S2+l/LKRS+p2PL/1NS1S1+p1g b GN2p 1,1000,3,1,256,3,3,1420.4,1397,1490.9,1000,622971,622950.1,1036.7,11.33,"{""ok"":2,""incomplete"":1}",1,0,"[{""label"":""middlegame-150:mt1000-mpv3-t1-h256:warm1"",""candidates"":[{""move"":""G*3d"",""pvUsi"":[""G*3d"",""3c2b"",""5b4b"",""3b4b"",""8a5d"",""B*5e"",""5d5e"",""8f8g+"",""8h8g"",""2b3a"",""B*3c"",""P*5b"",""3c4b+"",""3a4b"",""R*2a"",""P*8f"",""7f8f"",""5b5c""],""scoreCp"":4918},{""move"":""N*2f"",""pvUsi"":[""N*2f"",""4b5b"",""G*3d"",""3c4b"",""5c5b+"",""4b5b"",""7f8f"",""5h6h"",""7h6h"",""P*8g"",""8f8g"",""1d2f"",""G*4c"",""5b6b"",""4c3b""],""scoreCp"":1876},{""move"":""N*4e"",""pvUsi"":[""N*4e"",""4d4e"",""G*3d"",""3c2b"",""5b4b"",""8f8g+"",""8h8g"",""N*9e"",""8g7g"",""3b4b"",""G*3c"",""2b1a"",""3c4b""],""scoreCp"":1771}]},{""label"":""middlegame-150:mt1000-mpv3-t1-h256:warm2"",""candidates"":[]},{""label"":""middlegame-150:mt1000-mpv3-t1-h256:warm3"",""candidates"":[{""move"":""G*3d"",""pvUsi"":[""G*3d"",""3c2b"",""5b4b"",""3b4b"",""8a5d"",""B*5e"",""5d5e"",""8f8g+"",""8h8g"",""2b3a"",""B*3c"",""P*5b"",""3c4b+"",""3a4b"",""R*2a"",""P*8f"",""7f8f"",""5b5c""],""scoreCp"":4918},{""move"":""N*2f"",""pvUsi"":[""N*2f"",""4b5b"",""G*3d"",""3c4b"",""5c5b+"",""4b5b"",""7f8f"",""5h6h"",""7h6h"",""P*8g"",""8f8g"",""1d2f"",""G*4c"",""5b6b"",""4c3b""],""scoreCp"":1876},{""move"":""N*4e"",""pvUsi"":[""N*4e"",""4d4e"",""G*3d"",""3c2b"",""5b4b"",""8f8g+"",""8h8g"",""N*9e"",""8g7g"",""3b4b"",""G*3c"",""2b1a"",""3c4b""],""scoreCp"":1771}]}]"
mate-in-one,2p2+B2k/1+B3g2p/1P2L1Gpn/p1P2p3/3p2p2/lpG1NP3/P1KP+p3+l/LS1S2SP+n/1NR1S1+pg1 b RPp 1,1000,3,1,256,3,3,1399,1374.2,1468.2,1000,1278214,1278214,1043.3,50.67,"{""mate"":3}",0,0,"[{""label"":""mate-in-one:mt1000-mpv3-t1-h256:warm1"",""candidates"":[{""move"":""R*3a"",""pvUsi"":[""R*3a""],""scoreMate"":1},{""move"":""4a3a"",""pvUsi"":[""4a3a"",""5g6g"",""6h6g"",""8f8g+"",""8h8g"",""4b3c"",""R*2a""],""scoreMate"":7},{""move"":""4a4b"",""pvUsi"":[""4a4b"",""8f8g+"",""7g8g"",""9f9g+"",""8g9g"",""P*8f"",""G*2b""],""scoreMate"":7}]},{""label"":""mate-in-one:mt1000-mpv3-t1-h256:warm2"",""candidates"":[{""move"":""R*3a"",""pvUsi"":[""R*3a""],""scoreMate"":1},{""move"":""4a3a"",""pvUsi"":[""4a3a"",""5g6g"",""6h6g"",""8f8g+"",""8h8g"",""4b3c"",""R*2a""],""scoreMate"":7},{""move"":""4a4b"",""pvUsi"":[""4a4b"",""8f8g+"",""7g8g"",""9f9g+"",""8g9g"",""P*8f"",""G*2b""],""scoreMate"":7}]},{""label"":""mate-in-one:mt1000-mpv3-t1-h256:warm3"",""candidates"":[{""move"":""R*3a"",""pvUsi"":[""R*3a""],""scoreMate"":1},{""move"":""4a3a"",""pvUsi"":[""4a3a"",""5g6g"",""6h6g"",""8f8g+"",""8h8g"",""4b3c"",""R*2a""],""scoreMate"":7},{""move"":""4a4b"",""pvUsi"":[""4a4b"",""8f8g+"",""7g8g"",""9f9g+"",""8g9g"",""P*8f"",""G*2b""],""scoreMate"":7}]}]"
single-legal-move,2p5k/4Rg2p/1P2L1Gp1/p1P+B+Bp3/n2p2pnP/l1G2P3/P+pKP1+p2+l/LS1S2SP+n/1NR1S1+pg1 b P 1,1000,3,1,256,3,3,1367.6,1374.3,1374.9,999.333,1030077,1030763.5,1036.7,0,"{""incomplete"":3}",3,0,"[{""label"":""single-legal-move:mt1000-mpv3-t1-h256:warm1"",""candidates"":[]},{""label"":""single-legal-move:mt1000-mpv3-t1-h256:warm2"",""candidates"":[]},{""label"":""single-legal-move:mt1000-mpv3-t1-h256:warm3"",""candidates"":[]}]"
sparse-endgame,l+P1+S5/+B1+B4sl/5r+N1n/l3p3p/2g1kS2P/2P3PG1/2S5L/+n1G4pK/P+p1G1R3 b 7Pn2p 1,1000,3,1,256,3,3,1505.067,1382,1751.2,1000,2203967.7,2203967.7,1040,181.67,"{""mate"":3}",0,0,"[{""label"":""sparse-endgame:mt1000-mpv3-t1-h256:warm1"",""candidates"":[{""move"":""7b5d"",""pvUsi"":[""7b5d""],""scoreMate"":1},{""move"":""4e5f"",""pvUsi"":[""4e5f"",""5e6d"",""4i4c+"",""7e7f"",""R*6e""],""scoreMate"":5},{""move"":""3c4c"",""pvUsi"":[""3c4c"",""5e6d"",""R*6c"",""6d5e"",""9b5f""],""scoreMate"":5}]},{""label"":""sparse-endgame:mt1000-mpv3-t1-h256:warm2"",""candidates"":[{""move"":""7b5d"",""pvUsi"":[""7b5d""],""scoreMate"":1},{""move"":""4e5f"",""pvUsi"":[""4e5f"",""5e6d"",""4i4c+"",""7e7f"",""R*6e""],""scoreMate"":5},{""move"":""3c4c"",""pvUsi"":[""3c4c"",""5e6d"",""R*6c"",""6d5e"",""9b5f""],""scoreMate"":5}]},{""label"":""sparse-endgame:mt1000-mpv3-t1-h256:warm3"",""candidates"":[{""move"":""7b5d"",""pvUsi"":[""7b5d""],""scoreMate"":1},{""move"":""4e5f"",""pvUsi"":[""4e5f"",""5e6d"",""4i4c+"",""7e7f"",""R*6e""],""scoreMate"":5},{""move"":""3c4c"",""pvUsi"":[""3c4c"",""5e6d"",""R*6c"",""6d5e"",""9b5f""],""scoreMate"":5}]}]"
initial-position,lnsgkgsnl/1r5b1/ppppppppp/9/9/9/PPPPPPPPP/1B5R1/LNSGKGSNL b - 1,1000,3,2,256,3,3,1501.133,1523.6,1531.5,1000.667,776466.7,775941.1,1083.3,17.33,"{""ok"":3}",0,0,"[{""label"":""initial-position:mt1000-mpv3-t2-h256:warm1"",""candidates"":[{""move"":""2g2f"",""pvUsi"":[""2g2f"",""8c8d"",""2f2e"",""8d8e"",""7g7f"",""3c3d"",""6i7h"",""4a3b"",""2e2d"",""2c2d"",""2h2d"",""8e8f"",""8g8f"",""8b8f"",""2d3d"",""2b3c"",""5i5h""],""scoreCp"":78},{""move"":""7g7f"",""pvUsi"":[""7g7f"",""3c3d"",""2g2f"",""8c8d"",""2f2e"",""8d8e"",""6i7h"",""4a3b"",""2e2d"",""2c2d"",""2h2d"",""8e8f"",""8g8f"",""8b8f"",""2d3d"",""2b3c"",""3d3f"",""7a7b"",""5i6h""],""scoreCp"":51},{""move"":""6i7h"",""pvUsi"":[""6i7h"",""3c3d"",""2g2f"",""4c4d"",""2f2e"",""2b3c"",""7g7f"",""4a3b"",""9g9f"",""8c8d"",""8h7g"",""8d8e"",""4i5h""],""scoreCp"":40}]},{""label"":""initial-position:mt1000-mpv3-t2-h256:warm2"",""candidates"":[{""move"":""2g2f"",""pvUsi"":[""2g2f"",""8c8d"",""7g7f"",""8d8e"",""2f2e"",""3c3d"",""6i7h"",""4a3b"",""5i6h"",""8e8f"",""8g8f"",""8b8f"",""2e2d"",""2c2d"",""2h2d"",""7a7b"",""3i3h"",""5a4b"",""1g1f""],""scoreCp"":52},{""move"":""6i7h"",""pvUsi"":[""6i7h"",""8c8d"",""2g2f"",""8d8e"",""2f2e"",""4a3b"",""3i3h"",""7a7b"",""1g1f"",""1c1d"",""9g9f"",""8e8f"",""8g8f"",""8b8f"",""P*8g"",""8f8d"",""7g7f"",""3c3d"",""6g6f""],""scoreCp"":30},{""move"":""7g7f"",""pvUsi"":[""7g7f"",""3c3d"",""6g6f"",""6c6d"",""2g2f"",""7a6b"",""6i7h"",""6b6c"",""2f2e"",""2b3c"",""7i6h"",""6c5d"",""3i4h"",""6a5b"",""5g5f"",""5a4b"",""4h5g""],""scoreCp"":21}]},{""label"":""initial-position:mt1000-mpv3-t2-h256:warm3"",""candidates"":[{""move"":""2g2f"",""pvUsi"":[""2g2f"",""8c8d"",""2f2e"",""4a3b"",""6i7h"",""8d8e"",""5i6h"",""1c1d"",""3i3h"",""9c9d"",""7g7f"",""8e8f"",""8g8f"",""8b8f"",""3g3f"",""5a5b"",""2e2d"",""2c2d"",""2h2d"",""P*2c""],""scoreCp"":75},{""move"":""6i7h"",""pvUsi"":[""6i7h"",""3c3d"",""7g7f"",""4c4d"",""9g9f"",""8c8d"",""7i6h"",""8d8e"",""6h7g"",""4a3b""],""scoreCp"":71},{""move"":""7g7f"",""pvUsi"":[""7g7f"",""8c8d"",""7i7h"",""8d8e"",""7h7g"",""3a4b"",""2g2f"",""3c3d"",""2f2e"",""4b3c"",""4i5h"",""4a3b"",""6i7h"",""6a5b"",""5g5f"",""7a6b""],""scoreCp"":36}]}]"
quiet-no-mate,1n1g1ksn1/l1rsg2b1/p1pp1p+Bpl/1p2p4/8p/2P3P1P/PP1PPPSP1/3S4R/LNG1KG1NL b P 1,1000,3,2,256,3,3,1860.6,1937.3,2249.5,1002,575477.7,574351.7,1086.7,16,"{""ok"":3}",0,0,"[{""label"":""quiet-no-mate:mt1000-mpv3-t2-h256:warm1"",""candidates"":[{""move"":""3c2b"",""pvUsi"":[""3c2b"",""3a2b"",""1f1e"",""B*3c"",""B*6f"",""3c6f"",""6g6f"",""B*8e"",""B*6g"",""7c7d""],""scoreCp"":1568},{""move"":""3c2c"",""pvUsi"":[""3c2c"",""4a5a"",""2c2b"",""3a2b"",""1f1e"",""B*5e"",""1e1d"",""5e9i+"",""1d1c+"",""2b1c"",""B*7g"",""9i7g"",""8i7g""],""scoreCp"":1528},{""move"":""3c3d"",""pvUsi"":[""3c3d"",""2b9i+"",""1f1e"",""4a5a"",""1e1d"",""1c1d"",""P*1e"",""L*8h"",""6g6f"",""7c7d"",""1e1d"",""7d7e"",""1d1c+"",""7e7f"",""1c2c"",""P*1g"",""1h1g""],""scoreCp"":886}]},{""label"":""quiet-no-mate:mt1000-mpv3-t2-h256:warm2"",""candidates"":[{""move"":""3c2b"",""pvUsi"":[""3c2b"",""3a2b"",""1f1e"",""B*6e"",""5i4h"",""6e7f"",""B*8c"",""7f8g+"",""1e1d"",""P*1g"",""1h1g"",""7c7d"",""1d1c+"",""2b1c"",""8c7b+"",""6a7b"",""P*1d""],""scoreCp"":1611},{""move"":""3c2c"",""pvUsi"":[""3c2c"",""4a5a"",""1f1e"",""2b9i+"",""1e1d"",""1c1d"",""1h1d"",""L*1c"",""1d3d"",""P*3c"",""2c1c"",""3c3d"",""1c3a"",""7c7d"",""3a2a"",""6a7a"",""S*8c"",""5a6a""],""scoreCp"":1436},{""move"":""3c3d"",""pvUsi"":[""3c3d"",""2b9i+"",""1f1e"",""9i2b"",""1e1d"",""1c1d"",""P*1e"",""P*1c"",""1e1d"",""1c1d"",""1h1d"",""L*1c"",""1d1c+"",""2a1c"",""P*1d"",""1c2e"",""3d2e"",""P*1h"",""1d1c+"",""2b1c"",""1i1h""],""scoreCp"":776}]},{""label"":""quiet-no-mate:mt1000-mpv3-t2-h256:warm3"",""candidates"":[{""move"":""3c2b"",""pvUsi"":[""3c2b"",""3a2b"",""1f1e"",""B*4d"",""B*6f"",""4d6f"",""6g6f"",""B*9d"",""1e1d"",""9d7f"",""P*7g"",""7f9d"",""1d1c+"",""2a1c"",""B*6g"",""P*1g""],""scoreCp"":1588},{""move"":""3c2c"",""pvUsi"":[""3c2c"",""4a5a"",""1f1e"",""2b9i+"",""1e1d"",""1c1d"",""1h1d"",""L*1c"",""1d3d"",""P*3c"",""2c1c"",""2a1c"",""3d2d"",""B*2b"",""5i5h"",""7c7d"",""P*1d"",""1c2e"",""2d2e""],""scoreCp"":1461},{""move"":""3c3d"",""pvUsi"":[""3c3d"",""2b9i+"",""1f1e"",""L*1a"",""3d2c"",""3a3b"",""2c3b"",""4a3b"",""S*8c"",""1c1e"",""8c7b+"",""1e1h+"",""7b6a""],""scoreCp"":651}]}]"
sente-middlegame,1nrg3n1/l2s2k2/p1p1gp1pl/1p1pp2s1/6P1p/b1P5P/PP1PPP1P1/L1KSRSG2/1NG4NL b BP 1,1000,3,2,256,3,3,1487.167,1520.8,1529.3,1004,574649.3,572358.6,1086.7,16.67,"{""ok"":3}",0,0,"[{""label"":""sente-middlegame:mt1000-mpv3-t2-h256:warm1"",""candidates"":[{""move"":""9g9f"",""pvUsi"":[""9g9f"",""7c7d"",""B*8b"",""7a7b"",""8b9a+"",""6a7a"",""B*8c"",""3b3c"",""8c7b+"",""7a7b"",""9a8a"",""3c4d"",""8a7b"",""6b5a""],""scoreCp"":2087},{""move"":""1f1e"",""pvUsi"":[""1f1e"",""9f8e"",""1e1d"",""1c1d"",""1i1d"",""P*1c"",""P*1b"",""1c1d"",""1b1a+"",""7c7d"",""1a2a"",""7d7e"",""3e3d"",""7e7f"",""7h6i"",""L*6e"",""8g8f"",""7f7g+"",""8i7g""],""scoreCp"":1177},{""move"":""3e3d"",""pvUsi"":[""3e3d"",""9f8e"",""1f1e"",""7c7d"",""B*8c"",""7d7e"",""8c9b+"",""7e7f"",""9b8b"",""7a7e"",""8b8c"",""8e9d"",""8c8d"",""7e3e"",""4h3g"",""3b4b"",""5h4h"",""1c1e""],""scoreCp"":1105}]},{""label"":""sente-middlegame:mt1000-mpv3-t2-h256:warm2"",""candidates"":[{""move"":""9g9f"",""pvUsi"":[""9g9f"",""7c7d"",""1f1e"",""1c1e"",""1i1e"",""2d1e"",""P*1c"",""7d7e"",""7h6i"",""7e7f"",""3e3d"",""1e2d"",""P*7h"",""6a5b"",""1c1b+""],""scoreCp"":1990},{""move"":""1f1e"",""pvUsi"":[""1f1e"",""9f6c"",""1e1d"",""1c1d"",""1i1d"",""P*1c"",""P*1b"",""1c1d"",""1b1a+"",""7c7d"",""7h6i"",""7d7e"",""1a2a"",""7e7f"",""3e3d"",""5c4d"",""N*3f"",""4d3d"",""3f2d"",""3d2d"",""L*3g"",""3b2a""],""scoreCp"":1257},{""move"":""3e3d"",""pvUsi"":[""3e3d"",""9f6c"",""1f1e"",""7c7d"",""1e1d"",""1c1d"",""1i1d"",""P*1c"",""P*1b"",""1c1d"",""1b1a+"",""7d7e"",""1a2a"",""7e7f"",""7h6i"",""L*7c"",""P*7h"",""6a5b"",""3h3g""],""scoreCp"":1187}]},{""label"":""sente-middlegame:mt1000-mpv3-t2-h256:warm3"",""candidates"":[{""move"":""9g9f"",""pvUsi"":[""9g9f"",""1e1f"",""B*8c"",""1f1g+"",""2i1g"",""8d8e"",""8c9b+"",""P*1f"",""1g2e"",""2d2e"",""9b8b"",""7c7d"",""8b7a"",""6a7a"",""R*1b"",""3b4a""],""scoreCp"":2062},{""move"":""3e3d"",""pvUsi"":[""3e3d"",""9f8e"",""1f1e"",""7c7d"",""B*8c"",""7d7e"",""8c9b+"",""7e7f"",""7h6i"",""4c4d"",""7i7h""],""scoreCp"":1114},{""move"":""1f1e"",""pvUsi"":[""1f1e"",""9f8e"",""1e1d"",""1c1d"",""1i1d"",""P*1c"",""P*1b"",""7c7d"",""1b1a+"",""7d7e"",""3e3d"",""7e7f"",""1a2a"",""1c1d"",""7h6i"",""6a5b"",""7i7h""],""scoreCp"":1207}]}]"
gote-middlegame,1nrgB2n1/l2s2k2/p1p1gp1pl/1p1pp2s1/6P1p/b1P5P/PP1PPP1P1/L1KSRSG2/1NG4NL w P 1,1000,3,2,256,3,3,1657.233,1529.2,2053.4,1003.333,611235.7,609202.4,1086.7,13,"{""ok"":3}",0,0,"[{""label"":""gote-middlegame:mt1000-mpv3-t2-h256:warm1"",""candidates"":[{""move"":""9f8g+"",""pvUsi"":[""9f8g+"",""7h8g"",""6a5a"",""B*8b"",""8d8e"",""8b7a+"",""6b7a"",""2i3g"",""8e8f"",""8g8f"",""7a6b"",""8f8g"",""P*8f"",""8g8f"",""B*4i"",""R*1b"",""B*2b""],""scoreCp"":297},{""move"":""9f8e"",""pvUsi"":[""9f8e"",""5a2d+"",""2c2d"",""1f1e"",""7c7d"",""1e1d"",""1c1d"",""1i1d"",""7d7e"",""1d1b+"",""7e7f"",""1b2a"",""7f7g+"",""6h7g""],""scoreCp"":312},{""move"":""6a5a"",""pvUsi"":[""6a5a"",""9g9f"",""B*5e"",""2i3g"",""1e1f"",""B*8b"",""7a6a"",""8b9a+"",""5e9i+"",""9a9b"",""9i9h"",""4g4f"",""1f1g+"",""3g4e"",""5c4d"",""4h4g"",""8d8e"",""6h7g"",""7c7d"",""9b8c""],""scoreCp"":403}]},{""label"":""gote-middlegame:mt1000-mpv3-t2-h256:warm2"",""candidates"":[{""move"":""9f8g+"",""pvUsi"":[""9f8g+"",""7h8g"",""6a5a"",""B*8b"",""8d8e"",""8b7a+"",""6b7a"",""4h3g"",""8e8f"",""8g8f"",""P*8h"",""8i7g"",""1e1f"",""R*9a"",""8h8i+"",""7i8i"",""B*6i"",""9a9b+"",""5a5b""],""scoreCp"":291},{""move"":""9f8e"",""pvUsi"":[""9f8e"",""5a2d+"",""2c2d"",""1f1e"",""7c7d"",""5h5i"",""7d7e"",""1e1d"",""1c1d"",""1i1d"",""7e7f"",""1d1b+"",""7f7g+"",""6h7g""],""scoreCp"":300},{""move"":""6a5a"",""pvUsi"":[""6a5a"",""9g9f"",""1e1f"",""B*8b"",""7a6a"",""8b9a+"",""1f1g+"",""2i1g"",""P*1h"",""1i1h"",""B*4i"",""4h5i"",""4i5h+"",""5i5h"",""R*1i"",""9a9b"",""1i1h+"",""L*3d"",""3b4b""],""scoreCp"":387}]},{""label"":""gote-middlegame:mt1000-mpv3-t2-h256:warm3"",""candidates"":[{""move"":""9f8g+"",""pvUsi"":[""9f8g+"",""7h8g"",""6a5a"",""B*8b"",""8d8e"",""8b7a+"",""6b7a"",""4h3g"",""8e8f"",""8g8f"",""7a6b"",""6h7g""],""scoreCp"":292},{""move"":""9f8e"",""pvUsi"":[""9f8e"",""5a2d+"",""2c2d"",""1f1e"",""7c7d"",""1e1d"",""1c1d"",""1i1d"",""7d7e"",""1d1b+"",""7e7f"",""1b2a"",""7f7g+"",""8i7g""],""scoreCp"":346},{""move"":""9f6c"",""pvUsi"":[""9f6c"",""5a2d+"",""2c2d"",""1f1e"",""7c7d"",""1e1d"",""1c1d"",""1i1d"",""7d7e"",""1d1a+"",""B*4i"",""4h5i"",""4i5h+"",""5i5h"",""R*1h"",""1a2a"",""1h3h+"",""B*3a"",""4c4d"",""N*3d"",""6a5a"",""S*4b"",""7e7f"",""4b5a""],""scoreCp"":436}]}]"
middlegame-60,1nr1g1kn1/l2sb4/p1p1gpppl/1p2p4/3p2P2/1PP2+B1sp/P1KPPP2P/L1G1RSG2/1N2S2NL b p 1,1000,3,2,256,3,3,1660.5,1636.3,1836.5,1000,602964.3,602964.3,1076.7,16.33,"{""ok"":3}",0,0,"[{""label"":""middlegame-60:mt1000-mpv3-t2-h256:warm1"",""candidates"":[{""move"":""1g1f"",""pvUsi"":[""1g1f"",""5c4d"",""1f1e"",""1c1e"",""P*1f"",""4d3e"",""4f6d"",""5a4b"",""1f1e"",""6b5c"",""6d2h"",""8d8e"",""1e1d"",""8e8f"",""1d1c+"",""5b4a"",""5g5f""],""scoreCp"":774},{""move"":""3h3g"",""pvUsi"":[""3h3g"",""2f1g"",""2i1g"",""1f1g+"",""3e3d"",""3c3d"",""5g5f"",""5a4b"",""5f5e"",""5d5e"",""5h5e"",""7c7d"",""5e5c+"",""6b5c""],""scoreCp"":734},{""move"":""4h3g"",""pvUsi"":[""4h3g"",""2f1g+"",""3e3d"",""3c3d"",""3h2h"",""7c7d"",""1i1g"",""1f1g+"",""2i1g"",""1c1g+"",""2h1g"",""7d7e"",""5h2h"",""7e7f"",""7g6h"",""5b4a"",""4f8b""],""scoreCp"":667}]},{""label"":""middlegame-60:mt1000-mpv3-t2-h256:warm2"",""candidates"":[{""move"":""1g1f"",""pvUsi"":[""1g1f"",""5c4d"",""3h3g"",""2f3e"",""4f6d"",""3a2b"",""1f1e"",""7a6a"",""1e1d"",""1c1d"",""1i1d"",""P*1c"",""1d1c"",""2a1c"",""L*5c"",""1c2e"",""P*1d"",""L*6c"",""6d7e"",""2e3g+"",""5c5b+"",""5a5b"",""2i3g"",""2b3b""],""scoreCp"":794},{""move"":""3h3g"",""pvUsi"":[""3h3g"",""2f1g"",""2i1g"",""1f1g+"",""3e3d"",""3c3d"",""5g5f"",""5a4b"",""5f5e"",""5d5e"",""5h5e"",""P*1h"",""P*1b"",""N*5d"",""4f3f"",""5b6c"",""1b1a+"",""2a3c"",""1i1h"",""1g1h""],""scoreCp"":734},{""move"":""4h3g"",""pvUsi"":[""4h3g"",""2f1g+"",""3e3d"",""3c3d"",""5g5f"",""5a4b"",""5f5e"",""5d5e"",""5h5e"",""P*5d"",""5e2e"",""4b3b"",""2i1g"",""1f1g+"",""S*1b"",""3a2b"",""1b2a+"",""7a2a""],""scoreCp"":704}]},{""label"":""middlegame-60:mt1000-mpv3-t2-h256:warm3"",""candidates"":[{""move"":""1g1f"",""pvUsi"":[""1g1f"",""5c4d"",""4f6d"",""3a2b"",""3h3g"",""2f3e"",""1f1e"",""8d8e"",""8f8e"",""7a6a""],""scoreCp"":770},{""move"":""3h3g"",""pvUsi"":[""3h3g"",""2f1g"",""2i1g"",""1f1g+"",""5g5f"",""4c4d"",""5f5e"",""5d5e"",""5h5e"",""P*5d"",""5e5h"",""5a4b"",""P*1b"",""1g2h"",""1i1c+"",""2a1c"",""1b1a+""],""scoreCp"":762},{""move"":""4h3g"",""pvUsi"":[""4h3g"",""2f1g"",""5g5f"",""4c4d"",""5f5e"",""5d5e"",""4f5e"",""P*5d"",""5e4f"",""7c7d"",""2i1g"",""1f1g+"",""P*1b"",""7d7e"",""1b1a+"",""7e7f"",""7g6h"",""7a7e""],""scoreCp"":708}]}]"
middlegame-80,1nsg3nk/l1r6/p1p1gppp1/1p1+B5/1b1pp1P1l/1PP1PP2p/P2P3GN/LKG1R1S1L/1NS1S4 b 2p 1,1000,3,2,256,3,3,1682.7,1699.9,1935.8,1000.667,587760.3,587366.9,1083.3,16.33,"{""ok"":3}",0,0,"[{""label"":""middlegame-80:mt1000-mpv3-t2-h256:warm1"",""candidates"":[{""move"":""6d5c"",""pvUsi"":[""6d5c"",""8e7f"",""G*7g"",""7f9h+"",""8h9h"",""L*7d"",""5c4c"",""1f1g+"",""4c6a"",""7d7g+"",""7h7g""],""scoreCp"":2158},{""move"":""6d7e"",""pvUsi"":[""6d7e"",""1f1g+"",""8f8e"",""6a5b"",""2g1g"",""7c7d"",""7e4h"",""1e1g"",""1h1g"",""1a2b"",""B*1a"",""2b3b""],""scoreCp"":1820},{""move"":""6d5e"",""pvUsi"":[""6d5e"",""1f1g+"",""8f8e"",""1g1h"",""3e3d"",""5c4d"",""5e7g"",""4d3d"",""2g2f"",""1e1g+"",""8h9i"",""1a1b"",""P*1c"",""1b1c"",""8e8d""],""scoreCp"":1587}]},{""label"":""middlegame-80:mt1000-mpv3-t2-h256:warm2"",""candidates"":[{""move"":""6d5c"",""pvUsi"":[""6d5c"",""8e7f"",""1g2e"",""6e6f"",""G*7g"",""7f9d"",""3e3d"",""3c3d"",""6g6f"",""8d8e"",""8f8e"",""1f1g+"",""5c4c"",""6a5b""],""scoreCp"":2218},{""move"":""6d7e"",""pvUsi"":[""6d7e"",""1f1g+"",""8f8e"",""6a5b"",""2g1g"",""7c7d"",""7e4h"",""1e1g+"",""1h1g"",""1a2b"",""P*2d"",""8d8e"",""2d2c+"",""2b2c"",""L*2e""],""scoreCp"":1890},{""move"":""6d5e"",""pvUsi"":[""6d5e"",""1f1g+"",""8f8e"",""1g1h"",""3e3d"",""5c4d"",""5e6d"",""4d3d"",""8h9i"",""8d8e"",""6d3a"",""8e8f"",""B*3b"",""7b3b"",""3a3b""],""scoreCp"":1640}]},{""label"":""middlegame-80:mt1000-mpv3-t2-h256:warm3"",""candidates"":[{""move"":""6d5c"",""pvUsi"":[""6d5c"",""8e7f"",""1g2e"",""6e6f"",""6g6f"",""1a2b"",""5c7e"",""7f5h+"",""5i5h"",""6a5b"",""B*3a"",""2b3b"",""3e3d""],""scoreCp"":2225},{""move"":""6d7e"",""pvUsi"":[""6d7e"",""1f1g+"",""2g1g"",""8e9d"",""7e5c"",""8d8e"",""3e3d"",""3c3d"",""5c6d""],""scoreCp"":1840},{""move"":""6d5e"",""pvUsi"":[""6d5e"",""1f1g+"",""8f8e"",""1g1h"",""8h9i"",""N*8f"",""5e7g"",""P*5g"",""5h5g"",""8f7h+"",""7i7h"",""G*7i"",""3e3d"",""7i7h"",""7g7h""],""scoreCp"":1612}]}]"
hand-piece-rich,1n2g4/l1s3k1r/p1+B1gp1pn/Bp7/1PPp5/5P2l/PG1P+pS2N/LK2R3L/1NS1S4 b 2Pg5p 1,1000,3,2,256,3,3,1492.767,1503.6,1550.4,1003.667,537539.3,535535.6,1090,15.33,"{""ok"":3}",0,0,"[{""label"":""hand-piece-rich:mt1000-mpv3-t2-h256:warm1"",""candidates"":[{""move"":""7c5a"",""pvUsi"":[""7c5a"",""P*7h"",""P*3c"",""3b2b"",""G*3b"",""2b1a"",""P*2b"",""1b2b"",""5h7h"",""9c9d"",""3b2b"",""1a2b""],""scoreCp"":2150},{""move"":""9d7b+"",""pvUsi"":[""9d7b+"",""8a7c"",""5h5g"",""P*5f"",""4g5f"",""7c8e"",""P*3c"",""3b4a"",""S*3b"",""4a5b"",""P*5d"",""5c6c"",""3b4c+"",""5b4c"",""7b6c"",""4c3c"",""P*3d"",""3c3d""],""scoreCp"":1554},{""move"":""P*3c"",""pvUsi"":[""P*3c"",""3b4a"",""5h5g"",""P*5f"",""5g5f"",""P*5e"",""9d7b+"",""8a7c"",""5f5e"",""P*5d"",""7b7c"",""5d5e"",""N*4e"",""G*6b"",""4e5c+"",""6b5c""],""scoreCp"":1427}]},{""label"":""hand-piece-rich:mt1000-mpv3-t2-h256:warm2"",""candidates"":[{""move"":""7c5a"",""pvUsi"":[""7c5a"",""G*4b"",""9d7b+"",""5g5h"",""P*3d"",""3b2a"",""5i5h"",""1f1g+"",""S*3c"",""N*9e""],""scoreCp"":2197},{""move"":""9d7b+"",""pvUsi"":[""9d7b+"",""8a7c"",""5h5g"",""B*3c"",""8h7h"",""P*5f"",""5g5f"",""P*5e"",""P*3d"",""3c4d"",""5f7f"",""7c8e"",""7b4e"",""P*7g"",""8i7g"",""1f1g+""],""scoreCp"":1563},{""move"":""P*3c"",""pvUsi"":[""P*3c"",""3b4a"",""7c7d"",""7b6c"",""5h5g"",""P*5d"",""5g5d"",""5a6b"",""5d5c+"",""6b5c"",""9d6a+"",""6c7d"",""G*3b"",""1b3b"",""3c3b+"",""4a3b""],""scoreCp"":1137}]},{""label"":""hand-piece-rich:mt1000-mpv3-t2-h256:warm3"",""candidates"":[{""move"":""7c5a"",""pvUsi"":[""7c5a"",""9c9d"",""P*3c"",""3b2a"",""G*3b"",""1b3b"",""3c3b+"",""2a3b"",""5h5g"",""B*4d"",""8h7h"",""P*5f"",""5g5f"",""P*5e"",""P*3c"",""4d3c"",""5a3c"",""3b3c""],""scoreCp"":2065},{""move"":""9d7b+"",""pvUsi"":[""9d7b+"",""8a7c"",""5h5g"",""B*3c"",""8h7h"",""P*5f"",""5g5f"",""P*5e"",""P*3d"",""3c4d"",""5f5h"",""7c8e"",""S*3c"",""3b4a"",""3c4d"",""1b7b"",""4d5c+""],""scoreCp"":1538},{""move"":""P*3c"",""pvUsi"":[""P*3c"",""3b4a"",""5h5g"",""P*5f"",""5g5f"",""7b7c"",""5f5c+"",""5a5b"",""5c5d"",""9c9d"",""P*5c"",""B*4d"",""5d4d"",""4c4d"",""B*3b"",""1b3b"",""3c3b+"",""4a3b"",""5c5b+""],""scoreCp"":1185}]}]"
middlegame-120,1n2g4/+B1s1k3r/p+P2gp1pn/B8/2Pp2p2/1p2LP2l/PG1P+pS2N/LKR4PL/1NS1S1+p1g b 2P2p 1,1000,3,2,256,3,3,1416.767,1416.7,1420,1002.667,544274.3,542829.6,1076.7,15.33,"{""ok"":3}",0,0,"[{""label"":""middlegame-120:mt1000-mpv3-t2-h256:warm1"",""candidates"":[{""move"":""9d8e"",""pvUsi"":[""9d8e"",""5b4b"",""5f5c+"",""4b3c"",""8g8f"",""P*8d"",""8e7f"",""3c2d"",""8c7b"",""P*7g"",""7h7g"",""5g4g""],""scoreCp"":1823},{""move"":""8g8f"",""pvUsi"":[""8g8f"",""9c9d"",""5f5c+"",""5b5c"",""8c7b"",""P*8e"",""8f7f"",""5g6g"",""9b6e"",""6g7h"",""7i7h"",""L*8f"",""7f8f"",""8e8f"",""G*5d"",""5c5b"",""L*5c"",""5b4b"",""5d4c"",""4b3a""],""scoreCp"":1440},{""move"":""5f5c"",""pvUsi"":[""5f5c"",""5b5c"",""8g8f"",""9c9d"",""8c7b"",""P*8e"",""8f7f"",""5g6g"",""9b6e"",""6g7h"",""7i7h"",""1f1g+"",""G*5d"",""5c5b"",""1h1g"",""R*5g"",""L*5c"",""5b4a"",""5c5a+"",""4a5a""],""scoreCp"":1431}]},{""label"":""middlegame-120:mt1000-mpv3-t2-h256:warm2"",""candidates"":[{""move"":""9d8e"",""pvUsi"":[""9d8e"",""5b4b"",""8g8f"",""4b3c"",""5f5c"",""P*8d"",""8e7f"",""1i1h"",""5c5a+"",""3c2d"",""8c7b"",""1f1g+"",""9b8a"",""3i4i"",""7f6e""],""scoreCp"":1656},{""move"":""8g8f"",""pvUsi"":[""8g8f"",""9c9d"",""5f5c"",""5b5c"",""8c7b"",""5g6g"",""9b6e"",""P*5d"",""P*5e"",""6g7h"",""7i7h"",""5c4d"",""6e5d"",""4d3c""],""scoreCp"":1520},{""move"":""5f5c+"",""pvUsi"":[""5f5c+"",""5b5c"",""8g8f"",""9c9d"",""8c7b"",""5g6g"",""9b6e"",""6g7h"",""7i7h"",""P*8e"",""8f7f"",""5c4d"",""S*4e"",""4d3c""],""scoreCp"":1506}]},{""label"":""middlegame-120:mt1000-mpv3-t2-h256:warm3"",""candidates"":[{""move"":""9d8e"",""pvUsi"":[""9d8e"",""5b4b"",""5f5c+"",""4b3c"",""8g8f"",""P*8d"",""8e7f"",""3c2d"",""8c7b"",""2d1e"",""9b6e"",""1i1h"",""S*2g"",""1f1g+"",""P*1f"",""1g1f"",""2g1f"",""1e1f"",""6e4c"",""S*3d"",""4c3d"",""1c2e""],""scoreCp"":1838},{""move"":""8g8f"",""pvUsi"":[""8g8f"",""9c9d"",""8c7b"",""5g5f"",""4g5f"",""1i1h"",""P*5d"",""5c5d"",""P*5e"",""5d4d"",""7b8a"",""1h1g"",""9b7d"",""5b4b"",""N*5d"",""4d5d"",""5e5d""],""scoreCp"":1562},{""move"":""5f5c+"",""pvUsi"":[""5f5c+"",""5b5c"",""8g8f"",""9c9d"",""8c7b"",""P*8e"",""8f8e"",""5g6g"",""9b6e"",""P*5d"",""P*5e"",""6g7h"",""7i7h"",""5c4d"",""6e5d"",""4d3d""],""scoreCp"":1431}]}]"
middlegame-150,1+Bp6/4+Bgr1p/1P2L1kpn/p4p2n/2Pp2p2/1pG2P3/P2P1S2+l/LKRS+p2PL/1NS1S1+p1g b GN2p 1,1000,3,2,256,3,3,1671.667,1741.3,1851.1,1002.667,610560.3,608913.7,1083.3,10,"{""ok"":2,""incomplete"":1}",1,0,"[{""label"":""middlegame-150:mt1000-mpv3-t2-h256:warm1"",""candidates"":[{""move"":""G*3d"",""pvUsi"":[""G*3d"",""3c2b"",""8a5d"",""1c2e"",""7f8f"",""5h6h"",""5i6h"",""1i1h"",""P*3c"",""2b1c"",""5d3b"",""4b3b"",""3c3b+""],""scoreCp"":2740},{""move"":""N*2f"",""pvUsi"":[""N*2f"",""8f8g+"",""8h8g"",""1d2f"",""G*3d"",""3c2b"",""P*3c"",""4b3c"",""3d3c"",""2b3c"",""G*3d"",""3c2b""],""scoreCp"":1813},{""move"":""5b6a"",""pvUsi"":[""5b6a"",""5h6h"",""G*3d"",""3c2b"",""5i6h"",""S*8g"",""8h9i"",""8g7h+"",""7i7h"",""2b1a""],""scoreCp"":1606}]},{""label"":""middlegame-150:mt1000-mpv3-t2-h256:warm2"",""candidates"":[{""move"":""G*3d"",""pvUsi"":[""G*3d"",""3c2b"",""8a5d"",""4b5b"",""5d4d"",""2b2a"",""5c5b+"",""3b5b"",""4d4c"",""B*3b"",""N*3c"",""2a3a"",""4c5b"",""8f8g+"",""8h8g"",""L*8d"",""8g7g"",""3a2b"",""G*2a"",""3b2a"",""3c2a+"",""2b2a""],""scoreCp"":3126},{""move"":""N*2f"",""pvUsi"":[""N*2f"",""4b5b"",""G*3d"",""3c2b"",""2f1d"",""2b1a"",""8a5d"",""5h6h"",""5d4d"",""1a2a"",""7f8f"",""6h7h"",""7i7h"",""R*8d""],""scoreCp"":1768},{""move"":""5b6a"",""pvUsi"":[""5b6a"",""5h6h"",""7h6h"",""S*8g"",""8h7g"",""8g7f+"",""7g7f"",""1i1h"",""G*3d"",""3c2b"",""7f6e""],""scoreCp"":1614}]},{""label"":""middlegame-150:mt1000-mpv3-t2-h256:warm3"",""candidates"":[]}]"
mate-in-one,2p2+B2k/1+B3g2p/1P2L1Gpn/p1P2p3/3p2p2/lpG1NP3/P1KP+p3+l/LS1S2SP+n/1NR1S1+pg1 b RPp 1,1000,3,2,256,3,3,1628.4,1534.6,1833.6,1003,1271852,1268103.8,1086.7,49,"{""mate"":3}",0,0,"[{""label"":""mate-in-one:mt1000-mpv3-t2-h256:warm1"",""candidates"":[{""move"":""R*3a"",""pvUsi"":[""R*3a""],""scoreMate"":1},{""move"":""4a4b"",""pvUsi"":[""4a4b"",""5g6g"",""6h6g"",""8f8g+"",""8h8g"",""9f9g+"",""G*2b""],""scoreMate"":7},{""move"":""4a3a"",""pvUsi"":[""4a3a"",""5g6g"",""7g6g"",""6e6f"",""7f6f"",""4b3c"",""R*2a""],""scoreMate"":7}]},{""label"":""mate-in-one:mt1000-mpv3-t2-h256:warm2"",""candidates"":[{""move"":""R*3a"",""pvUsi"":[""R*3a""],""scoreMate"":1},{""move"":""4a4b"",""pvUsi"":[""4a4b"",""8f8g+"",""7g8g"",""P*8f"",""8g8f"",""9d9e"",""G*2b""],""scoreMate"":7},{""move"":""4a3a"",""pvUsi"":[""4a3a"",""8f8g+"",""7g8g"",""P*8f"",""8g8f"",""4b3c"",""R*2a""],""scoreMate"":7}]},{""label"":""mate-in-one:mt1000-mpv3-t2-h256:warm3"",""candidates"":[{""move"":""R*3a"",""pvUsi"":[""R*3a""],""scoreMate"":1},{""move"":""4a4b"",""pvUsi"":[""4a4b"",""8f8g+"",""8h8g"",""5g6g"",""6h6g"",""3i3h"",""G*2b""],""scoreMate"":7},{""move"":""4a3a"",""pvUsi"":[""4a3a"",""8f8g+"",""8h8g"",""5g6g"",""6h6g"",""4b3c"",""R*2a""],""scoreMate"":7}]}]"
single-legal-move,2p5k/4Rg2p/1P2L1Gp1/p1P+B+Bp3/n2p2pnP/l1G2P3/P+pKP1+p2+l/LS1S2SP+n/1NR1S1+pg1 b P 1,1000,3,2,256,3,3,1417.9,1415.2,1428.5,1000.667,1060468.3,1059642.5,1083.3,0,"{""incomplete"":3}",3,0,"[{""label"":""single-legal-move:mt1000-mpv3-t2-h256:warm1"",""candidates"":[]},{""label"":""single-legal-move:mt1000-mpv3-t2-h256:warm2"",""candidates"":[]},{""label"":""single-legal-move:mt1000-mpv3-t2-h256:warm3"",""candidates"":[]}]"
sparse-endgame,l+P1+S5/+B1+B4sl/5r+N1n/l3p3p/2g1kS2P/2P3PG1/2S5L/+n1G4pK/P+p1G1R3 b 7Pn2p 1,1000,3,2,256,3,3,1594.8,1519,1876.9,1001.667,2198265,2194633.2,1080,160.33,"{""mate"":3}",0,0,"[{""label"":""sparse-endgame:mt1000-mpv3-t2-h256:warm1"",""candidates"":[{""move"":""7b5d"",""pvUsi"":[""7b5d""],""scoreMate"":1},{""move"":""4e5f"",""pvUsi"":[""4e5f"",""5e6d"",""4i4c+"",""7e7f"",""R*6e""],""scoreMate"":5},{""move"":""3c4c"",""pvUsi"":[""3c4c"",""5e6d"",""R*6c"",""6d5e"",""9b5f""],""scoreMate"":5}]},{""label"":""sparse-endgame:mt1000-mpv3-t2-h256:warm2"",""candidates"":[{""move"":""7b5d"",""pvUsi"":[""7b5d""],""scoreMate"":1},{""move"":""4e5f"",""pvUsi"":[""4e5f"",""5e6d"",""4i4c+"",""7e7f"",""R*6e""],""scoreMate"":5},{""move"":""3c4c"",""pvUsi"":[""3c4c"",""5e6d"",""R*6c"",""6d5e"",""9b5f""],""scoreMate"":5}]},{""label"":""sparse-endgame:mt1000-mpv3-t2-h256:warm3"",""candidates"":[{""move"":""7b5d"",""pvUsi"":[""7b5d""],""scoreMate"":1},{""move"":""4e5f"",""pvUsi"":[""4e5f"",""5e6d"",""4i4c+"",""7e7f"",""R*6e""],""scoreMate"":5},{""move"":""3c4c"",""pvUsi"":[""3c4c"",""5e6d"",""R*6c"",""6d5e"",""9b5f""],""scoreMate"":5}]}]"
initial-position,lnsgkgsnl/1r5b1/ppppppppp/9/9/9/PPPPPPPPP/1B5R1/LNSGKGSNL b - 1,2000,2,1,256,3,3,2667.833,2527.9,3093.7,2000,1515329,757664.5,2036.7,24.33,"{""ok"":3}",0,0,"[{""label"":""initial-position:mt2000-mpv2-t1-h256:warm1"",""candidates"":[{""move"":""2g2f"",""pvUsi"":[""2g2f""],""scoreCp"":85},{""move"":""6i7h"",""pvUsi"":[""6i7h"",""3c3d"",""7g7f"",""9c9d"",""2g2f"",""4c4d"",""9g9f"",""3a4b"",""7i6h"",""8c8d"",""2f2e"",""4b3c"",""3g3f"",""5c5d"",""4g4f"",""8d8e"",""3i3h"",""4a3b"",""2i3g"",""2b3a"",""3h4g""],""scoreCp"":77}]},{""label"":""initial-position:mt2000-mpv2-t1-h256:warm2"",""candidates"":[{""move"":""6i7h"",""pvUsi"":[""6i7h"",""8c8d"",""2g2f"",""3c3d"",""7g7f"",""8d8e"",""2f2e"",""8e8f"",""8g8f"",""8b8f"",""2e2d"",""2c2d"",""P*8g"",""8f8b"",""2h2d"",""4a3b"",""9g9f"",""1c1d"",""3i3h""],""scoreCp"":62},{""move"":""2g2f"",""pvUsi"":[""2g2f"",""8c8d"",""6i7h"",""8d8e"",""2f2e"",""4a3b"",""9g9f"",""7a7b"",""3i3h"",""5a5b"",""2e2d"",""2c2d"",""2h2d"",""P*2c"",""2d2f"",""7c7d"",""7g7f"",""3c3d""],""scoreCp"":31}]},{""label"":""initial-position:mt2000-mpv2-t1-h256:warm3"",""candidates"":[{""move"":""6i7h"",""pvUsi"":[""6i7h"",""8c8d"",""2g2f"",""3c3d"",""7g7f"",""8d8e"",""2f2e"",""8e8f"",""8g8f"",""8b8f"",""2e2d"",""2c2d"",""P*8g"",""8f8b"",""2h2d"",""4a3b"",""9g9f"",""1c1d"",""3i3h""],""scoreCp"":62},{""move"":""2g2f"",""pvUsi"":[""2g2f"",""8c8d"",""6i7h"",""8d8e"",""2f2e"",""4a3b"",""9g9f"",""7a7b"",""3i3h"",""5a5b"",""2e2d"",""2c2d"",""2h2d"",""P*2c"",""2d2f"",""7c7d"",""7g7f"",""3c3d""],""scoreCp"":31}]}]"
quiet-no-mate,1n1g1ksn1/l1rsg2b1/p1pp1p+Bpl/1p2p4/8p/2P3P1P/PP1PPPSP1/3S4R/LNG1KG1NL b P 1,2000,2,1,256,3,3,2536.133,2382.1,2873.7,2000.333,1210116.7,604960.4,2036.7,21.67,"{""ok"":3}",0,0,"[{""label"":""quiet-no-mate:mt2000-mpv2-t1-h256:warm1"",""candidates"":[{""move"":""3c2b"",""pvUsi"":[""3c2b"",""3a2b"",""1f1e"",""B*3c"",""B*7g"",""1c1e"",""1h1e"",""3c1e"",""1i1e"",""2b3c"",""1e1b+"",""R*1i"",""1b2a"",""4c4d"",""4i3i"",""7b8b"",""3g2h"",""1i1b+"",""3f3e"",""6b5c"",""3e3d"",""3c3d"",""5i6i"",""4a5a"",""2a3a"",""5a6b""],""scoreCp"":1585},{""move"":""3c2c"",""pvUsi"":[""3c2c"",""4a5a"",""2c2b"",""3a2b"",""1f1e"",""B*3c"",""1e1d"",""3c9i+"",""1d1c+"",""2a1c"",""L*2d"",""L*1a"",""2d2b+"",""9i2b"",""S*8c"",""7b7a"",""B*2d"",""P*3c"",""P*1b"",""1a1b"",""8c9b+"",""1c2e""],""scoreCp"":1443}]},{""label"":""quiet-no-mate:mt2000-mpv2-t1-h256:warm2"",""candidates"":[{""move"":""3c2b"",""pvUsi"":[""3c2b"",""3a2b"",""1f1e"",""B*3c"",""B*7g"",""1c1e"",""1h1e"",""3c1e"",""1i1e"",""2b3c"",""1e1b+"",""R*1i"",""1b2a"",""4c4d"",""4i3i"",""7b8b"",""3g2h"",""1i1b+"",""3f3e"",""6b5c"",""3e3d"",""3c3d"",""5i6i"",""4a5a"",""2a3a"",""5a6b""],""scoreCp"":1585},{""move"":""3c2c"",""pvUsi"":[""3c2c"",""4a5a"",""2c2b"",""3a2b"",""1f1e"",""B*3c"",""1e1d"",""3c9i+"",""1d1c+"",""2a1c"",""L*2d"",""L*1a"",""2d2b+"",""9i2b"",""S*8c"",""7b7a"",""B*2d"",""P*3c"",""P*1b"",""1a1b"",""8c9b+"",""1c2e""],""scoreCp"":1443}]},{""label"":""quiet-no-mate:mt2000-mpv2-t1-h256:warm3"",""candidates"":[{""move"":""3c2b"",""pvUsi"":[""3c2b"",""3a2b"",""1f1e"",""B*3c"",""B*7g"",""1c1e"",""1h1e"",""3c1e"",""1i1e"",""2b3c"",""1e1b+"",""R*1i"",""1b2a"",""4c4d"",""4i3i"",""7b8b"",""3g2h"",""1i1b+"",""3f3e"",""6b5c"",""3e3d"",""3c3d"",""5i6i"",""4a5a"",""2a3a"",""5a6b""],""scoreCp"":1585},{""move"":""3c2c"",""pvUsi"":[""3c2c"",""4a5a"",""2c2b"",""3a2b"",""1f1e"",""B*3c"",""1e1d"",""3c9i+"",""1d1c+"",""2a1c"",""L*2d"",""L*1a"",""2d2b+"",""9i2b"",""S*8c"",""7b7a"",""B*2d"",""P*3c"",""P*1b"",""1a1b"",""8c9b+"",""1c2e""],""scoreCp"":1443}]}]"
sente-middlegame,1nrg3n1/l2s2k2/p1p1gp1pl/1p1pp2s1/6P1p/b1P5P/PP1PPP1P1/L1KSRSG2/1NG4NL b BP 1,2000,2,1,256,3,3,3030.233,2882.7,3833.2,2000.333,1139621.3,569724.4,2040,19.33,"{""ok"":3}",0,0,"[{""label"":""sente-middlegame:mt2000-mpv2-t1-h256:warm1"",""candidates"":[{""move"":""9g9f"",""pvUsi"":[""9g9f"",""6a7b"",""1f1e"",""7c7d"",""1e1d"",""1c1d"",""1i1d"",""P*1c"",""P*1b"",""7d7e"",""1b1a+"",""7e7f"",""7h6i""],""scoreCp"":2100},{""move"":""1f1e"",""pvUsi"":[""1f1e"",""9f8e"",""1e1d"",""1c1d"",""1i1d"",""P*1c"",""P*1b"",""7c7d"",""1b1a+"",""1c1d"",""1a2a"",""7d7e"",""7h6i"",""7e7f"",""3e3d"",""6a5b"",""L*2f"",""L*6e"",""7i7h"",""6e6g+""],""scoreCp"":1163}]},{""label"":""sente-middlegame:mt2000-mpv2-t1-h256:warm2"",""candidates"":[{""move"":""9g9f"",""pvUsi"":[""9g9f"",""6a7b"",""1f1e"",""7c7d"",""5g5f"",""1c1e"",""P*1f"",""7d7e"",""1f1e"",""7e7f"",""5f5e"",""5d5e"",""3e3d""],""scoreCp"":2103},{""move"":""1f1e"",""pvUsi"":[""1f1e"",""9f8e"",""1e1d"",""1c1d"",""1i1d"",""P*1c"",""P*1b"",""7c7d"",""1b1a+"",""7d7e"",""7f7e"",""1c1d"",""1a2a"",""L*7f"",""L*7g"",""7f7g+"",""6h7g"",""7a7e"",""3e3d"",""3b2a"",""L*2f""],""scoreCp"":1186}]},{""label"":""sente-middlegame:mt2000-mpv2-t1-h256:warm3"",""candidates"":[{""move"":""9g9f"",""pvUsi"":[""9g9f"",""6a7b"",""1f1e"",""7c7d"",""5g5f"",""1c1e"",""P*1f"",""7d7e"",""1f1e"",""7e7f"",""5f5e"",""5d5e"",""3e3d""],""scoreCp"":2103},{""move"":""1f1e"",""pvUsi"":[""1f1e"",""9f8e"",""1e1d"",""1c1d"",""1i1d"",""P*1c"",""P*1b"",""7c7d"",""1b1a+"",""7d7e"",""7f7e"",""1c1d"",""1a2a"",""L*7f"",""L*7g"",""7f7g+"",""6h7g"",""7a7e"",""3e3d"",""3b2a"",""L*2f""],""scoreCp"":1186}]}]"
gote-middlegame,1nrgB2n1/l2s2k2/p1p1gp1pl/1p1pp2s1/6P1p/b1P5P/PP1PPP1P1/L1KSRSG2/1NG4NL w P 1,2000,2,1,256,3,3,2576.5,2480,2855.6,2000,1093108,546554,2040,17.33,"{""ok"":3}",0,0,"[{""label"":""gote-middlegame:mt2000-mpv2-t1-h256:warm1"",""candidates"":[{""move"":""9f8g+"",""pvUsi"":[""9f8g+"",""7h8g"",""6a5a"",""B*8b"",""7a6a"",""8b9a+"",""1e1f"",""9a9b"",""1f1g+"",""2i1g"",""P*1f"",""1g2e"",""2d2e"",""P*8b"",""1f1g+"",""5h5i"",""B*6e"",""9b8a"",""N*9e""],""scoreCp"":195},{""move"":""9f8e"",""pvUsi"":[""9f8e"",""5a2d+"",""2c2d"",""1f1e"",""7c7d"",""1e1d"",""1c1d"",""1i1d"",""7d7e"",""1d1b+"",""6d6e"",""7h6i"",""6e6f"",""1b2a"",""7e7f"",""7i7h"",""B*9d"",""3e3d"",""6f6g+""],""scoreCp"":196}]},{""label"":""gote-middlegame:mt2000-mpv2-t1-h256:warm2"",""candidates"":[{""move"":""9f8g+"",""pvUsi"":[""9f8g+"",""7h8g"",""6a5a"",""B*8b"",""7a6a"",""8b9a+"",""1e1f"",""9a9b"",""1f1g+"",""2i1g"",""P*1f"",""1g2e"",""2d2e"",""P*8b"",""1f1g+"",""5h5i"",""B*6e"",""9b8a"",""N*9e""],""scoreCp"":195},{""move"":""9f8e"",""pvUsi"":[""9f8e"",""5a2d+"",""2c2d"",""1f1e"",""7c7d"",""1e1d"",""1c1d"",""1i1d"",""7d7e"",""1d1b+"",""6d6e"",""7h6i"",""6e6f"",""1b2a"",""7e7f"",""7i7h"",""B*9d"",""3e3d"",""6f6g+""],""scoreCp"":196}]},{""label"":""gote-middlegame:mt2000-mpv2-t1-h256:warm3"",""candidates"":[{""move"":""9f8g+"",""pvUsi"":[""9f8g+"",""7h8g"",""6a5a"",""B*8b"",""7a6a"",""8b9a+"",""1e1f"",""9a9b"",""1f1g+"",""2i1g"",""7c7d"",""9b8c"",""P*1f"",""1g2e"",""2d2e"",""2g2f"",""2e2f"",""3e3d"",""N*9e"",""8g8f"",""B*8g"",""6h5i""],""scoreCp"":195},{""move"":""9f8e"",""pvUsi"":[""9f8e"",""5a2d+"",""2c2d"",""1f1e"",""7c7d"",""1e1d"",""1c1d"",""1i1d"",""7d7e"",""1d1a+"",""6d6e"",""1a2a"",""6e6f"",""7h6i"",""7e7f"",""7i7h"",""B*4i"",""4h5i"",""6f6g+"",""6h6g"",""P*6f"",""6g6f"",""7f7g+"",""6f7g""],""scoreCp"":182}]}]"
middlegame-60,1nr1g1kn1/l2sb4/p1p1gpppl/1p2p4/3p2P2/1PP2+B1sp/P1KPPP2P/L1G1RSG2/1N2S2NL b p 1,2000,2,1,256,3,3,2689.433,2612.6,2976.1,2000.333,1230338.3,615068.1,2040,20,"{""ok"":3}",0,0,"[{""label"":""middlegame-60:mt2000-mpv2-t1-h256:warm1"",""candidates"":[{""move"":""3h3g"",""pvUsi"":[""3h3g"",""2f1g"",""3e3d"",""3c3d"",""2i1g"",""1f1g+"",""5g5f"",""5c4d"",""5f5e"",""5d5e"",""5h5e"",""4d5e"",""4f5e"",""5a4b"",""P*2b"",""2a3c"",""1i1g"",""1c1g+""],""scoreCp"":837},{""move"":""1g1f"",""pvUsi"":[""1g1f"",""5c4d"",""5g5f"",""5a4b"",""1f1e"",""4d3e"",""4f2h"",""1c1e"",""P*1f"",""1e1f"",""1i1f"",""P*1e"",""1f1e"",""2f1e"",""P*1b"",""8d8e"",""1b1a+"",""8e8f"",""5f5e"",""5b6c"",""5e5d""],""scoreCp"":765}]},{""label"":""middlegame-60:mt2000-mpv2-t1-h256:warm2"",""candidates"":[{""move"":""3h3g"",""pvUsi"":[""3h3g"",""2f1g"",""3e3d"",""3c3d"",""2i1g"",""1f1g+"",""5g5f"",""5c4d"",""5f5e"",""5d5e"",""5h5e"",""4d5e"",""4f5e"",""5a4b"",""P*2b"",""2a3c"",""1i1g"",""1c1g+""],""scoreCp"":837},{""move"":""1g1f"",""pvUsi"":[""1g1f"",""5c4d"",""5g5f"",""5a4b"",""1f1e"",""4d3e"",""4f2h"",""1c1e"",""P*1f"",""1e1f"",""1i1f"",""P*1e"",""1f1e"",""2f1e"",""P*1b"",""8d8e"",""1b1a+"",""8e8f"",""5f5e"",""5b6c"",""5e5d""],""scoreCp"":765}]},{""label"":""middlegame-60:mt2000-mpv2-t1-h256:warm3"",""candidates"":[{""move"":""3h3g"",""pvUsi"":[""3h3g"",""2f1g"",""3e3d"",""3c3d"",""2i1g"",""1f1g+"",""5g5f"",""5c4d"",""5f5e"",""5d5e"",""5h5e"",""4d5e"",""4f5e"",""5a4b"",""P*2b"",""2a3c"",""1i1g"",""1c1g+""],""scoreCp"":837},{""move"":""1g1f"",""pvUsi"":[""1g1f"",""5c4d"",""5g5f"",""5a4b"",""1f1e"",""4d3e"",""4f2h"",""1c1e"",""P*1f"",""1e1f"",""1i1f"",""P*1e"",""1f1e"",""2f1e"",""P*1b"",""8d8e"",""1b1a+"",""8e8f"",""5f5e"",""5b6c"",""5e5d""],""scoreCp"":765}]}]"
middlegame-80,1nsg3nk/l1r6/p1p1gppp1/1p1+B5/1b1pp1P1l/1PP1PP2p/P2P3GN/LKG1R1S1L/1NS1S4 b 2p 1,2000,2,1,256,3,3,2449.1,2484,2486.4,2000.667,1173984.7,586794.9,2036.7,20,"{""ok"":3}",0,0,"[{""label"":""middlegame-80:mt2000-mpv2-t1-h256:warm1"",""candidates"":[{""move"":""6d5c"",""pvUsi"":[""6d5c"",""8e7f"",""1g2e"",""6e6f"",""6g6f"",""1a2b"",""3e3d"",""3c3d"",""5c7e"",""7f9d"",""2g2f"",""8d8e"",""2f1e"",""7c7d"",""7e6e"",""2b3a"",""P*3c""],""scoreCp"":2247},{""move"":""6d7e"",""pvUsi"":[""6d7e"",""1f1g+"",""8f8e"",""6a5b"",""2g1g"",""7c7d"",""7e4h"",""1e1g+"",""1h1g"",""1a2b"",""B*4e"",""8d8e"",""P*2d"",""8e8f"",""4e7b+"",""7a7b"",""2d2c+"",""2b2c""],""scoreCp"":1864}]},{""label"":""middlegame-80:mt2000-mpv2-t1-h256:warm2"",""candidates"":[{""move"":""6d5c"",""pvUsi"":[""6d5c"",""8e7f"",""1g2e"",""6e6f"",""6g6f"",""1a2b"",""3e3d"",""3c3d"",""5c7e"",""7f9d"",""2g2f"",""8d8e"",""2f1e"",""7c7d"",""7e6e"",""2b3a"",""P*3c""],""scoreCp"":2247},{""move"":""6d7e"",""pvUsi"":[""6d7e"",""1f1g+"",""8f8e"",""6a5b"",""2g1g"",""7c7d"",""7e4h"",""1e1g+"",""1h1g"",""1a2b"",""B*4e"",""8d8e"",""P*2d"",""8e8f"",""4e7b+"",""7a7b"",""2d2c+"",""2b2c""],""scoreCp"":1864}]},{""label"":""middlegame-80:mt2000-mpv2-t1-h256:warm3"",""candidates"":[{""move"":""6d5c"",""pvUsi"":[""6d5c"",""8e7f"",""1g2e"",""6e6f"",""6g6f"",""1a2b"",""3e3d"",""3c3d"",""5c7e"",""7f9d"",""2g2f"",""8d8e"",""2f1e"",""7c7d"",""7e6e"",""2b3a"",""P*3c""],""scoreCp"":2247},{""move"":""6d7e"",""pvUsi"":[""6d7e"",""1f1g+"",""8f8e"",""6a5b"",""2g1g"",""7c7d"",""7e4h"",""1e1g+"",""1h1g"",""1a2b"",""B*4e"",""8d8e"",""P*2d"",""8e8f"",""4e7b+"",""7a7b"",""2d2c+"",""2b2c""],""scoreCp"":1864}]}]"
hand-piece-rich,1n2g4/l1s3k1r/p1+B1gp1pn/Bp7/1PPp5/5P2l/PG1P+pS2N/LK2R3L/1NS1S4 b 2Pg5p 1,2000,2,1,256,3,3,2579.9,2474.5,2896.8,2001,1068730.3,534100.3,2036.7,19,"{""ok"":3}",0,0,"[{""label"":""hand-piece-rich:mt2000-mpv2-t1-h256:warm1"",""candidates"":[{""move"":""7c5a"",""pvUsi"":[""7c5a"",""G*4b"",""5h3h"",""P*3c"",""P*3d"",""3c3d"",""9d7b+"",""1f1g"",""P*2b"",""1b2b"",""3h3d"",""P*3c"",""3d8d"",""1g1h+"",""7b1h"",""N*9e""],""scoreCp"":2164},{""move"":""9d7b+"",""pvUsi"":[""9d7b+"",""8a7c"",""5h5g"",""B*1a"",""8h7h"",""P*5f"",""5g5f"",""P*5e"",""P*3c"",""1a3c"",""P*3d"",""5e5f"",""3d3c+"",""3b3c"",""7b7c"",""5a4b"",""B*1e"",""G*2d""],""scoreCp"":1538}]},{""label"":""hand-piece-rich:mt2000-mpv2-t1-h256:warm2"",""candidates"":[{""move"":""7c5a"",""pvUsi"":[""7c5a"",""G*4b"",""5h3h"",""P*3c"",""P*3d"",""3c3d"",""9d7b+"",""1f1g"",""P*2b"",""1b2b"",""3h3d"",""P*3c"",""3d8d"",""1g1h+"",""7b1h"",""N*9e""],""scoreCp"":2164},{""move"":""9d7b+"",""pvUsi"":[""9d7b+"",""8a7c"",""5h5g"",""B*1a"",""8h7h"",""P*5f"",""5g5f"",""P*5e"",""P*3c"",""1a3c"",""P*3d"",""5e5f"",""3d3c+"",""3b3c"",""7b7c"",""5a4b"",""B*1e"",""G*2d""],""scoreCp"":1538}]},{""label"":""hand-piece-rich:mt2000-mpv2-t1-h256:warm3"",""candidates"":[{""move"":""7c5a"",""pvUsi"":[""7c5a"",""G*4b"",""5h3h"",""P*3c"",""P*3d"",""3c3d"",""9d7b+"",""1f1g"",""P*2b"",""1b2b"",""3h3d"",""P*3c"",""3d8d"",""1g1h+"",""7b1h"",""N*9e""],""scoreCp"":2164},{""move"":""9d7b+"",""pvUsi"":[""9d7b+"",""8a7c"",""5h5g"",""B*1a"",""8h7h"",""P*5f"",""5g5f"",""P*5e"",""P*3c"",""1a3c"",""P*3d"",""5e5f"",""3d3c+"",""3b3c"",""7b7c"",""5a4b"",""B*1e"",""G*2d""],""scoreCp"":1538}]}]"
middlegame-120,1n2g4/+B1s1k3r/p+P2gp1pn/B8/2Pp2p2/1p2LP2l/PG1P+pS2N/LKR4PL/1NS1S1+p1g b 2P2p 1,2000,2,1,256,3,3,2444.733,2475.1,2476.7,2000.333,1103414.7,551616.2,2033.3,18,"{""ok"":3}",0,0,"[{""label"":""middlegame-120:mt2000-mpv2-t1-h256:warm1"",""candidates"":[{""move"":""9d8e"",""pvUsi"":[""9d8e"",""5b4b"",""5f5c+"",""4b5c"",""8g8f"",""P*8g"",""8h8g"",""5c4d"",""G*4e"",""4d3c"",""4e3e"",""L*3d"",""9b8a"",""3d3e""],""scoreCp"":1937},{""move"":""8g8f"",""pvUsi"":[""8g8f"",""9c9d"",""8c7b"",""5g5f"",""4g5f"",""3i4i"",""9b8a"",""4i5i"",""N*4e"",""1i1h"",""8a7a"",""5c6c"",""S*6a"",""5a6a"",""7a6a"",""5b4b""],""scoreCp"":1555}]},{""label"":""middlegame-120:mt2000-mpv2-t1-h256:warm2"",""candidates"":[{""move"":""9d8e"",""pvUsi"":[""9d8e"",""5b4b"",""5f5c+"",""4b5c"",""8g8f"",""5c4d"",""8c7b"",""4d3d"",""8e6c+"",""4c4d"",""S*2f"",""L*8d"",""G*4e"",""4d4e"",""6c4e"",""3d2d"",""4e3e"",""2d3c"",""P*3d"",""3c2b""],""scoreCp"":1897},{""move"":""8g8f"",""pvUsi"":[""8g8f"",""9c9d"",""8c7b"",""5g5f"",""4g5f"",""3i4i"",""9b8a"",""4i5i"",""N*4e"",""1i1h"",""8a7a"",""5c6c"",""S*6a"",""5a6a"",""7a6a"",""5b4b""],""scoreCp"":1555}]},{""label"":""middlegame-120:mt2000-mpv2-t1-h256:warm3"",""candidates"":[{""move"":""9d8e"",""pvUsi"":[""9d8e"",""5b4b"",""5f5c+"",""4b5c"",""8g8f"",""5c4d"",""8c7b"",""4d3d"",""8e6c+"",""4c4d"",""S*2f"",""L*8d"",""G*4e"",""4d4e"",""6c4e"",""3d2d"",""4e3e"",""2d3c"",""P*3d"",""3c2b""],""scoreCp"":1897},{""move"":""8g8f"",""pvUsi"":[""8g8f"",""9c9d"",""8c7b"",""5g5f"",""4g5f"",""3i4i"",""9b8a"",""4i5i"",""N*4e"",""1i1h"",""8a7a"",""5c6c"",""S*6a"",""5a6a"",""7a6a"",""5b4b""],""scoreCp"":1555}]}]"
middlegame-150,1+Bp6/4+Bgr1p/1P2L1kpn/p4p2n/2Pp2p2/1pG2P3/P2P1S2+l/LKRS+p2PL/1NS1S1+p1g b GN2p 1,2000,2,1,256,3,3,2376.667,2375.6,2380,2000,1374726,687363,2036.7,17.33,"{""ok"":3}",0,0,"[{""label"":""middlegame-150:mt2000-mpv2-t1-h256:warm1"",""candidates"":[{""move"":""G*3d"",""pvUsi"":[""G*3d"",""3c2b"",""8a5d"",""5h6h"",""5b4b"",""6h7h"",""8h7h"",""8f8g+"",""7h6h"",""8g7h"",""6h7h"",""R*6h"",""7h6h"",""S*5g"",""6h5g"",""P*5f"",""4g5f""],""scoreCp"":4512},{""move"":""N*2f"",""pvUsi"":[""N*2f"",""4b5b"",""G*3d"",""3c2b"",""2f1d"",""2b1a"",""8a5d"",""5h6h"",""5d4d"",""1a2a"",""7f8f"",""6h7h"",""8h7h"",""5b5c"",""4d5c""],""scoreCp"":1951}]},{""label"":""middlegame-150:mt2000-mpv2-t1-h256:warm2"",""candidates"":[{""move"":""G*3d"",""pvUsi"":[""G*3d"",""3c2b"",""8a5d"",""5h6h"",""5b4b"",""6h7h"",""8h7h"",""8f8g+"",""7h6h"",""8g7h"",""6h7h"",""R*6h"",""7h6h"",""S*5g"",""6h5g"",""P*5f"",""4g5f""],""scoreCp"":4512},{""move"":""N*2f"",""pvUsi"":[""N*2f"",""4b5b"",""G*3d"",""3c2b"",""2f1d"",""2b1a"",""8a5d"",""5h6h"",""5d4d"",""1a2a"",""7f8f"",""6h7h"",""8h7h"",""5b5c"",""4d5c""],""scoreCp"":1951}]},{""label"":""middlegame-150:mt2000-mpv2-t1-h256:warm3"",""candidates"":[{""move"":""G*3d"",""pvUsi"":[""G*3d"",""3c2b"",""8a5d"",""4b5b"",""5d3b"",""2b3b"",""5c5b+"",""B*5e"",""6g6f"",""B*2d"",""N*3c"",""2d3c"",""G*4c"",""3b2a"",""R*4a"",""N*3a"",""3d3c"",""8f8g+"",""8h8g"",""P*8f"",""7f8f""],""scoreCp"":4183},{""move"":""N*2f"",""pvUsi"":[""N*2f"",""4b5b"",""G*3d"",""3c2b"",""2f1d"",""2b1a"",""5c5b+"",""5h6h"",""8a5d"",""6h7h"",""8h7h"",""B*8g"",""7h7g"",""8g7f+"",""7g7f"",""S*8g"",""7f6e"",""P*6d"",""6e6d""],""scoreCp"":1756}]}]"
mate-in-one,2p2+B2k/1+B3g2p/1P2L1Gpn/p1P2p3/3p2p2/lpG1NP3/P1KP+p3+l/LS1S2SP+n/1NR1S1+pg1 b RPp 1,2000,2,1,256,3,3,2416.567,2388.4,2477.6,2000,3162514,1581257,2043.3,62.33,"{""mate"":3}",0,0,"[{""label"":""mate-in-one:mt2000-mpv2-t1-h256:warm1"",""candidates"":[{""move"":""R*3a"",""pvUsi"":[""R*3a""],""scoreMate"":1},{""move"":""4a4b"",""pvUsi"":[""4a4b"",""5g6g"",""6h6g"",""8f8g+"",""8h8g"",""3i3h"",""G*2b""],""scoreMate"":7}]},{""label"":""mate-in-one:mt2000-mpv2-t1-h256:warm2"",""candidates"":[{""move"":""R*3a"",""pvUsi"":[""R*3a""],""scoreMate"":1},{""move"":""4a4b"",""pvUsi"":[""4a4b"",""5g6g"",""6h6g"",""8f8g+"",""8h8g"",""3i3h"",""G*2b""],""scoreMate"":7}]},{""label"":""mate-in-one:mt2000-mpv2-t1-h256:warm3"",""candidates"":[{""move"":""R*3a"",""pvUsi"":[""R*3a""],""scoreMate"":1},{""move"":""4a4b"",""pvUsi"":[""4a4b"",""5g6g"",""6h6g"",""8f8g+"",""8h8g"",""3i3h"",""G*2b""],""scoreMate"":7}]}]"
single-legal-move,2p5k/4Rg2p/1P2L1Gp1/p1P+B+Bp3/n2p2pnP/l1G2P3/P+pKP1+p2+l/LS1S2SP+n/1NR1S1+pg1 b P 1,2000,2,1,256,3,3,2528.9,2465.7,2768.4,2000,2186123.7,1093061.8,2033.3,0,"{""incomplete"":3}",3,0,"[{""label"":""single-legal-move:mt2000-mpv2-t1-h256:warm1"",""candidates"":[]},{""label"":""single-legal-move:mt2000-mpv2-t1-h256:warm2"",""candidates"":[]},{""label"":""single-legal-move:mt2000-mpv2-t1-h256:warm3"",""candidates"":[]}]"
sparse-endgame,l+P1+S5/+B1+B4sl/5r+N1n/l3p3p/2g1kS2P/2P3PG1/2S5L/+n1G4pK/P+p1G1R3 b 7Pn2p 1,2000,2,1,256,3,3,1598,1330.8,2169.8,950,2098812,2209444.4,990,245,"{""mate"":3}",0,0,"[{""label"":""sparse-endgame:mt2000-mpv2-t1-h256:warm1"",""candidates"":[{""move"":""7b5d"",""pvUsi"":[""7b5d""],""scoreMate"":1},{""move"":""4e5f"",""pvUsi"":[""4e5f"",""5e6d"",""4i4c+"",""N*4b"",""7b7c""],""scoreMate"":5}]},{""label"":""sparse-endgame:mt2000-mpv2-t1-h256:warm2"",""candidates"":[{""move"":""7b5d"",""pvUsi"":[""7b5d""],""scoreMate"":1},{""move"":""4e5f"",""pvUsi"":[""4e5f"",""5e6d"",""4i4c+"",""N*4b"",""7b7c""],""scoreMate"":5}]},{""label"":""sparse-endgame:mt2000-mpv2-t1-h256:warm3"",""candidates"":[{""move"":""7b5d"",""pvUsi"":[""7b5d""],""scoreMate"":1},{""move"":""4e5f"",""pvUsi"":[""4e5f"",""5e6d"",""4i4c+"",""N*4b"",""7b7c""],""scoreMate"":5}]}]"
initial-position,lnsgkgsnl/1r5b1/ppppppppp/9/9/9/PPPPPPPPP/1B5R1/LNSGKGSNL b - 1,2000,2,2,256,3,3,2590.5,2499.7,2785.4,2002.333,1506935.7,752578.7,2076.7,24,"{""ok"":3}",0,0,"[{""label"":""initial-position:mt2000-mpv2-t2-h256:warm1"",""candidates"":[{""move"":""6i7h"",""pvUsi"":[""6i7h"",""8c8d"",""2g2f"",""8d8e"",""2f2e"",""4a3b"",""5i6h"",""1c1d"",""3i3h"",""7a7b"",""3g3f"",""8e8f"",""8g8f"",""8b8f"",""9g9f"",""5a5b"",""3h3g"",""8f8e"",""P*8g"",""7c7d"",""7g7f"",""8a7c"",""3g4f"",""P*8f"",""8g8f""],""scoreCp"":33},{""move"":""2g2f"",""pvUsi"":[""2g2f"",""8c8d"",""2f2e"",""8d8e"",""7g7f"",""4a3b"",""8h7g"",""3c3d"",""7i8h"",""2b7g+"",""8h7g"",""3a2b"",""6i7h"",""2b3c"",""3i3h"",""7a6b"",""3g3f"",""6c6d"",""5i6h"",""6b6c"",""9g9f"",""1c1d""],""scoreCp"":33}]},{""label"":""initial-position:mt2000-mpv2-t2-h256:warm2"",""candidates"":[{""move"":""7g7f"",""pvUsi"":[""7g7f"",""3c3d"",""2g2f"",""8c8d"",""2f2e"",""8d8e"",""6i7h"",""4a3b"",""2e2d"",""2c2d"",""2h2d"",""8e8f"",""8g8f"",""8b8f"",""2d3d"",""8f8b"",""5i5h"",""2b3c"",""3d3f"",""3a2b"",""3f5f"",""7a6b"",""5f2f"",""6c6d"",""P*8g""],""scoreCp"":82},{""move"":""2g2f"",""pvUsi"":[""2g2f"",""8c8d"",""2f2e"",""8d8e"",""6i7h"",""1c1d"",""5i6h"",""4a3b"",""3i3h"",""8e8f"",""8g8f"",""8b8f"",""P*8g"",""8f8b"",""7g7f"",""6c6d"",""3g3f"",""7a7b"",""9g9f"",""7b6c"",""2i3g"",""6a5b""],""scoreCp"":66}]},{""label"":""initial-position:mt2000-mpv2-t2-h256:warm3"",""candidates"":[{""move"":""2g2f"",""pvUsi"":[""2g2f"",""8c8d"",""2f2e"",""8d8e"",""6i7h"",""4a3b"",""3i3h"",""7a7b"",""9g9f"",""9c9d"",""5i6h"",""1c1d"",""3g3f"",""7c7d"",""2i3g"",""7b7c"",""7g7f"",""8e8f"",""8g8f"",""8b8f"",""4i5h"",""8f8b"",""P*8g"",""7c6d"",""1g1f"",""3c3d""],""scoreCp"":44},{""move"":""7g7f"",""pvUsi"":[""7g7f"",""8c8d"",""2g2f"",""4a3b"",""2f2e"",""8d8e"",""8h7g"",""3c3d"",""6g6f"",""2b3c"",""6i7h"",""7c7d"",""3i4h"",""4c4d"",""9g9f"",""3a4b"",""4i5h"",""7a6b""],""scoreCp"":33}]}]"
quiet-no-mate,1n1g1ksn1/l1rsg2b1/p1pp1p+Bpl/1p2p4/8p/2P3P1P/PP1PPPSP1/3S4R/LNG1KG1NL b P 1,2000,2,2,256,3,3,2440.133,2404.8,2511.4,2000.333,1213639.3,606714.6,2076.7,18.33,"{""ok"":3}",0,0,"[{""label"":""quiet-no-mate:mt2000-mpv2-t2-h256:warm1"",""candidates"":[{""move"":""3c2b"",""pvUsi"":[""3c2b"",""3a2b"",""1f1e"",""B*4d"",""B*6f"",""4d6f"",""6g6f"",""B*3c"",""1e1d"",""3c6f"",""1d1c+"",""P*1g"",""1h1g"",""2a1c"",""B*7g"",""6f7g+"",""8i7g"",""7c7d"",""B*6f""],""scoreCp"":1561},{""move"":""3c2c"",""pvUsi"":[""3c2c"",""4a5a"",""2c2b"",""3a2b"",""1f1e"",""B*3c"",""1e1d"",""3c9i+"",""1d1c+"",""2b1c"",""B*7g"",""9i7g"",""6h7g"",""7c7d"",""B*1b"",""7d7e"",""1b2a+"",""7e7f""],""scoreCp"":1488}]},{""label"":""quiet-no-mate:mt2000-mpv2-t2-h256:warm2"",""candidates"":[{""move"":""3c2b"",""pvUsi"":[""3c2b"",""3a2b"",""1f1e"",""B*3c"",""B*6f"",""3c6f"",""6g6f"",""B*8c"",""4i5h"",""6b5c"",""1e1d"",""8c9d"",""1d1c+"",""2a1c"",""6h6g"",""7c7d"",""B*4f"",""7d7e"",""4f1c+"",""2b1c"",""1h1c+"",""7e7f""],""scoreCp"":1625},{""move"":""3c2c"",""pvUsi"":[""3c2c"",""4a5a"",""1f1e"",""2b9i+"",""1e1d"",""1c1d"",""1h1d"",""L*1c"",""1d3d"",""P*3c"",""3d5d"",""1c1i+"",""5d1d"",""L*1c"",""1d8d"",""1i2i"",""L*5f"",""6a7a"",""P*1d"",""7c7d"",""1d1c+"",""5a6a"",""8d8e""],""scoreCp"":1532}]},{""label"":""quiet-no-mate:mt2000-mpv2-t2-h256:warm3"",""candidates"":[{""move"":""3c2b"",""pvUsi"":[""3c2b"",""3a2b"",""1f1e"",""B*6e"",""5i4h"",""6e7f"",""B*8c"",""P*1g"",""1h1g"",""2a3c"",""1e1d"",""3c2e"",""1g1h""],""scoreCp"":1561},{""move"":""3c2c"",""pvUsi"":[""3c2c"",""4a5a"",""2c2b"",""3a2b"",""1f1e"",""B*3c"",""1e1d"",""3c9i+"",""1d1c+"",""2b1c"",""L*2f"",""P*1d"",""2f2a+"",""7c7d"",""B*7g"",""9i7g"",""6h7g"",""7d7e"",""B*8c""],""scoreCp"":1508}]}]"
sente-middlegame,1nrg3n1/l2s2k2/p1p1gp1pl/1p1pp2s1/6P1p/b1P5P/PP1PPP1P1/L1KSRSG2/1NG4NL b BP 1,2000,2,2,256,3,3,2514.467,2521.2,2527.8,2002,1140616,569744.9,2083.3,19,"{""ok"":3}",0,0,"[{""label"":""sente-middlegame:mt2000-mpv2-t2-h256:warm1"",""candidates"":[{""move"":""9g9f"",""pvUsi"":[""9g9f"",""8d8e"",""B*8b"",""7a7b"",""8b9a+"",""6a7a"",""B*8c"",""8e8f"",""8g8f"",""7c7d"",""5g5f"",""8a7c"",""8c7b+"",""7a7b"",""9a9b""],""scoreCp"":2065},{""move"":""1f1e"",""pvUsi"":[""1f1e"",""9f8e"",""1e1d"",""1c1d"",""1i1d"",""P*1c"",""P*1b"",""1c1d"",""1b1a+"",""7c7d"",""1a2a"",""7d7e"",""3e3d"",""7e7f"",""7h6i"",""7f7g+"",""8i7g"",""8e9d"",""P*7f"",""9d7f"",""7i7h"",""7f9d""],""scoreCp"":1225}]},{""label"":""sente-middlegame:mt2000-mpv2-t2-h256:warm2"",""candidates"":[{""move"":""9g9f"",""pvUsi"":[""9g9f"",""7c7d"",""B*8b"",""7a7b"",""8b9a+"",""8a7c"",""9a8a"",""7d7e"",""B*8c"",""7b7a"",""8a7a"",""6a7a"",""8c9b+"",""7e7f"",""5g5f"",""7c8e"",""R*1b"",""B*2b""],""scoreCp"":2028},{""move"":""1f1e"",""pvUsi"":[""1f1e"",""9f8e"",""1e1d"",""1c1d"",""1i1d"",""P*1c"",""P*1b"",""7c7d"",""1b1a+"",""7d7e"",""1a2a"",""1c1d"",""3e3d"",""7e7f"",""7h6i"",""4c4d"",""5g5f"",""6a5b"",""8g8f"",""8e9d"",""7i7h"",""L*7g"",""L*3c"",""3b2a""],""scoreCp"":1221}]},{""label"":""sente-middlegame:mt2000-mpv2-t2-h256:warm3"",""candidates"":[{""move"":""9g9f"",""pvUsi"":[""9g9f"",""8d8e"",""1f1e"",""7c7d"",""1e1d"",""1c1d"",""1i1d"",""P*1c"",""B*8b"",""7a7b"",""8b9a+"",""1c1d"",""9a8a""],""scoreCp"":2080},{""move"":""1f1e"",""pvUsi"":[""1f1e"",""9f8e"",""3e3d"",""7c7d"",""1e1d"",""1c1d"",""1i1d"",""P*1c"",""P*1b"",""1c1d"",""1b1a+"",""7d7e"",""1a2a"",""7e7f"",""7h6i"",""4c4d"",""7i7h""],""scoreCp"":1224}]}]"
gote-middlegame,1nrgB2n1/l2s2k2/p1p1gp1pl/1p1pp2s1/6P1p/b1P5P/PP1PPP1P1/L1KSRSG2/1NG4NL w P 1,2000,2,2,256,3,3,2618.567,2525.7,2815.8,2002.333,1127616,563181.8,2076.7,17.33,"{""ok"":3}",0,0,"[{""label"":""gote-middlegame:mt2000-mpv2-t2-h256:warm1"",""candidates"":[{""move"":""9f8g+"",""pvUsi"":[""9f8g+"",""7h8g"",""6a5a"",""B*8b"",""7a6a"",""8b9a+"",""1e1f"",""9a9b"",""1f1g+"",""2i1g"",""P*1f"",""P*8b"",""1f1g+"",""8b8a+"",""N*9e"",""8g7g"",""B*4i"",""4h5i"",""1g2g"",""1i1c+"",""2d1c"",""3h4h"",""4i5h+"",""4h5h""],""scoreCp"":183},{""move"":""9f8e"",""pvUsi"":[""9f8e"",""5a2d+"",""2c2d"",""1f1e"",""7c7d"",""1e1d"",""1c1d"",""1i1d"",""7d7e"",""1d1b+"",""6d6e"",""1b2a"",""6e6f"",""7h6i"",""7e7f"",""7i7h"",""B*4i"",""4h5i"",""6f6g+"",""7h6g"",""7f7g+"",""8i7g"",""8e6g+"",""6h6g"",""7a7g+"",""5i6h"",""N*6f"",""6h7g"",""4i5h+"",""6g5h""],""scoreCp"":214}]},{""label"":""gote-middlegame:mt2000-mpv2-t2-h256:warm2"",""candidates"":[{""move"":""9f8g+"",""pvUsi"":[""9f8g+"",""7h8g"",""6a5a"",""B*8b"",""7a6a"",""8b9a+"",""1e1f"",""9a9b"",""1f1g+"",""2i1g"",""P*1f"",""1g2e"",""2d2e"",""5h5i"",""7c7d"",""9b8c"",""6a7a""],""scoreCp"":138},{""move"":""9f8e"",""pvUsi"":[""9f8e"",""5a2d+"",""2c2d"",""1f1e"",""7c7d"",""1e1d"",""1c1d"",""1i1d"",""P*1c"",""1d1c+"",""2a1c"",""S*8b"",""7a7b"",""8b8a"",""7b8b"",""8a9b"",""8b9b"",""4h5i"",""3b4b"",""3e3d"",""7d7e"",""7f7e""],""scoreCp"":280}]},{""label"":""gote-middlegame:mt2000-mpv2-t2-h256:warm3"",""candidates"":[{""move"":""9f8g+"",""pvUsi"":[""9f8g+"",""7h8g"",""6a5a"",""B*8b"",""7a6a"",""8b9a+"",""1e1f"",""9a9b"",""1f1g+"",""2i1g"",""P*1f"",""1g2e"",""2d2e"",""P*8b"",""B*4i"",""4h5i"",""1f1g+"",""5h4h"",""P*1f""],""scoreCp"":182},{""move"":""9f8e"",""pvUsi"":[""9f8e"",""5a2d+"",""2c2d"",""1f1e"",""7c7d"",""1e1d"",""1c1d"",""1i1d"",""7d7e"",""1d1b+"",""7e7f"",""1b2a"",""3b2a"",""7h6i"",""2a3b"",""3e3d"",""3b4b"",""4h5i""],""scoreCp"":297}]}]"
middlegame-60,1nr1g1kn1/l2sb4/p1p1gpppl/1p2p4/3p2P2/1PP2+B1sp/P1KPPP2P/L1G1RSG2/1N2S2NL b p 1,2000,2,2,256,3,3,2595.467,2619.4,2745.4,2000.667,1149907.7,574765.2,2080,18,"{""ok"":3}",0,0,"[{""label"":""middlegame-60:mt2000-mpv2-t2-h256:warm1"",""candidates"":[{""move"":""3h3g"",""pvUsi"":[""3h3g"",""2f1g"",""2i1g"",""1f1g+"",""3e3d"",""3c3d"",""5g5f"",""P*1h"",""5f5e"",""5d5e"",""4f5e"",""5a4b"",""5e1a"",""3a3b"",""P*5d"",""5c6c"",""1i1h"",""2a3c""],""scoreCp"":823},{""move"":""1g1f"",""pvUsi"":[""1g1f"",""8d8e"",""3h3g"",""2f3g+"",""4h3g"",""8e8f"",""5h2h"",""5a4b"",""2h2c+"",""P*2b"",""2c1b"",""4b3b"",""1f1e"",""3a4b"",""1e1d"",""G*8g"",""7h8g"",""8f8g+"",""7g8g""],""scoreCp"":821}]},{""label"":""middlegame-60:mt2000-mpv2-t2-h256:warm2"",""candidates"":[{""move"":""1g1f"",""pvUsi"":[""1g1f"",""5c4d"",""1f1e"",""1c1e"",""P*1f"",""4d3e"",""4f6d"",""5a4b"",""1f1e"",""6b5c"",""6d2h"",""8d8e"",""1e1d"",""P*1f"",""8f8e"",""3e3f""],""scoreCp"":766},{""move"":""3h3g"",""pvUsi"":[""3h3g"",""2f1g"",""2i1g"",""1f1g+"",""5g5f"",""P*1h"",""1i1h"",""1g1h"",""P*1b"",""3a2b"",""5f5e"",""5d5e"",""3e3d"",""3c3d"",""5h5e"",""2b1b"",""5e6e"",""P*5d""],""scoreCp"":725}]},{""label"":""middlegame-60:mt2000-mpv2-t2-h256:warm3"",""candidates"":[{""move"":""1g1f"",""pvUsi"":[""1g1f"",""4c4d"",""4f3f"",""1c1f"",""P*1g"",""2f1g+"",""1i1g"",""1f1g+"",""2i1g"",""7c7d"",""5g5f"",""7d7e"",""7f7e"",""7a7e"",""L*7f"",""7e7f"",""7g7f"",""L*7c"",""P*7e""],""scoreCp"":760},{""move"":""3h3g"",""pvUsi"":[""3h3g"",""2f3g+"",""4h3g"",""5a4b"",""1g1f"",""4c4d"",""5g5f"",""8d8e"",""5h2h"",""4b3b"",""8f8e"",""P*8f"",""1f1e"",""6e6f"",""6g6f"",""5b8e"",""1e1d""],""scoreCp"":751}]}]"
middlegame-80,1nsg3nk/l1r6/p1p1gppp1/1p1+B5/1b1pp1P1l/1PP1PP2p/P2P3GN/LKG1R1S1L/1NS1S4 b 2p 1,2000,2,2,256,3,3,2450.767,2417.4,2522.2,2002.667,1199517.7,598964.5,2083.3,17.67,"{""ok"":3}",0,0,"[{""label"":""middlegame-80:mt2000-mpv2-t2-h256:warm1"",""candidates"":[{""move"":""6d5c"",""pvUsi"":[""6d5c"",""8e7f"",""1g2e"",""6e6f"",""6g6f"",""8d8e"",""5h5g"",""7b8b"",""G*7g"",""7f9h+"",""8h9h"",""8e8f"",""B*5d""],""scoreCp"":2173},{""move"":""6d7e"",""pvUsi"":[""6d7e"",""1f1g+"",""8f8e"",""6a5b"",""2g1g"",""7c7d"",""7e6e"",""8d8e"",""5f5e"",""8e8f"",""P*2d"",""2c2d"",""5e5d"",""P*5g"",""5h5g"",""7b8b"",""5d5c+"",""5b5c"",""B*3a"",""8f8g+"",""7h8g""],""scoreCp"":1890}]},{""label"":""middlegame-80:mt2000-mpv2-t2-h256:warm2"",""candidates"":[{""move"":""6d5c"",""pvUsi"":[""6d5c"",""8e7f"",""7h7g"",""1f1g+"",""7g7f"",""P*1c"",""5c4c"",""1g2g"",""3h2g"",""1e1h+"",""5h1h"",""L*7d"",""P*7e"",""7d7e""],""scoreCp"":2240},{""move"":""6d7e"",""pvUsi"":[""6d7e"",""6a5b"",""8f8e"",""1f1g+"",""2g1g"",""1a2b"",""P*2d"",""2b1c"",""2d2c+"",""1c2c"",""B*4e"",""2c2d"",""4e7b+"",""7a7b"",""1g2f"",""1e1h+"",""7e5c"",""5b5c""],""scoreCp"":1873}]},{""label"":""middlegame-80:mt2000-mpv2-t2-h256:warm3"",""candidates"":[{""move"":""6d5c"",""pvUsi"":[""6d5c"",""8e7f"",""1g2e"",""6e6f"",""G*7g"",""7f9d"",""6g6f"",""1f1g+"",""2g2f"",""8d8e"",""3e3d"",""3c3d"",""8f8e"",""9d8e"",""5c4c""],""scoreCp"":2216},{""move"":""6d7e"",""pvUsi"":[""6d7e"",""6a5b"",""8f8e"",""1f1g+"",""2g1g"",""7c7d"",""7e6e"",""1e1g+"",""1h1g"",""1a2b"",""5f5e"",""8a7c"",""6e6f"",""8d8e"",""5e5d"",""5c6c"",""P*2d"",""2c2d""],""scoreCp"":1850}]}]"
hand-piece-rich,1n2g4/l1s3k1r/p1+B1gp1pn/Bp7/1PPp5/5P2l/PG1P+pS2N/LK2R3L/1NS1S4 b 2Pg5p 1,2000,2,2,256,3,3,2548.333,2521.4,2709.6,2002.333,1050130,524457,2080,17,"{""ok"":3}",0,0,"[{""label"":""hand-piece-rich:mt2000-mpv2-t2-h256:warm1"",""candidates"":[{""move"":""7c5a"",""pvUsi"":[""7c5a"",""G*4b"",""9d7b+"",""5g5h"",""5i5h"",""P*3d"",""7b8a"",""1f1g+"",""N*4e"",""3b2a"",""P*3c""],""scoreCp"":2131},{""move"":""9d7b+"",""pvUsi"":[""9d7b+"",""8a7c"",""5h5g"",""P*5f"",""5g5f"",""P*5e"",""5f5h"",""P*7h"",""7i7h"",""7c8e"",""P*3c"",""3b4a""],""scoreCp"":1601}]},{""label"":""hand-piece-rich:mt2000-mpv2-t2-h256:warm2"",""candidates"":[{""move"":""7c5a"",""pvUsi"":[""7c5a"",""5g5h"",""P*3c"",""3b2a"",""G*3b"",""1b3b"",""3c3b+"",""2a3b"",""9d7b+"",""5h5i"",""P*3c"",""3b2a"",""R*4a"",""P*3a"",""3c3b+"",""2a3b""],""scoreCp"":2103},{""move"":""9d7b+"",""pvUsi"":[""9d7b+"",""8a7c"",""5h5g"",""B*3c"",""P*5e"",""7c8e"",""P*3d"",""3c1e"",""7b3f"",""5c4d"",""P*1d"",""P*3e"",""S*3c"",""1e3c"",""3d3c+"",""3b3c""],""scoreCp"":1624}]},{""label"":""hand-piece-rich:mt2000-mpv2-t2-h256:warm3"",""candidates"":[{""move"":""7c5a"",""pvUsi"":[""7c5a"",""3b2a"",""5h5g"",""9c9d"",""5g5c+"",""B*2f"",""P*2b"",""1b2b"",""G*3a"",""2a1b""],""scoreCp"":2073},{""move"":""9d7b+"",""pvUsi"":[""9d7b+"",""8a7c"",""5h5g"",""P*5f"",""5g5f"",""P*5e"",""5f5e"",""5a5b"",""7b7c"",""P*5d"",""5e5h"",""5c6c"",""7c8d"",""1f1g+"",""1h1g"",""B*4d"",""P*5e"",""4d1g+"",""L*3f"",""L*3c""],""scoreCp"":1567}]}]"
middlegame-120,1n2g4/+B1s1k3r/p+P2gp1pn/B8/2Pp2p2/1p2LP2l/PG1P+pS2N/LKR4PL/1NS1S1+p1g b 2P2p 1,2000,2,2,256,3,3,2468.5,2498.1,2501.5,2001.667,1113848.3,556454.3,2076.7,15.67,"{""ok"":3}",0,0,"[{""label"":""middlegame-120:mt2000-mpv2-t2-h256:warm1"",""candidates"":[{""move"":""9d8e"",""pvUsi"":[""9d8e"",""5b4b"",""5f5c+"",""4b3c"",""8g8f"",""8a7c"",""8c7b"",""P*7g"",""8i7g"",""7c8e"",""9b6e"",""3c2d"",""G*2f"",""P*8g"",""8h8g"",""8e7g+"",""7h7g""],""scoreCp"":1912},{""move"":""8g8f"",""pvUsi"":[""8g8f"",""9c9d"",""8c7b"",""P*8e"",""9b7d"",""5b4b"",""5f5c+"",""4b3c"",""7d8e"",""3c3d"",""8h8g"",""1i1h"",""G*1e"",""5g4g"",""S*4e"",""3d3c""],""scoreCp"":1574}]},{""label"":""middlegame-120:mt2000-mpv2-t2-h256:warm2"",""candidates"":[{""move"":""9d8e"",""pvUsi"":[""9d8e"",""5b4b"",""5f5c+"",""4b3c"",""8g8f"",""P*8d"",""8e7f"",""8a7c"",""8c7b"",""3c3d"",""G*4e"",""3d2d"",""S*2f"",""1b7b"",""P*1e"",""7b9b""],""scoreCp"":1908},{""move"":""8g8f"",""pvUsi"":[""8g8f"",""9c9d"",""8c7b"",""5g6g"",""9b7d"",""5b4b"",""5f5c+"",""4b3c"",""7d6e"",""6g7h"",""7i7h"",""3c2d"",""S*2f"",""R*5g""],""scoreCp"":1503}]},{""label"":""middlegame-120:mt2000-mpv2-t2-h256:warm3"",""candidates"":[{""move"":""9d8e"",""pvUsi"":[""9d8e"",""5b4b"",""5f5c+"",""4b3c"",""8g8f"",""P*8d"",""8e7f"",""3c2d"",""8c7b"",""1c2e"",""9b6e"",""1f1g+"",""6e4c""],""scoreCp"":1962},{""move"":""8g8f"",""pvUsi"":[""8g8f"",""9c9d"",""P*5d"",""5c6d"",""5d5c+"",""5b4a"",""5c4c"",""5g5f"",""4g5f"",""P*8e"",""8f8e"",""B*3d"",""8c7b"",""3d5f"",""9b8a"",""5f6g+"",""N*5c"",""4a3a"",""P*3b"",""1b3b"",""4c3b"",""3a3b""],""scoreCp"":1460}]}]"
middlegame-150,1+Bp6/4+Bgr1p/1P2L1kpn/p4p2n/2Pp2p2/1pG2P3/P2P1S2+l/LKRS+p2PL/1NS1S1+p1g b GN2p 1,2000,2,2,256,3,3,2482.867,2516.9,2530.9,2001.333,1316339.3,657731.8,2083.3,14.67,"{""ok"":3}",0,0,"[{""label"":""middlegame-150:mt2000-mpv2-t2-h256:warm1"",""candidates"":[{""move"":""G*3d"",""pvUsi"":[""G*3d"",""3c2b"",""5b4b"",""3b3d"",""7f8f"",""5h6h"",""5i6h"",""P*8g"",""8f8g"",""G*3b"",""4b3b"",""2b3b"",""8a5d"",""3b3c"",""1h1g""],""scoreCp"":2296},{""move"":""N*4e"",""pvUsi"":[""N*4e"",""3c2d"",""1h1g"",""4b5b"",""L*2g"",""2d3d"",""5c5b+"",""B*1a"",""6h7g"",""5h5i"",""7f8f"",""P*8g"",""8h9i"",""3b5b""],""scoreCp"":1790}]},{""label"":""middlegame-150:mt2000-mpv2-t2-h256:warm2"",""candidates"":[{""move"":""G*3d"",""pvUsi"":[""G*3d"",""3c2b"",""5b4b"",""3b3d"",""4b4c"",""G*8g"",""8h9i"",""8g9h"",""7h9h"",""L*3b"",""8a5d"",""1c2e"",""4c3d"",""3b3d"",""7f8f"",""5h6h"",""1h1g"",""2b1c""],""scoreCp"":2643},{""move"":""N*2f"",""pvUsi"":[""N*2f"",""4b5b"",""G*3d"",""3c4b"",""5c5b+"",""4b5b"",""7f8f"",""5h6h"",""5i6h"",""L*8d"",""P*5c"",""5b5c"",""G*5d"",""5c6b""],""scoreCp"":1835}]},{""label"":""middlegame-150:mt2000-mpv2-t2-h256:warm3"",""candidates"":[{""move"":""G*3d"",""pvUsi"":[""G*3d"",""3c2b"",""5b4b"",""3b3d"",""4b4c"",""1c2e"",""4c3d"",""5h6h"",""G*3c"",""2b1a"",""R*3a"",""S*2a"",""3a2a+"",""1a2a""],""scoreCp"":2628},{""move"":""N*2f"",""pvUsi"":[""N*2f"",""4b5b"",""G*3d"",""3c2b"",""2f1d"",""2b1a"",""5i5h"",""3b3d"",""7f8f"",""P*8g"",""8f8g""],""scoreCp"":1745}]}]"
mate-in-one,2p2+B2k/1+B3g2p/1P2L1Gpn/p1P2p3/3p2p2/lpG1NP3/P1KP+p3+l/LS1S2SP+n/1NR1S1+pg1 b RPp 1,2000,2,2,256,3,3,2510.967,2513.8,2600.8,2002.333,2868034.3,1432353.6,2083.3,58.33,"{""mate"":3}",0,0,"[{""label"":""mate-in-one:mt2000-mpv2-t2-h256:warm1"",""candidates"":[{""move"":""R*3a"",""pvUsi"":[""R*3a""],""scoreMate"":1},{""move"":""4a4b"",""pvUsi"":[""4a4b"",""8f8g+"",""8h8g"",""5g6g"",""6h6g"",""P*8f"",""G*2b""],""scoreMate"":7}]},{""label"":""mate-in-one:mt2000-mpv2-t2-h256:warm2"",""candidates"":[{""move"":""R*3a"",""pvUsi"":[""R*3a""],""scoreMate"":1},{""move"":""4a4b"",""pvUsi"":[""4a4b"",""8f8g+"",""8h8g"",""5g6g"",""6h6g"",""3i3h"",""G*2b""],""scoreMate"":7}]},{""label"":""mate-in-one:mt2000-mpv2-t2-h256:warm3"",""candidates"":[{""move"":""R*3a"",""pvUsi"":[""R*3a""],""scoreMate"":1},{""move"":""4a4b"",""pvUsi"":[""4a4b"",""8f8g+"",""8h8g"",""5g6g"",""6h6g"",""1g2h"",""G*2b""],""scoreMate"":7}]}]"
single-legal-move,2p5k/4Rg2p/1P2L1Gp1/p1P+B+Bp3/n2p2pnP/l1G2P3/P+pKP1+p2+l/LS1S2SP+n/1NR1S1+pg1 b P 1,2000,2,2,256,3,3,2603.6,2431.1,2966.2,2001.667,1734577,866538.7,2076.7,0,"{""incomplete"":3}",3,0,"[{""label"":""single-legal-move:mt2000-mpv2-t2-h256:warm1"",""candidates"":[]},{""label"":""single-legal-move:mt2000-mpv2-t2-h256:warm2"",""candidates"":[]},{""label"":""single-legal-move:mt2000-mpv2-t2-h256:warm3"",""candidates"":[]}]"
sparse-endgame,l+P1+S5/+B1+B4sl/5r+N1n/l3p3p/2g1kS2P/2P3PG1/2S5L/+n1G4pK/P+p1G1R3 b 7Pn2p 1,2000,2,2,256,3,3,1722.8,1611.5,2012.5,1135.333,2426967.7,2138223.7,1213.3,245,"{""mate"":3}",0,0,"[{""label"":""sparse-endgame:mt2000-mpv2-t2-h256:warm1"",""candidates"":[{""move"":""7b5d"",""pvUsi"":[""7b5d""],""scoreMate"":1},{""move"":""4e5f"",""pvUsi"":[""4e5f"",""5e6d"",""4i4c+"",""N*4b"",""R*6c""],""scoreMate"":5}]},{""label"":""sparse-endgame:mt2000-mpv2-t2-h256:warm2"",""candidates"":[{""move"":""7b5d"",""pvUsi"":[""7b5d""],""scoreMate"":1},{""move"":""4e5f"",""pvUsi"":[""4e5f"",""5e6d"",""4i4c+"",""N*4b"",""7b7c""],""scoreMate"":5}]},{""label"":""sparse-endgame:mt2000-mpv2-t2-h256:warm3"",""candidates"":[{""move"":""7b5d"",""pvUsi"":[""7b5d""],""scoreMate"":1},{""move"":""4e5f"",""pvUsi"":[""4e5f"",""5e6d"",""4i4c+"",""N*4b"",""7b7c""],""scoreMate"":5}]}]"
initial-position,lnsgkgsnl/1r5b1/ppppppppp/9/9/9/PPPPPPPPP/1B5R1/LNSGKGSNL b - 1,2000,3,1,256,3,3,2485.367,2476.9,2507,2000.333,1570309.7,785027.2,2036.7,24.33,"{""ok"":3}",0,0,"[{""label"":""initial-position:mt2000-mpv3-t1-h256:warm1"",""candidates"":[{""move"":""7g7f"",""pvUsi"":[""7g7f"",""8c8d"",""2g2f"",""8d8e"",""2f2e"",""4a3b"",""8h7g"",""3c3d"",""7i8h"",""2b7g+"",""8h7g"",""3a2b"",""3i3h"",""2b3c"",""3g3f"",""7a6b"",""6i7h"",""7c7d"",""4i4h"",""6a5b"",""6g6f"",""1c1d"",""4g4f"",""5a4b""],""scoreCp"":38},{""move"":""2g2f"",""pvUsi"":[""2g2f"",""8c8d"",""2f2e"",""4a3b"",""7g7f"",""8d8e"",""8h7g"",""3c3d"",""7i8h"",""2b7g+"",""8h7g"",""3a2b"",""3i3h"",""2b3c"",""3g3f"",""7a6b"",""6i7h"",""7c7d"",""4i4h"",""6b7c"",""2i3g"",""6a5b"",""4g4f"",""7c6d"",""3h4g"",""5a4b"",""9g9f""],""scoreCp"":28},{""move"":""9g9f"",""pvUsi"":[""9g9f"",""8c8d"",""2g2f"",""8d8e"",""2f2e"",""4a3b"",""2e2d"",""2c2d"",""2h2d"",""P*2c"",""2d2f"",""1c1d"",""6i7h"",""7a7b"",""3i3h"",""7c7d"",""7g7f"",""7b7c"",""7i6h"",""9c9d"",""6h7g"",""7c6d"",""1g1f"",""5a4a""],""scoreCp"":5}]},{""label"":""initial-position:mt2000-mpv3-t1-h256:warm2"",""candidates"":[{""move"":""7g7f"",""pvUsi"":[""7g7f"",""8c8d"",""2g2f"",""4a3b"",""6i7h"",""8d8e"",""8h7g"",""3c3d"",""7i8h"",""9c9d"",""2f2e"",""2b7g+"",""8h7g"",""3a2b"",""3i3h"",""2b3c"",""3g3f"",""9d9e"",""5i6h"",""7a6b"",""2i3g""],""scoreCp"":26},{""move"":""2g2f"",""pvUsi"":[""2g2f"",""8c8d"",""2f2e"",""4a3b"",""7g7f"",""8d8e"",""8h7g"",""3c3d"",""6g6f"",""2b3c"",""3i4h"",""3a4b"",""4i5h"",""6a5b"",""7i6h"",""4c4d"",""9g9f"",""1c1d"",""6i7h"",""7c7d"",""3g3f"",""4b4c"",""6h6g"",""7a6b"",""2i3g"",""8a7c""],""scoreCp"":24},{""move"":""5i6h"",""pvUsi"":[""5i6h"",""8c8d"",""7g7f"",""8d8e"",""8h7g"",""4a3b"",""2g2f"",""7a7b"",""2f2e"",""1c1d"",""1g1f"",""7c7d"",""2e2d"",""2c2d"",""2h2d"",""P*2c"",""2d7d"",""7b7c"",""7d7e"",""2c2d"",""3i3h"",""7c6d"",""7e3e"",""5a4b"",""P*2e"",""3b2c"",""7i8h""],""scoreCp"":-7}]},{""label"":""initial-position:mt2000-mpv3-t1-h256:warm3"",""candidates"":[{""move"":""7g7f"",""pvUsi"":[""7g7f"",""8c8d"",""2g2f"",""4a3b"",""6i7h"",""8d8e"",""8h7g"",""3c3d"",""7i8h"",""9c9d"",""2f2e"",""2b7g+"",""8h7g"",""3a2b"",""3i3h"",""2b3c"",""3g3f"",""9d9e"",""5i6h"",""7a6b"",""2i3g""],""scoreCp"":26},{""move"":""2g2f"",""pvUsi"":[""2g2f"",""8c8d"",""2f2e"",""4a3b"",""7g7f"",""8d8e"",""8h7g"",""3c3d"",""7i8h"",""2b7g+"",""8h7g"",""3a2b"",""3i3h"",""2b3c"",""3g3f"",""7a6b"",""6i7h"",""7c7d"",""4i4h"",""6b7c"",""2i3g"",""6a5b"",""4g4f"",""7c6d"",""3h4g"",""5a4b"",""9g9f""],""scoreCp"":28},{""move"":""9g9f"",""pvUsi"":[""9g9f"",""8c8d"",""2g2f"",""8d8e"",""2f2e"",""4a3b"",""2e2d"",""2c2d"",""2h2d"",""P*2c"",""2d2f"",""1c1d"",""6i7h"",""7a7b"",""3i3h"",""7c7d"",""7g7f"",""7b7c"",""7i6h"",""9c9d"",""6h7g"",""7c6d"",""1g1f"",""5a4a""],""scoreCp"":5}]}]"
quiet-no-mate,1n1g1ksn1/l1rsg2b1/p1pp1p+Bpl/1p2p4/8p/2P3P1P/PP1PPPSP1/3S4R/LNG1KG1NL b P 1,2000,3,1,256,3,3,2595.933,2474.9,2844.6,2000.333,1181069,590435.3,2036.7,19,"{""ok"":3}",0,0,"[{""label"":""quiet-no-mate:mt2000-mpv3-t1-h256:warm1"",""candidates"":[{""move"":""3c2b"",""pvUsi"":[""3c2b"",""3a2b"",""1f1e"",""B*3c"",""B*7g"",""1c1e"",""7g3c+"",""1e1h+"",""3c2b"",""1h1i"",""S*8c"",""7b7a"",""8c8b+"",""4a5a"",""2b2a"",""1i2i"",""B*3c"",""L*4b"",""5i6i"",""R*1i"",""6i7h""],""scoreCp"":1550},{""move"":""3c2c"",""pvUsi"":[""3c2c"",""4a5a"",""1f1e"",""2b9i+"",""1e1d"",""3a2b"",""1d1c+"",""2b2c"",""1c2c"",""6b5c"",""1h1b+"",""L*8h"",""1b2a"",""5a6b"",""8i7g"",""8h8i+"",""7g6e"",""5c6d"",""7i8i"",""9i8i"",""L*5c"",""6d5c"",""6e5c+"",""5b5c"",""5i4h"",""G*6i""],""scoreCp"":1500},{""move"":""3c3d"",""pvUsi"":[""3c3d"",""2b9i+"",""1f1e"",""L*1a"",""3d2c"",""3a3b"",""2c5f"",""1c1e"",""P*1f"",""5d5e"",""5f8c"",""1e1f"",""P*1g"",""1f1g+"",""2i1g""],""scoreCp"":658}]},{""label"":""quiet-no-mate:mt2000-mpv3-t1-h256:warm2"",""candidates"":[{""move"":""3c2b"",""pvUsi"":[""3c2b"",""3a2b"",""1f1e"",""B*3c"",""B*7g"",""1c1e"",""7g3c+"",""1e1h+"",""3c2b"",""1h1i"",""S*8c"",""7b7a"",""8c8b+"",""4a5a"",""2b2a"",""1i2i"",""B*3c"",""L*4b"",""5i6i"",""R*1i"",""6i7h""],""scoreCp"":1550},{""move"":""3c2c"",""pvUsi"":[""3c2c"",""4a5a"",""1f1e"",""2b9i+"",""1e1d"",""3a2b"",""1d1c+"",""2b2c"",""1c2c"",""6b5c"",""1h1b+"",""L*8h"",""1b2a"",""5a6b"",""8i7g"",""8h8i+"",""7g6e"",""5c6d"",""7i8i"",""9i8i"",""L*5c"",""6d5c"",""6e5c+"",""5b5c"",""5i4h"",""G*6i""],""scoreCp"":1500},{""move"":""3c3d"",""pvUsi"":[""3c3d"",""2b9i+"",""1f1e"",""L*1a"",""3d2c"",""3a3b"",""2c5f"",""1c1e"",""P*1f"",""5d5e"",""5f8c"",""1e1f"",""P*1g"",""1f1g+"",""2i1g""],""scoreCp"":658}]},{""label"":""quiet-no-mate:mt2000-mpv3-t1-h256:warm3"",""candidates"":[{""move"":""3c2b"",""pvUsi"":[""3c2b"",""3a2b"",""1f1e"",""B*3c"",""B*7g"",""1c1e"",""7g3c+"",""1e1h+"",""3c2b"",""1h1i"",""S*8c"",""7b7a"",""8c8b+"",""4a5a"",""2b2a"",""1i2i"",""B*3c"",""L*4b"",""5i6i"",""R*1i"",""6i7h""],""scoreCp"":1550},{""move"":""3c2c"",""pvUsi"":[""3c2c"",""4a5a"",""1f1e"",""2b9i+"",""1e1d"",""3a2b"",""1d1c+"",""2b2c"",""1c2c"",""6b5c"",""1h1b+"",""L*8h"",""1b2a"",""5a6b"",""8i7g"",""8h8i+"",""7g6e"",""5c6d"",""7i8i"",""9i8i"",""L*5c"",""6d5c"",""6e5c+"",""5b5c"",""5i4h"",""G*6i""],""scoreCp"":1500},{""move"":""3c3d"",""pvUsi"":[""3c3d"",""2b9i+"",""1f1e"",""L*1a"",""3d2c"",""3a3b"",""2c5f"",""1c1e"",""P*1f"",""5d5e"",""5f8c"",""1e1f"",""P*1g"",""1f1g+"",""2i1g""],""scoreCp"":658}]}]"
sente-middlegame,1nrg3n1/l2s2k2/p1p1gp1pl/1p1pp2s1/6P1p/b1P5P/PP1PPP1P1/L1KSRSG2/1NG4NL b BP 1,2000,3,1,256,3,3,2414.433,2382.8,2481.6,2000.333,1147656.7,573733.4,2033.3,19,"{""ok"":3}",0,0,"[{""label"":""sente-middlegame:mt2000-mpv3-t1-h256:warm1"",""candidates"":[{""move"":""9g9f"",""pvUsi"":[""9g9f"",""8d8e"",""1f1e"",""1c1e"",""1i1e"",""2d1e"",""3e3d"",""7c7d"",""B*8b"",""7a7b"",""8b9a+"",""8a7c"",""9a8a"",""1e2d"",""8a7b"",""6a7b"",""R*1b"",""3b4a"",""P*1e""],""scoreCp"":2102},{""move"":""1f1e"",""pvUsi"":[""1f1e"",""9f8e"",""1e1d"",""1c1d"",""1i1d"",""P*1c"",""P*1b"",""7c7d"",""3e3d"",""1c1d"",""1b1a+"",""7d7e"",""1a2a"",""7e7f"",""7h6i"",""L*7c"",""P*7h"",""5c4d"",""5g5f""],""scoreCp"":1252},{""move"":""3e3d"",""pvUsi"":[""3e3d"",""9f8e"",""1f1e"",""7c7d"",""1e1d"",""1c1d"",""1i1d"",""P*1c"",""P*1b"",""1c1d"",""1b1a+"",""7d7e"",""1a2a"",""7e7f"",""7h6i"",""L*7c"",""P*7h"",""6a5b"",""3h3i"",""5c4d"",""B*8c"",""4d3d"",""8c9b+""],""scoreCp"":1176}]},{""label"":""sente-middlegame:mt2000-mpv3-t1-h256:warm2"",""candidates"":[{""move"":""9g9f"",""pvUsi"":[""9g9f"",""8d8e"",""1f1e"",""1c1e"",""1i1e"",""2d1e"",""3e3d"",""7c7d"",""B*8b"",""7a7b"",""8b9a+"",""8a7c"",""9a8a"",""1e2d"",""8a7b"",""6a7b"",""R*1b"",""3b4a"",""P*1e""],""scoreCp"":2102},{""move"":""1f1e"",""pvUsi"":[""1f1e"",""9f8e"",""1e1d"",""1c1d"",""1i1d"",""P*1c"",""P*1b"",""7c7d"",""3e3d"",""1c1d"",""1b1a+"",""7d7e"",""1a2a"",""7e7f"",""7h6i"",""L*7c"",""P*7h"",""5c4d"",""5g5f""],""scoreCp"":1252},{""move"":""3e3d"",""pvUsi"":[""3e3d"",""9f8e"",""1f1e"",""7c7d"",""1e1d"",""1c1d"",""1i1d"",""P*1c"",""P*1b"",""1c1d"",""1b1a+"",""7d7e"",""1a2a"",""7e7f"",""7h6i"",""L*7c"",""P*7h"",""6a5b"",""3h3i"",""5c4d"",""B*8c"",""4d3d"",""8c9b+""],""scoreCp"":1176}]},{""label"":""sente-middlegame:mt2000-mpv3-t1-h256:warm3"",""candidates"":[{""move"":""9g9f"",""pvUsi"":[""9g9f"",""8d8e"",""1f1e"",""1c1e"",""1i1e"",""2d1e"",""3e3d"",""7c7d"",""B*8b"",""7a7b"",""8b9a+"",""8a7c"",""9a8a"",""1e2d"",""8a7b"",""6a7b"",""R*1b"",""3b4a"",""P*1e""],""scoreCp"":2102},{""move"":""1f1e"",""pvUsi"":[""1f1e"",""9f8e"",""1e1d"",""1c1d"",""1i1d"",""P*1c"",""P*1b"",""7c7d"",""3e3d"",""1c1d"",""1b1a+"",""7d7e"",""1a2a"",""7e7f"",""7h6i"",""L*7c"",""P*7h"",""5c4d"",""5g5f""],""scoreCp"":1252},{""move"":""3e3d"",""pvUsi"":[""3e3d"",""9f8e"",""1f1e"",""7c7d"",""1e1d"",""1c1d"",""1i1d"",""P*1c"",""P*1b"",""1c1d"",""1b1a+"",""7d7e"",""1a2a"",""7e7f"",""7h6i"",""L*7c"",""P*7h"",""6a5b"",""3h3i"",""5c4d"",""B*8c"",""4d3d"",""8c9b+""],""scoreCp"":1176}]}]"
gote-middlegame,1nrgB2n1/l2s2k2/p1p1gp1pl/1p1pp2s1/6P1p/b1P5P/PP1PPP1P1/L1KSRSG2/1NG4NL w P 1,2000,3,1,256,3,3,2463.633,2500.7,2518.4,2000.667,1241182.7,620380.1,2036.7,17.33,"{""ok"":3}",0,0,"[{""label"":""gote-middlegame:mt2000-mpv3-t1-h256:warm1"",""candidates"":[{""move"":""9f8g+"",""pvUsi"":[""9f8g+"",""7h8g"",""6a5a"",""4h3g"",""1e1f"",""B*8b"",""1f1g+"",""2i1g"",""1c1g+"",""1i1g"",""N*9e"",""8g7h""],""scoreCp"":152},{""move"":""9f8e"",""pvUsi"":[""9f8e"",""5a2d+"",""2c2d"",""1f1e"",""7c7d"",""1e1d"",""1c1d"",""1i1d"",""7d7e"",""1d1b+"",""B*4i"",""4h5i"",""4i5h+"",""5i5h"",""R*1h"",""S*8b"",""7a7d"",""L*3i"",""1h1b+"",""B*8c"",""7e7f"",""8c6a+"",""L*7g"",""7h6i"",""7g7i+"",""6h7i""],""scoreCp"":265},{""move"":""9f6c"",""pvUsi"":[""9f6c"",""5a2d+"",""2c2d"",""1f1e"",""3b4b"",""3e3d"",""7c7d"",""1e1d"",""1c1d"",""1i1d"",""7d7e"",""7h6i"",""7e7f"",""1d1b+"",""7f7g+"",""6h7g""],""scoreCp"":395}]},{""label"":""gote-middlegame:mt2000-mpv3-t1-h256:warm2"",""candidates"":[{""move"":""9f8e"",""pvUsi"":[""9f8e"",""5a2d+""],""scoreCp"":172},{""move"":""9f8g+"",""pvUsi"":[""9f8g+"",""7h8g"",""6a5a"",""B*8b"",""7a6a"",""8b9a+"",""1e1f"",""9a9b"",""1f1g+"",""2i1g"",""P*1f"",""1g2e"",""2d2e"",""5h5i"",""1f1g+"",""P*8b"",""N*9e"",""8g8f"",""B*6e"",""9b6e"",""6d6e"",""8f9e""],""scoreCp"":195},{""move"":""9f6c"",""pvUsi"":[""9f6c"",""5a2d+"",""2c2d"",""1f1e"",""3b4b"",""3e3d"",""7c7d"",""1e1d"",""1c1d"",""1i1d"",""7d7e"",""7h6i"",""7e7f"",""1d1b+"",""7f7g+"",""6h7g""],""scoreCp"":395}]},{""label"":""gote-middlegame:mt2000-mpv3-t1-h256:warm3"",""candidates"":[{""move"":""9f8g+"",""pvUsi"":[""9f8g+"",""7h8g"",""6a5a"",""4h3g"",""1e1f"",""B*8b"",""1f1g+"",""2i1g"",""1c1g+"",""1i1g"",""N*9e"",""8g7h""],""scoreCp"":152},{""move"":""9f8e"",""pvUsi"":[""9f8e"",""5a2d+"",""2c2d"",""1f1e"",""7c7d"",""1e1d"",""1c1d"",""1i1d"",""7d7e"",""1d1b+"",""B*4i"",""4h5i"",""4i5h+"",""5i5h"",""R*1h"",""S*8b"",""7a7d"",""L*3i"",""1h1b+"",""B*8c"",""7e7f"",""8c6a+"",""L*7g"",""7h6i"",""7g7i+"",""6h7i""],""scoreCp"":265},{""move"":""9f6c"",""pvUsi"":[""9f6c"",""5a2d+"",""2c2d"",""1f1e"",""3b4b"",""3e3d"",""7c7d"",""1e1d"",""1c1d"",""1i1d"",""7d7e"",""7h6i"",""7e7f"",""1d1b+"",""7f7g+"",""6h7g""],""scoreCp"":395}]}]"
middlegame-60,1nr1g1kn1/l2sb4/p1p1gpppl/1p2p4/3p2P2/1PP2+B1sp/P1KPPP2P/L1G1RSG2/1N2S2NL b p 1,2000,3,1,256,3,3,2372.7,2370.1,2395.6,2000.333,1227299,613550.3,2033.3,19.33,"{""ok"":3}",0,0,"[{""label"":""middlegame-60:mt2000-mpv3-t1-h256:warm1"",""candidates"":[{""move"":""3h3g"",""pvUsi"":[""3h3g"",""2f3g+"",""4h3g"",""5a4b"",""5h2h"",""4b3b"",""1g1f"",""4c4d"",""5g5f"",""8d8e"",""8f8e"",""1c1f"",""P*1g"",""9c9d"",""1g1f"",""8a9c""],""scoreCp"":802},{""move"":""1g1f"",""pvUsi"":[""1g1f"",""5c4d"",""1f1e"",""1c1e"",""P*1f"",""5d5e"",""1f1e"",""P*1h"",""1i1h"",""5b6c"",""4f2h"",""7c7d"",""1e1d"",""7d7e"",""7f7e"",""P*7f"",""7g6h"",""8d8e"",""1d1c+"",""8e8f"",""1c2c""],""scoreCp"":741},{""move"":""4h3g"",""pvUsi"":[""4h3g"",""2f1g+"",""3e3d"",""3c3d"",""5g5f"",""7c7d"",""5f5e"",""5b6c"",""5e5d"",""5c5d"",""P*2d"",""2c2d"",""4f2d"",""P*2c"",""2d2c"",""3a4b"",""3g4f"",""7d7e"",""7g6h"",""4b5b"",""2i1g"",""1f1g+""],""scoreCp"":666}]},{""label"":""middlegame-60:mt2000-mpv3-t1-h256:warm2"",""candidates"":[{""move"":""3h3g"",""pvUsi"":[""3h3g"",""2f3g+"",""4h3g"",""5a4b"",""5h2h"",""4b3b"",""1g1f"",""4c4d"",""5g5f"",""8d8e"",""8f8e"",""1c1f"",""P*1g"",""9c9d"",""1g1f"",""8a9c""],""scoreCp"":802},{""move"":""1g1f"",""pvUsi"":[""1g1f"",""5c4d"",""1f1e"",""1c1e"",""P*1f"",""4d3e"",""4f6d"",""5a4b"",""1f1e"",""6b5c"",""6d6e"",""7c7d"",""1e1d"",""P*1b"",""5g5f"",""8a7c"",""6e6f"",""5c6d"",""7g6h"",""7a8a"",""6f8h""],""scoreCp"":762},{""move"":""4h3g"",""pvUsi"":[""4h3g"",""2f1g+"",""3e3d"",""3c3d"",""5g5f"",""7c7d"",""5f5e"",""5b6c"",""5e5d"",""5c5d"",""P*2d"",""2c2d"",""4f2d"",""7d7e"",""2i1g"",""7e7f"",""7g6h"",""1f1g+"",""P*2b"",""P*5e"",""2b2a+"",""3a4a"",""S*8b""],""scoreCp"":671}]},{""label"":""middlegame-60:mt2000-mpv3-t1-h256:warm3"",""candidates"":[{""move"":""3h3g"",""pvUsi"":[""3h3g"",""2f3g+"",""4h3g"",""5a4b"",""5h2h"",""4b3b"",""1g1f"",""4c4d"",""5g5f"",""8d8e"",""8f8e"",""1c1f"",""P*1g"",""9c9d"",""1g1f"",""8a9c""],""scoreCp"":802},{""move"":""1g1f"",""pvUsi"":[""1g1f"",""5c4d"",""1f1e"",""1c1e"",""P*1f"",""4d3e"",""4f6d"",""5a4b"",""1f1e"",""6b5c"",""6d6e"",""7c7d"",""1e1d"",""P*1b"",""5g5f"",""8a7c"",""6e6f"",""5c6d"",""7g6h"",""7a8a"",""6f8h""],""scoreCp"":762},{""move"":""4h3g"",""pvUsi"":[""4h3g"",""2f1g+"",""3e3d"",""3c3d"",""5g5f"",""7c7d"",""5f5e"",""5b6c"",""5e5d"",""5c5d"",""P*2d"",""2c2d"",""4f2d"",""7d7e"",""2i1g"",""7e7f"",""7g6h"",""1f1g+"",""P*2b"",""P*5e"",""2b2a+"",""3a4a"",""S*8b""],""scoreCp"":671}]}]"
middlegame-80,1nsg3nk/l1r6/p1p1gppp1/1p1+B5/1b1pp1P1l/1PP1PP2p/P2P3GN/LKG1R1S1L/1NS1S4 b 2p 1,2000,3,1,256,3,3,2544.767,2497.5,2747.8,2001,1123221.7,561330.1,2036.7,19.67,"{""ok"":3}",0,0,"[{""label"":""middlegame-80:mt2000-mpv3-t1-h256:warm1"",""candidates"":[{""move"":""6d5c"",""pvUsi"":[""6d5c"",""8e7f"",""G*7g"",""1f1g+"",""7g7f"",""1g1h"",""5f5e"",""7c7d"",""P*2d"",""2c2d"",""B*4e"",""1a2b"",""5c4c"",""7d7e"",""4e7b+"",""7a7b""],""scoreCp"":2170},{""move"":""6d7e"",""pvUsi"":[""6d7e"",""6a5b"",""8f8e"",""1f1g+"",""2g1g"",""7c7d"",""7e4h"",""1e1g+"",""1h1g"",""1a2b"",""5f5e"",""8d8e"",""5e5d"",""N*9e"",""5d5c+"",""8e8f"",""B*1a"",""2b3b"",""G*2b"",""3b4a"",""5c5b"",""7b5b""],""scoreCp"":1855},{""move"":""6d5e"",""pvUsi"":[""6d5e"",""1f1g+"",""8f8e"",""1g1h"",""5e7g"",""6e6f"",""3e3d"",""3c3d"",""2g2f"",""1e1g+"",""7g6f"",""4c4d"",""6f7e"",""6a5b"",""5f5e"",""5c4c"",""5e5d"",""L*7d"",""7e6f""],""scoreCp"":1760}]},{""label"":""middlegame-80:mt2000-mpv3-t1-h256:warm2"",""candidates"":[{""move"":""6d5c"",""pvUsi"":[""6d5c"",""8e7f"",""G*7g"",""1f1g+"",""7g7f"",""1g1h"",""5f5e"",""7c7d"",""P*2d"",""2c2d"",""B*4e"",""1a2b"",""5c4c"",""7d7e"",""4e7b+"",""7a7b""],""scoreCp"":2170},{""move"":""6d7e"",""pvUsi"":[""6d7e"",""6a5b"",""8f8e"",""1f1g+"",""2g1g"",""7c7d"",""7e4h"",""1e1g+"",""1h1g"",""1a2b"",""5f5e"",""8d8e"",""5e5d"",""N*9e"",""5d5c+"",""8e8f"",""B*1a"",""2b3b"",""G*2b"",""3b4a"",""5c5b"",""7b5b""],""scoreCp"":1855},{""move"":""6d5e"",""pvUsi"":[""6d5e"",""1f1g+"",""8f8e"",""1g1h"",""5e7g"",""6e6f"",""3e3d"",""3c3d"",""2g2f"",""1e1g+"",""7g6f"",""4c4d"",""6f7e"",""6a5b"",""5f5e"",""5c4c"",""5e5d"",""L*7d"",""7e6f""],""scoreCp"":1760}]},{""label"":""middlegame-80:mt2000-mpv3-t1-h256:warm3"",""candidates"":[{""move"":""6d5c"",""pvUsi"":[""6d5c"",""8e7f"",""G*7g"",""1f1g+"",""7g7f"",""1g1h"",""5f5e"",""7c7d"",""P*2d"",""2c2d"",""B*4e"",""1a2b"",""5c4c"",""7d7e"",""4e7b+"",""7a7b""],""scoreCp"":2170},{""move"":""6d7e"",""pvUsi"":[""6d7e"",""6a5b"",""8f8e"",""1f1g+"",""2g1g"",""7c7d"",""7e4h"",""1e1g+"",""1h1g"",""1a2b"",""5f5e"",""8d8e"",""5e5d"",""N*9e"",""5d5c+"",""8e8f"",""B*1a"",""2b3b"",""G*2b"",""3b4a"",""5c5b"",""7b5b""],""scoreCp"":1855},{""move"":""6d5e"",""pvUsi"":[""6d5e"",""1f1g+"",""8f8e"",""1g1h"",""5e7g"",""6e6f"",""3e3d"",""3c3d"",""2g2f"",""1e1g+"",""7g6f"",""4c4d"",""6f7e"",""6a5b"",""5f5e"",""5c4c"",""5e5d"",""L*7d"",""7e6f""],""scoreCp"":1760}]}]"
hand-piece-rich,1n2g4/l1s3k1r/p1+B1gp1pn/Bp7/1PPp5/5P2l/PG1P+pS2N/LK2R3L/1NS1S4 b 2Pg5p 1,2000,3,1,256,3,3,3039.833,2777.1,3574.4,2001,1053694.7,526589.1,2043.3,18,"{""ok"":3}",0,0,"[{""label"":""hand-piece-rich:mt2000-mpv3-t1-h256:warm1"",""candidates"":[{""move"":""7c5a"",""pvUsi"":[""7c5a"",""G*4b"",""5h3h"",""P*3d"",""9d7b+"",""1f1g+"",""3h3d"",""P*3c"",""3d8d"",""5c5b"",""8d8a+"",""5b5a"",""8a5a"",""4b4a"",""5a5g"",""N*7f"",""8g7f"",""B*4d"",""N*7g""],""scoreCp"":2337},{""move"":""9d7b+"",""pvUsi"":[""9d7b+"",""8a7c"",""5h5g"",""P*5f"",""4g5f"",""P*7h"",""7i7h"",""7c8e"",""P*3c"",""3b4a"",""S*3b"",""4a5b"",""5f6e"",""5a6b"",""P*5d"",""B*4d"",""8i7g"",""8e7g+"",""8g7g""],""scoreCp"":1536},{""move"":""P*3c"",""pvUsi"":[""P*3c"",""3b4a"",""9d7b+"",""8a7c"",""5h5g"",""P*5f"",""5g5f"",""P*5e"",""S*3b"",""4a5b"",""5f7f"",""P*7h"",""7i7h"",""G*6b"",""7b4e"",""1f1g"",""1h1g""],""scoreCp"":1450}]},{""label"":""hand-piece-rich:mt2000-mpv3-t1-h256:warm2"",""candidates"":[{""move"":""7c5a"",""pvUsi"":[""7c5a"",""G*4b"",""5h3h"",""P*3d"",""9d7b+"",""1f1g+"",""3h3d"",""P*3c"",""3d8d"",""5c5b"",""8d8a+"",""5b5a"",""8a5a"",""4b4a"",""5a5g"",""N*7f"",""8g7f"",""B*4d"",""N*7g""],""scoreCp"":2337},{""move"":""9d7b+"",""pvUsi"":[""9d7b+"",""8a7c"",""5h5g"",""P*5f"",""4g5f"",""P*7h"",""7i7h"",""7c8e"",""P*3c"",""3b4a"",""S*3b"",""4a5b"",""5f6e"",""5a6b"",""P*5d"",""B*4d"",""8i7g"",""8e7g+"",""8g7g""],""scoreCp"":1536},{""move"":""P*3c"",""pvUsi"":[""P*3c"",""3b4a"",""9d7b+"",""8a7c"",""5h5g"",""P*5f"",""5g5f"",""P*5e"",""S*3b"",""4a5b"",""5f7f"",""P*7h"",""7i7h"",""G*6b"",""7b4e"",""1f1g"",""1h1g""],""scoreCp"":1450}]},{""label"":""hand-piece-rich:mt2000-mpv3-t1-h256:warm3"",""candidates"":[{""move"":""7c5a"",""pvUsi"":[""7c5a"",""G*4b"",""5h3h"",""P*3d"",""9d7b+"",""1f1g+"",""3h3d"",""P*3c"",""3d8d"",""5c5b"",""8d8a+"",""5b5a"",""8a5a"",""4b4a"",""5a5g"",""N*7f"",""8g7f"",""B*4d"",""N*7g""],""scoreCp"":2337},{""move"":""9d7b+"",""pvUsi"":[""9d7b+"",""8a7c"",""5h5g"",""P*5f"",""4g5f"",""P*7h"",""7i7h"",""7c8e"",""P*3c"",""3b4a"",""S*3b"",""4a5b"",""5f6e"",""5a6b"",""P*5d"",""B*4d"",""8i7g"",""8e7g+"",""8g7g""],""scoreCp"":1536},{""move"":""P*3c"",""pvUsi"":[""P*3c"",""3b4a"",""9d7b+"",""8a7c"",""5h5g"",""P*5f"",""5g5f"",""P*5e"",""S*3b"",""4a5b"",""5f7f"",""P*7h"",""7i7h"",""G*6b"",""7b4e"",""1f1g"",""1h1g""],""scoreCp"":1450}]}]"
middlegame-120,1n2g4/+B1s1k3r/p+P2gp1pn/B8/2Pp2p2/1p2LP2l/PG1P+pS2N/LKR4PL/1NS1S1+p1g b 2P2p 1,2000,3,1,256,3,3,2446.567,2367.4,2607.8,2001.333,1117812.3,558530.2,2036.7,17.33,"{""ok"":3}",0,0,"[{""label"":""middlegame-120:mt2000-mpv3-t1-h256:warm1"",""candidates"":[{""move"":""9d8e"",""pvUsi"":[""9d8e"",""5b4b"",""5f5c+"",""4b3c"",""8g8f"",""3c2d"",""8c7b"",""P*8g"",""8f8g"",""2d1e"",""8e6c+"",""1i1h"",""G*2f"",""1e2f"",""6c2g"",""2f1e""],""scoreCp"":1965},{""move"":""5f5c+"",""pvUsi"":[""5f5c+"",""5b5c"",""8g8f"",""9c9d"",""8c7b"",""P*8e"",""8f7f"",""5c4d"",""9b6e"",""5g6g"",""7b8a"",""6g7h"",""7i7h"",""R*4i"",""S*4e"",""4d3c"",""G*3d"",""3c2b""],""scoreCp"":1535},{""move"":""8g8f"",""pvUsi"":[""8g8f"",""9c9d"",""5f5c"",""5b5c"",""8c7b"",""P*8e"",""8f7f"",""5g6g"",""9b6e"",""5c4b"",""P*3d"",""6g7h"",""7i7h"",""1f1g"",""S*3c"",""4b4a""],""scoreCp"":1518}]},{""label"":""middlegame-120:mt2000-mpv3-t1-h256:warm2"",""candidates"":[{""move"":""9d8e"",""pvUsi"":[""9d8e"",""5b4b"",""5f5c+"",""4b3c"",""8g8f"",""3c2d"",""8c7b"",""P*8g"",""8f8g"",""2d1e"",""8e6c+"",""1i1h"",""G*2f"",""1e2f"",""6c2g"",""2f1e""],""scoreCp"":1965},{""move"":""5f5c+"",""pvUsi"":[""5f5c+"",""5b5c"",""8g8f"",""9c9d"",""8c7b"",""P*8e"",""8f7f"",""5c4d"",""9b6e"",""5g6g"",""7b8a"",""6g7h"",""7i7h"",""R*4i"",""S*4e"",""4d3c"",""G*3d"",""3c2b""],""scoreCp"":1535},{""move"":""8g8f"",""pvUsi"":[""8g8f"",""9c9d"",""5f5c"",""5b5c"",""8c7b"",""P*8e"",""8f7f"",""5g6g"",""9b6e"",""5c4b"",""P*3d"",""6g7h"",""7i7h"",""1f1g"",""S*3c"",""4b4a""],""scoreCp"":1518}]},{""label"":""middlegame-120:mt2000-mpv3-t1-h256:warm3"",""candidates"":[{""move"":""9d8e"",""pvUsi"":[""9d8e"",""5b4b"",""5f5c+"",""4b3c"",""8g8f"",""3c2d"",""8c7b"",""P*8g"",""8f8g"",""2d1e"",""8e6c+"",""1i1h"",""G*2f"",""1e2f"",""6c2g"",""2f1e""],""scoreCp"":1965},{""move"":""5f5c+"",""pvUsi"":[""5f5c+"",""5b5c"",""8g8f"",""9c9d"",""8c7b"",""P*8e"",""8f7f"",""5c4d"",""9b6e"",""5g6g"",""7b8a"",""6g7h"",""7i7h"",""R*4i"",""S*4e"",""4d3c"",""G*3d"",""3c2b""],""scoreCp"":1535},{""move"":""8g8f"",""pvUsi"":[""8g8f"",""9c9d"",""5f5c"",""5b5c"",""8c7b"",""P*8e"",""8f7f"",""5g6g"",""9b6e"",""5c4b"",""P*3d"",""6g7h"",""7i7h"",""1f1g"",""S*3c"",""4b4a""],""scoreCp"":1518}]}]"
middlegame-150,1+Bp6/4+Bgr1p/1P2L1kpn/p4p2n/2Pp2p2/1pG2P3/P2P1S2+l/LKRS+p2PL/1NS1S1+p1g b GN2p 1,2000,3,1,256,3,3,2532.967,2545.1,2680.3,2000.333,1204206.3,602001.1,2040,18,"{""ok"":3}",0,0,"[{""label"":""middlegame-150:mt2000-mpv3-t1-h256:warm1"",""candidates"":[{""move"":""G*3d"",""pvUsi"":[""G*3d"",""3c2b"",""5b4b"",""3b4b"",""8a5d"",""B*5e"",""5d5e"",""8f8g+"",""8h8g"",""2b3a"",""B*3c"",""P*5b"",""3c4b+"",""3a4b"",""R*2a"",""P*8f"",""7f8f"",""5b5c""],""scoreCp"":4918},{""move"":""N*2f"",""pvUsi"":[""N*2f"",""4b5b"",""G*3d"",""3c4b"",""5c5b+"",""4b5b"",""7f8f"",""5h6h"",""7h6h"",""P*8g"",""8f8g"",""1d2f"",""G*4c"",""5b6b"",""4c3b""],""scoreCp"":1876},{""move"":""N*4e"",""pvUsi"":[""N*4e"",""4d4e"",""G*3d"",""3c2b"",""5b4b"",""8f8g+"",""8h8g"",""N*9e"",""8g7g"",""3b4b"",""G*3c"",""2b1a"",""3c4b""],""scoreCp"":1771}]},{""label"":""middlegame-150:mt2000-mpv3-t1-h256:warm2"",""candidates"":[{""move"":""G*3d"",""pvUsi"":[""G*3d"",""3c2b"",""5b4b"",""3b4b"",""8a5d"",""B*5e"",""5d5e"",""8f8g+"",""8h8g"",""2b3a"",""B*3c"",""P*5b"",""3c4b+"",""3a4b"",""R*2a"",""P*8f"",""7f8f"",""5b5c""],""scoreCp"":4918},{""move"":""N*2f"",""pvUsi"":[""N*2f"",""4b5b"",""G*3d"",""3c4b"",""5c5b+"",""4b5b"",""7f8f"",""5h6h"",""7h6h"",""P*8g"",""8f8g"",""1d2f"",""G*4c"",""5b6b"",""4c3b""],""scoreCp"":1876},{""move"":""N*4e"",""pvUsi"":[""N*4e"",""4d4e"",""G*3d"",""3c2b"",""5b4b"",""8f8g+"",""8h8g"",""N*9e"",""8g7g"",""3b4b"",""G*3c"",""2b1a"",""3c4b""],""scoreCp"":1771}]},{""label"":""middlegame-150:mt2000-mpv3-t1-h256:warm3"",""candidates"":[{""move"":""G*3d"",""pvUsi"":[""G*3d"",""3c2b"",""5b4b"",""3b4b"",""8a5d"",""B*5e"",""5d5e"",""8f8g+"",""8h8g"",""2b3a"",""B*3c"",""P*5b"",""3c4b+"",""3a4b"",""R*2a"",""P*8f"",""7f8f"",""5b5c""],""scoreCp"":4918},{""move"":""N*2f"",""pvUsi"":[""N*2f"",""4b5b"",""G*3d"",""3c4b"",""5c5b+"",""4b5b"",""7f8f"",""5h6h"",""7h6h"",""P*8g"",""8f8g"",""1d2f"",""G*4c"",""5b6b"",""4c3b""],""scoreCp"":1876},{""move"":""N*4e"",""pvUsi"":[""N*4e"",""4d4e"",""G*3d"",""3c2b"",""5b4b"",""8f8g+"",""8h8g"",""N*9e"",""8g7g"",""3b4b"",""G*3c"",""2b1a"",""3c4b""],""scoreCp"":1771}]}]"
mate-in-one,2p2+B2k/1+B3g2p/1P2L1Gpn/p1P2p3/3p2p2/lpG1NP3/P1KP+p3+l/LS1S2SP+n/1NR1S1+pg1 b RPp 1,2000,3,1,256,3,3,2445,2476.9,2500.8,2000,3029947,1514973.5,2033.3,57.67,"{""mate"":3}",0,0,"[{""label"":""mate-in-one:mt2000-mpv3-t1-h256:warm1"",""candidates"":[{""move"":""R*3a"",""pvUsi"":[""R*3a""],""scoreMate"":1},{""move"":""4a3a"",""pvUsi"":[""4a3a"",""5g6g"",""6h6g"",""8f8g+"",""8h8g"",""4b3c"",""R*2a""],""scoreMate"":7},{""move"":""4a4b"",""pvUsi"":[""4a4b"",""8f8g+"",""7g8g"",""9f9g+"",""8g9g"",""P*8f"",""G*2b""],""scoreMate"":7}]},{""label"":""mate-in-one:mt2000-mpv3-t1-h256:warm2"",""candidates"":[{""move"":""R*3a"",""pvUsi"":[""R*3a""],""scoreMate"":1},{""move"":""4a3a"",""pvUsi"":[""4a3a"",""5g6g"",""6h6g"",""8f8g+"",""8h8g"",""4b3c"",""R*2a""],""scoreMate"":7},{""move"":""4a4b"",""pvUsi"":[""4a4b"",""8f8g+"",""7g8g"",""9f9g+"",""8g9g"",""P*8f"",""G*2b""],""scoreMate"":7}]},{""label"":""mate-in-one:mt2000-mpv3-t1-h256:warm3"",""candidates"":[{""move"":""R*3a"",""pvUsi"":[""R*3a""],""scoreMate"":1},{""move"":""4a3a"",""pvUsi"":[""4a3a"",""5g6g"",""6h6g"",""8f8g+"",""8h8g"",""4b3c"",""R*2a""],""scoreMate"":7},{""move"":""4a4b"",""pvUsi"":[""4a4b"",""8f8g+"",""7g8g"",""9f9g+"",""8g9g"",""P*8f"",""G*2b""],""scoreMate"":7}]}]"
single-legal-move,2p5k/4Rg2p/1P2L1Gp1/p1P+B+Bp3/n2p2pnP/l1G2P3/P+pKP1+p2+l/LS1S2SP+n/1NR1S1+pg1 b P 1,2000,3,1,256,3,3,2543.6,2399.7,2866.8,1999.333,2093517.7,1047107.2,2033.3,0,"{""incomplete"":3}",3,0,"[{""label"":""single-legal-move:mt2000-mpv3-t1-h256:warm1"",""candidates"":[]},{""label"":""single-legal-move:mt2000-mpv3-t1-h256:warm2"",""candidates"":[]},{""label"":""single-legal-move:mt2000-mpv3-t1-h256:warm3"",""candidates"":[]}]"
sparse-endgame,l+P1+S5/+B1+B4sl/5r+N1n/l3p3p/2g1kS2P/2P3PG1/2S5L/+n1G4pK/P+p1G1R3 b 7Pn2p 1,2000,3,1,256,3,3,1982.6,1778.8,2473,1355,2817943,2080767.9,1396.7,245,"{""mate"":3}",0,0,"[{""label"":""sparse-endgame:mt2000-mpv3-t1-h256:warm1"",""candidates"":[{""move"":""7b5d"",""pvUsi"":[""7b5d""],""scoreMate"":1},{""move"":""4e5f"",""pvUsi"":[""4e5f"",""5e6d"",""4i4c+"",""7e7f"",""R*6e""],""scoreMate"":5},{""move"":""3c4c"",""pvUsi"":[""3c4c"",""5e6d"",""R*6c"",""6d5e"",""9b5f""],""scoreMate"":5}]},{""label"":""sparse-endgame:mt2000-mpv3-t1-h256:warm2"",""candidates"":[{""move"":""7b5d"",""pvUsi"":[""7b5d""],""scoreMate"":1},{""move"":""4e5f"",""pvUsi"":[""4e5f"",""5e6d"",""4i4c+"",""7e7f"",""R*6e""],""scoreMate"":5},{""move"":""3c4c"",""pvUsi"":[""3c4c"",""5e6d"",""R*6c"",""6d5e"",""9b5f""],""scoreMate"":5}]},{""label"":""sparse-endgame:mt2000-mpv3-t1-h256:warm3"",""candidates"":[{""move"":""7b5d"",""pvUsi"":[""7b5d""],""scoreMate"":1},{""move"":""4e5f"",""pvUsi"":[""4e5f"",""5e6d"",""4i4c+"",""7e7f"",""R*6e""],""scoreMate"":5},{""move"":""3c4c"",""pvUsi"":[""3c4c"",""5e6d"",""R*6c"",""6d5e"",""9b5f""],""scoreMate"":5}]}]"
initial-position,lnsgkgsnl/1r5b1/ppppppppp/9/9/9/PPPPPPPPP/1B5R1/LNSGKGSNL b - 1,2000,3,2,256,3,3,2702.9,2516,3088.4,2000,1537359.7,768679.8,2076.7,22.33,"{""ok"":3}",0,0,"[{""label"":""initial-position:mt2000-mpv3-t2-h256:warm1"",""candidates"":[{""move"":""2g2f"",""pvUsi"":[""2g2f"",""8c8d""],""scoreCp"":80},{""move"":""6i7h"",""pvUsi"":[""6i7h"",""3c3d"",""7g7f"",""4c4d"",""2g2f"",""3a4b"",""7i6h"",""4a3b"",""2f2e"",""2b3c"",""4i5h"",""6a5b"",""6h7g"",""9c9d"",""9g9f"",""8c8d"",""8h7i""],""scoreCp"":74},{""move"":""7g7f"",""pvUsi"":[""7g7f"",""8c8d"",""2g2f"",""8d8e"",""2f2e"",""4a3b"",""8h7g"",""3c3d"",""7i8h"",""2b7g+"",""8h7g"",""3a2b"",""6i7h"",""2b3c"",""3g3f"",""1c1d"",""9g9f"",""4c4d"",""3i4h"",""7a6b"",""2i3g"",""6c6d"",""1g1f"",""7c7d""],""scoreCp"":41}]},{""label"":""initial-position:mt2000-mpv3-t2-h256:warm2"",""candidates"":[{""move"":""6i7h"",""pvUsi"":[""6i7h"",""4c4d"",""2g2f"",""3c3d"",""2f2e"",""2b3c"",""7g7f"",""3a4b"",""9g9f"",""4a3b"",""8h7g"",""8c8d"",""7i6h""],""scoreCp"":55},{""move"":""6i7h"",""pvUsi"":[""6i7h"",""8c8d"",""7g7f"",""4a3b"",""2g2f"",""8d8e"",""8h7g"",""3c3d"",""7i6h"",""4c4d"",""2f2e"",""2b3c"",""3i4h"",""3a4b"",""9g9f"",""6a5b"",""6g6f"",""9c9d"",""4i5h"",""4b4c"",""1g1f"",""1c1d"",""6h6g"",""7c7d"",""3g3f"",""7a6b""],""scoreCp"":41},{""move"":""2g2f"",""pvUsi"":[""2g2f"",""8c8d"",""7g7f"",""8d8e"",""2f2e"",""4a3b"",""8h7g"",""3c3d"",""6g6f"",""2b3c"",""7i6h"",""3a4b"",""3i4h"",""6a5b"",""6i7h"",""7c7d"",""4i5h"",""4c4d"",""6h6g"",""8a7c"",""9g9f"",""1c1d"",""3g3f"",""4b4c"",""5i6h"",""7a6b"",""4g4f""],""scoreCp"":41}]},{""label"":""initial-position:mt2000-mpv3-t2-h256:warm3"",""candidates"":[{""move"":""6i7h"",""pvUsi"":[""6i7h"",""3c3d"",""7g7f"",""4c4d"",""2g2f"",""3a4b"",""2f2e"",""4b3c"",""3g3f"",""4a3b"",""2i3g"",""8c8d"",""4g4f"",""6a5b"",""7i6h"",""8d8e"",""3i4h"",""5c5d"",""5g5f"",""7a6b"",""5i6i"",""5b4c"",""6h5g"",""1c1d"",""4i5h"",""5a4a""],""scoreCp"":58},{""move"":""2g2f"",""pvUsi"":[""2g2f"",""8c8d""],""scoreCp"":62},{""move"":""7g7f"",""pvUsi"":[""7g7f"",""8c8d"",""2g2f"",""4a3b"",""2f2e"",""8d8e"",""8h7g"",""3c3d"",""6g6f"",""2b3c"",""7i6h"",""9c9d"",""9g9f"",""1c1d"",""3i4h"",""6a5b"",""1g1f"",""4c4d"",""6i7h"",""3a4b"",""6h6g"",""4b4c""],""scoreCp"":43}]}]"
quiet-no-mate,1n1g1ksn1/l1rsg2b1/p1pp1p+Bpl/1p2p4/8p/2P3P1P/PP1PPPSP1/3S4R/LNG1KG1NL b P 1,2000,3,2,256,3,3,2687.967,2509.9,3145.5,2002.333,1236021,617297.7,2076.7,18.33,"{""ok"":3}",0,0,"[{""label"":""quiet-no-mate:mt2000-mpv3-t2-h256:warm1"",""candidates"":[{""move"":""3c2b"",""pvUsi"":[""3c2b"",""3a2b"",""1f1e"",""B*3c"",""B*7g"",""1c1e"",""1h1e"",""3c1e"",""1i1e"",""2b3c"",""P*1i"",""3c4d"",""B*8c"",""2a3c"",""8c7b+"",""6a7b"",""R*2a"",""P*3a"",""1e1b+""],""scoreCp"":1572},{""move"":""3c2c"",""pvUsi"":[""3c2c"",""4a5a"",""2c2b"",""3a2b"",""1f1e"",""B*3c"",""1e1d"",""3c9i+"",""1d1c+"",""2b1c"",""B*6f"",""9i6f"",""6g6f"",""6b5c"",""B*1b"",""P*1g"",""1h1g"",""5a6b"",""1g1h"",""B*7d"",""4i4h"",""L*4d"",""5i5h""],""scoreCp"":1524},{""move"":""3c3d"",""pvUsi"":[""3c3d"",""2b9i+"",""6h7g"",""7c7d"",""7g8h"",""9i9h"",""1f1e"",""L*1a"",""1h3h"",""1c1e"",""P*1f"",""P*3c"",""3d2c"",""3a3b"",""2c2b"",""1e1f""],""scoreCp"":738}]},{""label"":""quiet-no-mate:mt2000-mpv3-t2-h256:warm2"",""candidates"":[{""move"":""3c2b"",""pvUsi"":[""3c2b"",""3a2b"",""1f1e"",""B*3c"",""B*7g"",""3c1e"",""1h1e"",""1c1e"",""1i1e"",""2b3c"",""1e1b+"",""3c4d"",""1b2a"",""4a5a"",""2a2b"",""6b5c"",""4i3i"",""7b8b"",""2b3b"",""5a6b""],""scoreCp"":1556},{""move"":""3c2c"",""pvUsi"":[""3c2c"",""4a5a"",""2c2b"",""3a2b"",""1f1e"",""B*3c"",""1e1d"",""1c1d"",""1h1d"",""2b2c"",""1d1h"",""3c9i+"",""B*6f"",""9i6f"",""6g6f"",""L*1c"",""P*1e"",""P*1g"",""1h1g""],""scoreCp"":1458},{""move"":""3c3d"",""pvUsi"":[""3c3d"",""2b9i+"",""6h7g"",""1e1f"",""P*1d"",""1c1d"",""3d2c"",""3a3b"",""2c1d"",""L*1a"",""1d2d"",""7c7d"",""P*1d"",""8a7c""],""scoreCp"":743}]},{""label"":""quiet-no-mate:mt2000-mpv3-t2-h256:warm3"",""candidates"":[{""move"":""3c2b"",""pvUsi"":[""3c2b"",""3a2b"",""1f1e"",""B*3c"",""B*6f"",""3c6f"",""6g6f"",""B*8c"",""4i5h"",""8c9d"",""1e1d"",""9d7f"",""1d1c+"",""2a1c"",""2g2f"",""7f9d"",""P*7f"",""9d7f"",""P*1d"",""P*1g"",""1h1g""],""scoreCp"":1605},{""move"":""3c2c"",""pvUsi"":[""3c2c"",""4a5a"",""1f1e"",""2b9i+"",""1e1d"",""1c1d"",""1h1d"",""3a2b"",""2c1b"",""6b5c"",""8i7g"",""L*1c"",""1d2d"",""P*2c"",""2d2f"",""1c1i+"",""1b2b"",""5c4b""],""scoreCp"":1503},{""move"":""3c3d"",""pvUsi"":[""3c3d"",""2b9i+"",""1f1e"",""L*1a"",""3d2c"",""3a3b"",""2c2d"",""9i2b"",""1h2h"",""3b2c"",""2d4f"",""6b5c"",""3g2f"",""4a5a"",""4f5f"",""5d5e"",""5f8c"",""7c7d"",""3f3e""],""scoreCp"":637}]}]"
sente-middlegame,1nrg3n1/l2s2k2/p1p1gp1pl/1p1pp2s1/6P1p/b1P5P/PP1PPP1P1/L1KSRSG2/1NG4NL b BP 1,2000,3,2,256,3,3,2655.2,2435.5,3125.8,2001,1196021.7,597701,2076.7,18.33,"{""ok"":3}",0,0,"[{""label"":""sente-middlegame:mt2000-mpv3-t2-h256:warm1"",""candidates"":[{""move"":""9g9f"",""pvUsi"":[""9g9f"",""8d8e"",""1f1e"",""1c1e"",""1i1e"",""2d1e"",""5g5f"",""7c7d"",""B*8b"",""7a7b"",""8b9a+"",""6a7a"",""B*8c"",""8e8f"",""8g8f"",""3b3c"",""8c7b+"",""3c2d"",""7b8a"",""7a8a"",""R*3d"",""2d2e"",""9a8a""],""scoreCp"":2043},{""move"":""B*8b"",""pvUsi"":[""B*8b"",""9f8e"",""8b7a+"",""6a7a"",""1f1e"",""8e7f"",""5h5i"",""7f6e"",""8i7g"",""6e7f"",""5g5f"",""7c7d"",""1e1d""],""scoreCp"":1270},{""move"":""1f1e"",""pvUsi"":[""1f1e"",""9f8e"",""3e3d"",""7c7d"",""1e1d"",""1c1d"",""1i1d"",""P*1c"",""P*1b"",""1c1d"",""1b1a+"",""7d7e"",""1a2a"",""7e7f"",""7h6i"",""6a5b"",""L*2f"",""L*7c"",""7i7h"",""7f7g+"",""8i7g""],""scoreCp"":1183}]},{""label"":""sente-middlegame:mt2000-mpv3-t2-h256:warm2"",""candidates"":[{""move"":""9g9f"",""pvUsi"":[""9g9f"",""7c7d"",""1f1e"",""7d7e"",""1e1d"",""1c1d"",""1i1d"",""7e7f"",""1d1b+"",""P*1a"",""1b1a"",""8a7c"",""7h6i"",""7f7g+"",""6h7g"",""7c8e"",""7g6h"",""P*3g""],""scoreCp"":2027},{""move"":""1f1e"",""pvUsi"":[""1f1e"",""9f8e"",""1e1d"",""1c1d"",""1i1d"",""P*1c"",""P*1b"",""1c1d"",""1b1a+"",""7c7d"",""1a2a"",""7d7e"",""3e3d"",""7e7f"",""7h6i"",""4c4d""],""scoreCp"":1225},{""move"":""3e3d"",""pvUsi"":[""3e3d"",""9f8e"",""1f1e"",""7c7d"",""1e1d"",""1c1d"",""1i1d"",""P*1c"",""P*1b"",""7d7e"",""1b1a+"",""7e7f"",""1a2a"",""1c1d"",""7h6i"",""L*7c"",""P*7h"",""6a5b"",""5g5f"",""5c4d"",""5f5e""],""scoreCp"":1192}]},{""label"":""sente-middlegame:mt2000-mpv3-t2-h256:warm3"",""candidates"":[{""move"":""9g9f"",""pvUsi"":[""9g9f"",""6a7b"",""1f1e"",""7c7d"",""3e3d"",""7d7e"",""7f7e"",""7b6c"",""7h6i"",""3b4b"",""B*5f""],""scoreCp"":2096},{""move"":""1f1e"",""pvUsi"":[""1f1e"",""9f8e"",""1e1d"",""1c1d"",""1i1d"",""P*1c"",""P*1b"",""1c1d"",""1b1a+"",""7c7d"",""3e3d"",""7d7e"",""1a2a"",""7e7f"",""7h6i"",""4c4d"",""L*2f"",""L*7c"",""2a2b"",""3b4a"",""2f2d""],""scoreCp"":1274},{""move"":""3e3d"",""pvUsi"":[""3e3d"",""9f8e"",""1f1e"",""7c7d"",""1e1d"",""1c1d"",""1i1d"",""P*1c"",""P*1b"",""1c1d"",""1b1a+"",""7d7e"",""1a2a"",""7e7f"",""7h6i"",""L*7e"",""P*7h"",""5c4d"",""5g5f"",""4d3d""],""scoreCp"":1213}]}]"
gote-middlegame,1nrgB2n1/l2s2k2/p1p1gp1pl/1p1pp2s1/6P1p/b1P5P/PP1PPP1P1/L1KSRSG2/1NG4NL w P 1,2000,3,2,256,3,3,2496.233,2505.2,2566.6,2003.667,1217688.7,607720.4,2076.7,15.67,"{""ok"":3}",0,0,"[{""label"":""gote-middlegame:mt2000-mpv3-t2-h256:warm1"",""candidates"":[{""move"":""9f8g+"",""pvUsi"":[""9f8g+"",""7h8g"",""6a5a"",""B*8b"",""7a6a"",""8b9a+"",""1e1f"",""9a9b"",""1f1g+"",""2i1g"",""P*1f"",""1g2e"",""2d2e"",""P*8b"",""B*6e"",""9b6e"",""6d6e"",""2g2f"",""2e2f"",""B*8c""],""scoreCp"":133},{""move"":""9f8e"",""pvUsi"":[""9f8e"",""5a2d+"",""2c2d"",""1f1e"",""7c7d"",""1e1d"",""1c1d"",""1i1d"",""7d7e"",""4h5i"",""P*1c"",""1d1c+"",""2a1c"",""7f7e"",""1c2e"",""2g2f""],""scoreCp"":238},{""move"":""9f6c"",""pvUsi"":[""9f6c"",""5a2d+"",""2c2d"",""1f1e"",""7c7d"",""S*8b"",""7a7b"",""8b8a"",""7b8b"",""8a9b+"",""8b9b"",""5h5i"",""7d7e"",""1e1d"",""1c1d"",""1i1d"",""7e7f"",""1d1b+"",""9b7b"",""1b2a"",""3b2a"",""7h6i"",""2a3b"",""3e3d""],""scoreCp"":317}]},{""label"":""gote-middlegame:mt2000-mpv3-t2-h256:warm2"",""candidates"":[{""move"":""9f8g+"",""pvUsi"":[""9f8g+"",""7h8g"",""6b5a"",""2i3g"",""5a4b"",""1f1e"",""8d8e"",""1e1d"",""1c1d"",""1i1d""],""scoreCp"":202},{""move"":""9f8e"",""pvUsi"":[""9f8e"",""5a2d+"",""2c2d"",""1f1e"",""7c7d"",""1e1d"",""1c1d"",""1i1d"",""7d7e"",""3e3d"",""7e7f"",""1d1a+"",""B*4i"",""4h5i"",""4i5h+"",""5i5h"",""R*1h"",""P*7b"",""7a7b""],""scoreCp"":273},{""move"":""9f6c"",""pvUsi"":[""9f6c"",""5a2d+"",""2c2d"",""1f1e"",""7c7d"",""1e1d"",""1c1d"",""1i1d"",""7d7e"",""1d1a+"",""B*4i"",""4h5i"",""4i5h+"",""5i5h"",""R*1h"",""S*8b"",""7a7d"",""L*3i"",""1h1a+"",""B*8c"",""6a5a"",""8c9b+"",""7e7f"",""9b7d"",""6c7d"",""8b8a"",""L*7g"",""8i7g"",""7f7g+"",""6h7g"",""N*8e"",""L*3d"",""3b4b""],""scoreCp"":386}]},{""label"":""gote-middlegame:mt2000-mpv3-t2-h256:warm3"",""candidates"":[{""move"":""9f8g+"",""pvUsi"":[""9f8g+"",""7h8g"",""6a5a"",""B*8b"",""7a6a"",""8b9a+"",""1e1f"",""9a9b"",""B*7d"",""9b8b"",""1f1g+"",""2i1g"",""P*1f"",""1g2e"",""2d2e"",""P*1b"",""1f1g+""],""scoreCp"":245},{""move"":""9f8e"",""pvUsi"":[""9f8e"",""5a2d+"",""2c2d"",""1f1e"",""7c7d"",""3e3d"",""7d7e"",""1e1d"",""1c1d"",""1i1d"",""P*1c"",""1d1c+"",""2a1c"",""S*8b"",""7a7d"",""8b8a"",""3b4a"",""7h6i"",""7e7f"",""N*4e"",""L*7e""],""scoreCp"":313},{""move"":""6a5a"",""pvUsi"":[""6a5a"",""9g9f"",""1e1f"",""B*8b"",""7a6a"",""8b9a+"",""B*5e"",""4g4f"",""5e9i+"",""9a9b"",""9i9h"",""P*1b"",""9h9i"",""2i3g"",""L*7d"",""4h4g""],""scoreCp"":421}]}]"
middlegame-60,1nr1g1kn1/l2sb4/p1p1gpppl/1p2p4/3p2P2/1PP2+B1sp/P1KPPP2P/L1G1RSG2/1N2S2NL b p 1,2000,3,2,256,3,3,2555.7,2532.5,2708.6,2001.667,1126853.3,562959.7,2083.3,16.33,"{""ok"":3}",0,0,"[{""label"":""middlegame-60:mt2000-mpv3-t2-h256:warm1"",""candidates"":[{""move"":""1g1f"",""pvUsi"":[""1g1f"",""5c4d"",""1f1e"",""1c1e"",""P*1f"",""8d8e"",""1f1e"",""4d3e"",""4f6d"",""5a4b"",""8f8e"",""6b5c"",""6d8f"",""7c7d"",""7g6h"",""7d7e"",""6h6i"",""7e7f"",""5g5f""],""scoreCp"":797},{""move"":""3h3g"",""pvUsi"":[""3h3g"",""2f1g"",""3e3d"",""3c3d"",""5g5f"",""1g2h+"",""5f5e"",""5b6c"",""5e5d"",""5c5d"",""5h5d"",""6c5d""],""scoreCp"":760},{""move"":""4h3g"",""pvUsi"":[""4h3g"",""2f1g+"",""3e3d"",""3c3d"",""3h2h"",""7c7d"",""2i1g"",""1f1g+"",""2h1g"",""7d7e"",""5h2h"",""7e7f"",""7g6h"",""5b4a"",""P*2d"",""P*1f""],""scoreCp"":714}]},{""label"":""middlegame-60:mt2000-mpv3-t2-h256:warm2"",""candidates"":[{""move"":""1g1f"",""pvUsi"":[""1g1f"",""5c4d"",""3e3d"",""4d3d"",""3h3g"",""2f3e"",""4f6d"",""3a3b"",""1f1e"",""6b6c"",""6d6e"",""7c7d"",""1e1d"",""1c1d"",""P*1e"",""8a7c"",""6e6f"",""1d1e"",""1i1e""],""scoreCp"":765},{""move"":""3h3g"",""pvUsi"":[""3h3g"",""2f1g"",""2i1g"",""1f1g+"",""5g5f"",""4c4d"",""5f5e"",""5d5e"",""5h5e"",""P*5d"",""5e6e"",""P*6d"",""6e6f"",""P*1h"",""P*1b"",""1h1i+""],""scoreCp"":704},{""move"":""4h3g"",""pvUsi"":[""4h3g"",""2f1g"",""5g5f"",""4c4d"",""5f5e"",""5d5e"",""5h5e"",""P*5d"",""5e5h"",""7c7d"",""4f8b"",""7d7e"",""7f7e"",""8d8e"",""2i1g"",""1f1g+"",""8b7a"",""6b7a""],""scoreCp"":708}]},{""label"":""middlegame-60:mt2000-mpv3-t2-h256:warm3"",""candidates"":[{""move"":""3h3g"",""pvUsi"":[""3h3g"",""2f3g"",""4h3g"",""5a4b"",""5h2h"",""4b3b"",""1g1f"",""4c4d"",""5g5f"",""8d8e"",""8f8e"",""P*8f"",""1f1e"",""5b8e"",""1e1d"",""1c1d"",""1i1d"",""6e6f"",""6g6f"",""P*1c"",""3e3d"",""1c1d"",""3d3c+"",""3b3c""],""scoreCp"":774},{""move"":""1g1f"",""pvUsi"":[""1g1f"",""5c4d"",""1f1e"",""1c1e"",""P*1f"",""4d3e"",""4f5f"",""7c7d"",""1f1e"",""7d7e"",""7f7e"",""8d8e"",""1e1d""],""scoreCp"":770},{""move"":""4h3g"",""pvUsi"":[""4h3g"",""2f1g+"",""3e3d"",""3c3d"",""5g5f"",""5a4b"",""5f5e"",""5d5e"",""5h5e"",""5c4d"",""5e2e"",""5b4a"",""2i1g"",""1f1g+"",""P*2d"",""2c2d"",""4f2d"",""P*2c"",""2d2c"",""4a2c"",""2e2c+""],""scoreCp"":705}]}]"
middlegame-80,1nsg3nk/l1r6/p1p1gppp1/1p1+B5/1b1pp1P1l/1PP1PP2p/P2P3GN/LKG1R1S1L/1NS1S4 b 2p 1,2000,3,2,256,3,3,2464.533,2429.7,2551.1,2002.333,1172997.3,585810.4,2083.3,18,"{""ok"":3}",0,0,"[{""label"":""middlegame-80:mt2000-mpv3-t2-h256:warm1"",""candidates"":[{""move"":""6d5c"",""pvUsi"":[""6d5c"",""8e7f"",""G*7g"",""1f1g+"",""7g7f"",""1g1h"",""5f5e"",""8d8e"",""B*4e"",""1e1g+"",""8f8e"",""1g2g"",""3h2g""],""scoreCp"":2241},{""move"":""6d7e"",""pvUsi"":[""6d7e"",""7a6b"",""8f8e"",""1f1g+"",""2g1g"",""7c7d"",""7e6e"",""1a2b"",""5f5e"",""1e1g+"",""1h1g"",""8a7c"",""6e5f"",""5c6d"",""P*1c""],""scoreCp"":1916},{""move"":""6d5e"",""pvUsi"":[""6d5e"",""1f1g+"",""8f8e"",""1g1h"",""8h9i"",""N*8f"",""7h8h"",""8d8e"",""5e7g"",""4c4d"",""3e3d"",""3c3d"",""P*8g"",""L*8b"",""2g2f""],""scoreCp"":1667}]},{""label"":""middlegame-80:mt2000-mpv3-t2-h256:warm2"",""candidates"":[{""move"":""6d5c"",""pvUsi"":[""6d5c"",""8e7f"",""1g2e"",""6e6f"",""G*7g"",""7f6g+"",""7h6g"",""6f6g+"",""7g6g"",""8d8e"",""5c4c"",""6a5b"",""4c7f"",""7b8b"",""B*5d"",""G*2b"",""P*1b"",""1a1b"",""6g7g""],""scoreCp"":2238},{""move"":""6d7e"",""pvUsi"":[""6d7e"",""6a5b"",""8f8e"",""1f1g+"",""2g1g"",""7c7d"",""7e4h"",""1e1g+"",""1h1g"",""1a2b"",""B*1a"",""2b3b"",""1g1b+"",""8d8e"",""1a2b+"",""3b4b"",""1b2a"",""8e8f"",""2b3a"",""4b5a"",""4h8d"",""8a7c""],""scoreCp"":1841},{""move"":""6d5e"",""pvUsi"":[""6d5e"",""1f1g+"",""8f8e"",""1g1h"",""8h9i"",""1a1b"",""P*1c"",""2a1c"",""5e4e"",""8d8e"",""4e7b"",""6a7b""],""scoreCp"":1634}]},{""label"":""middlegame-80:mt2000-mpv3-t2-h256:warm3"",""candidates"":[{""move"":""6d5c"",""pvUsi"":[""6d5c"",""8e7f"",""G*7g"",""1f1g+"",""7g7f"",""1g1h"",""B*5d"",""L*7d"",""5c4c"",""7b2b"",""5d6e"",""6a5b"",""4c2e"",""7d7f"",""6e7f""],""scoreCp"":2167},{""move"":""6d7e"",""pvUsi"":[""6d7e"",""1f1g+"",""8f8e"",""6a5b"",""2g1g"",""7c7d"",""7e6e"",""1a2b"",""P*2d"",""8a7c"",""6e6f"",""1e1g+"",""1h1g"",""P*6e"",""2d2c+"",""2b2c"",""6f4h"",""2c2d"",""4h1e"",""2d3e"",""B*2f"",""3e4f""],""scoreCp"":1822},{""move"":""6d5e"",""pvUsi"":[""6d5e"",""1f1g+"",""8f8e"",""1g1h"",""8h9i"",""8d8e"",""3e3d"",""5c4d"",""5e6e"",""7b6b"",""6e7e"",""4d3d"",""P*8g"",""1e1g+""],""scoreCp"":1636}]}]"
hand-piece-rich,1n2g4/l1s3k1r/p1+B1gp1pn/Bp7/1PPp5/5P2l/PG1P+pS2N/LK2R3L/1NS1S4 b 2Pg5p 1,2000,3,2,256,3,3,2493.6,2519.5,2537.9,2002.333,1058706.3,528727.2,2083.3,17,"{""ok"":3}",0,0,"[{""label"":""hand-piece-rich:mt2000-mpv3-t2-h256:warm1"",""candidates"":[{""move"":""7c5a"",""pvUsi"":[""7c5a"",""G*4b"",""5h3h"",""P*3g"",""3h3g"",""P*3c"",""9d7b+"",""1f1g"",""S*4a"",""3b2a"",""P*3b"",""N*9e"",""G*3a"",""2a2b""],""scoreCp"":2194},{""move"":""9d7b+"",""pvUsi"":[""9d7b+"",""8a7c"",""5h5g"",""P*5f"",""5g5f"",""P*5e"",""7b7c"",""5e5f"",""7c5a"",""B*4d"",""8i7g"",""R*3i"",""P*3c"",""4d3c"",""S*4a"",""3b2a"",""5a3c"",""3i3c+"",""N*4e"",""3c3a"",""P*3c"",""3a4a"",""4e5c+""],""scoreCp"":1477},{""move"":""P*3c"",""pvUsi"":[""P*3c"",""3b4b"",""9d7b+"",""8a7c"",""5h5g"",""7c8e"",""P*8f"",""1f1g"",""8f8e"",""N*9e"",""N*4e"",""B*4d"",""8h7h""],""scoreCp"":1403}]},{""label"":""hand-piece-rich:mt2000-mpv3-t2-h256:warm2"",""candidates"":[{""move"":""7c5a"",""pvUsi"":[""7c5a"",""3b2a"",""P*3c"",""P*3a"",""5h5g"",""9c9d"",""P*2b"",""1b2b"",""P*1d"",""B*4d"",""8h7h"",""P*5f"",""5g5f"",""P*5e"",""5f5h"",""5c5b"",""1d1c+"",""5b5a"",""1c2b"",""2a2b""],""scoreCp"":2245},{""move"":""9d7b+"",""pvUsi"":[""9d7b+"",""8a7c"",""5h5g"",""B*3c"",""P*5e"",""7c8e"",""P*3d"",""3c1e"",""5e5d"",""3b2a"",""S*3c"",""1b7b"",""5d5c+"",""B*6i"",""P*2b"",""7b2b"",""5c4c""],""scoreCp"":1570},{""move"":""P*3c"",""pvUsi"":[""P*3c"",""3b4a"",""9d7b+"",""8a7c"",""5h5g"",""1b7b"",""5g5c+"",""5a4b"",""G*3b"",""4b3b"",""3c3b+"",""4a3b"",""P*3d"",""B*2b"",""8h7h""],""scoreCp"":1271}]},{""label"":""hand-piece-rich:mt2000-mpv3-t2-h256:warm3"",""candidates"":[{""move"":""7c5a"",""pvUsi"":[""7c5a"",""G*4b"",""5h3h"",""P*3d"",""9d7b+"",""5g4g"",""3h3d"",""S*3c"",""S*4a"",""3b2a"",""3d3c+"",""4b3c"",""5a3c""],""scoreCp"":2265},{""move"":""9d7b+"",""pvUsi"":[""9d7b+"",""8a7c"",""5h5g"",""B*1a"",""8h7h"",""P*5f"",""5g5f"",""P*5e"",""5f5h"",""7c8e"",""5h3h"",""P*3d"",""3h3d"",""P*3c"",""3d8d"",""1f1g+"",""8d8e""],""scoreCp"":1522},{""move"":""P*3c"",""pvUsi"":[""P*3c"",""3b4a"",""9d7b+"",""8a7c"",""5h5g"",""P*5f"",""5g5f"",""P*5e"",""5f5e"",""P*5d"",""7b7c"",""5d5e"",""P*5d"",""5c5b"",""S*3b"",""4a4b""],""scoreCp"":1121}]}]"
middlegame-120,1n2g4/+B1s1k3r/p+P2gp1pn/B8/2Pp2p2/1p2LP2l/PG1P+pS2N/LKR4PL/1NS1S1+p1g b 2P2p 1,2000,3,2,256,3,3,2429.2,2428.2,2431.7,2004.667,1080256.3,538856.3,2083.3,16.33,"{""ok"":3}",0,0,"[{""label"":""middlegame-120:mt2000-mpv3-t2-h256:warm1"",""candidates"":[{""move"":""9d8e"",""pvUsi"":[""9d8e"",""5b4b"",""5f5c+"",""4b3c"",""8g8f"",""3c2d"",""8c7b"",""1c2e"",""S*2f"",""1f1g+"",""G*4e"",""1b3b"",""1h1g"",""P*1d"",""4e3e"",""3b3e"",""2f3e"",""2d3e""],""scoreCp"":1932},{""move"":""8g8f"",""pvUsi"":[""8g8f"",""9c9d"",""8c7b"",""5g6g"",""5f5c+"",""5b5c"",""9b6e"",""6g7h"",""7i7h"",""5c4d"",""P*1d"",""P*8e"",""1d1c+"",""8e8f"",""S*4e"",""4d3c""],""scoreCp"":1550},{""move"":""5f5c+"",""pvUsi"":[""5f5c+"",""5b5c"",""8g8f"",""9c9d"",""8c7b"",""P*8e"",""8f7f"",""5g6g"",""9b6e"",""5c4b"",""P*3d"",""6g7h"",""7i7h"",""R*5g"",""G*5h"",""L*8g"",""7h8g""],""scoreCp"":1440}]},{""label"":""middlegame-120:mt2000-mpv3-t2-h256:warm2"",""candidates"":[{""move"":""9d8e"",""pvUsi"":[""9d8e"",""5b4b"",""5f5c+"",""4b3c"",""8g8f"",""3c2d"",""8c7b"",""P*7g"",""7h7g"",""5g4g"",""S*2f"",""P*8g"",""8f8g"",""1f1g"",""9b6e""],""scoreCp"":1862},{""move"":""8g8f"",""pvUsi"":[""8g8f"",""9c9d"",""8c7b"",""5g6g"",""5f5c"",""5b5c"",""9b6e"",""P*8e"",""8f7f"",""5c4d"",""S*4e"",""4d3c""],""scoreCp"":1511},{""move"":""5f5c+"",""pvUsi"":[""5f5c+"",""5b5c"",""8g8f"",""9c9d"",""8c7b"",""P*8e"",""8f7f"",""5g6g"",""9b6e"",""P*5d"",""P*5e"",""5c4d"",""P*8g"",""4d3c"",""6e5f"",""6g7h"",""7i7h"",""1i1h""],""scoreCp"":1503}]},{""label"":""middlegame-120:mt2000-mpv3-t2-h256:warm3"",""candidates"":[{""move"":""9d8e"",""pvUsi"":[""9d8e"",""5b4b"",""5f5c+"",""4b5c"",""8g8f"",""5c4d"",""8c7b"",""4d3d"",""S*2f"",""L*8d"",""G*4e"",""3d2d"",""9b7d"",""8d8e"",""8f8e"",""B*1a"",""8h8g""],""scoreCp"":1888},{""move"":""8g8f"",""pvUsi"":[""8g8f"",""9c9d"",""8c7b"",""5g6g"",""9b7d"",""5b4b"",""5f5c+"",""4b5c"",""7b8a"",""6g7h"",""7i7h"",""5c4b"",""7d6e"",""4b3c""],""scoreCp"":1527},{""move"":""5f5c+"",""pvUsi"":[""5f5c+"",""5b5c"",""8g8f"",""9c9d"",""8c7b"",""5g6g"",""9b6e"",""6g7h"",""7i7h"",""P*5d"",""P*5e"",""5c4d"",""6e5d"",""4d3c"",""7b8a"",""3c2d"",""5d4c""],""scoreCp"":1425}]}]"
middlegame-150,1+Bp6/4+Bgr1p/1P2L1kpn/p4p2n/2Pp2p2/1pG2P3/P2P1S2+l/LKRS+p2PL/1NS1S1+p1g b GN2p 1,2000,3,2,256,3,3,2537.933,2523.9,2662.3,2001.667,1328627,663774.3,2076.7,10.33,"{""ok"":2,""incomplete"":1}",1,0,"[{""label"":""middlegame-150:mt2000-mpv3-t2-h256:warm1"",""candidates"":[{""move"":""G*3d"",""pvUsi"":[""G*3d"",""3c2b"",""5b4b"",""3b4b"",""8a5d"",""B*5e"",""5d5e"",""8f8g+"",""8h8g"",""2b3a"",""B*3c"",""P*5b"",""G*2b"",""4b2b"",""N*4c"",""3a3b"",""3c2b+"",""3b2b""],""scoreCp"":4634},{""move"":""N*4e"",""pvUsi"":[""N*4e""],""scoreCp"":2365},{""move"":""N*2f"",""pvUsi"":[""N*2f"",""4b5b"",""G*3d"",""3c2b"",""2f1d"",""2b1a"",""7f8f"",""5h6h"",""5i6h"",""3b3d"",""5c5b+"",""3d1d"",""8a5d"",""P*8g"",""8h9i""],""scoreCp"":1835}]},{""label"":""middlegame-150:mt2000-mpv3-t2-h256:warm2"",""candidates"":[]},{""label"":""middlegame-150:mt2000-mpv3-t2-h256:warm3"",""candidates"":[{""move"":""G*3d"",""pvUsi"":[""G*3d"",""3c2b"",""5b4b"",""8f8g+"",""8h8g"",""3b4b"",""8a5d"",""P*8f"",""7f8f"",""B*2a"",""G*3c"",""2b1a"",""5d2a"",""1a2a"",""3c4b"",""5h6h""],""scoreCp"":3954},{""move"":""N*4e"",""pvUsi"":[""N*4e"",""4d4e"",""G*3d"",""3c2b"",""8a4e"",""8f8g+"",""8h8g"",""N*9e"",""8g9f"",""3b3d"",""4e3d"",""4b5b"",""5c5b+"",""B*8g"",""9f8e"",""8g7f+"",""7h7f""],""scoreCp"":1800},{""move"":""N*2f"",""pvUsi"":[""N*2f"",""1d2f"",""G*3d"",""3c2b"",""5b4b"",""8f8g+"",""8h8g"",""N*9e"",""8g8h"",""3b3d"",""8a5d"",""G*8g"",""8h9i""],""scoreCp"":1756}]}]"
mate-in-one,2p2+B2k/1+B3g2p/1P2L1Gpn/p1P2p3/3p2p2/lpG1NP3/P1KP+p3+l/LS1S2SP+n/1NR1S1+pg1 b RPp 1,2000,3,2,256,3,3,2457.967,2438.9,2524.9,2000.333,3070976.3,1535208.3,2080,59,"{""mate"":3}",0,0,"[{""label"":""mate-in-one:mt2000-mpv3-t2-h256:warm1"",""candidates"":[{""move"":""R*3a"",""pvUsi"":[""R*3a""],""scoreMate"":1},{""move"":""4a3a"",""pvUsi"":[""4a3a"",""5g6g"",""6h6g"",""8f8g+"",""8h8g"",""2c2d"",""R*2a""],""scoreMate"":7},{""move"":""4a4b"",""pvUsi"":[""4a4b"",""8f8g+"",""7g8g"",""9f9g+"",""8g9g"",""P*8f"",""G*2b""],""scoreMate"":7}]},{""label"":""mate-in-one:mt2000-mpv3-t2-h256:warm2"",""candidates"":[{""move"":""R*3a"",""pvUsi"":[""R*3a""],""scoreMate"":1},{""move"":""4a4b"",""pvUsi"":[""4a4b"",""8f8g+"",""8h8g"",""5g6g"",""6h6g"",""P*8f"",""G*2b""],""scoreMate"":7},{""move"":""4a3a"",""pvUsi"":[""4a3a"",""5g6g"",""6h6g"",""8f8g+"",""8h8g"",""4b3c"",""R*2a""],""scoreMate"":7}]},{""label"":""mate-in-one:mt2000-mpv3-t2-h256:warm3"",""candidates"":[{""move"":""R*3a"",""pvUsi"":[""R*3a""],""scoreMate"":1},{""move"":""4a3a"",""pvUsi"":[""4a3a"",""5g6g"",""6h6g"",""8f8g+"",""8h8g"",""2c2d"",""R*2a""],""scoreMate"":7},{""move"":""4a4b"",""pvUsi"":[""4a4b"",""8f8g+"",""7g8g"",""9f9g+"",""8g9g"",""P*8f"",""G*2b""],""scoreMate"":7}]}]"
single-legal-move,2p5k/4Rg2p/1P2L1Gp1/p1P+B+Bp3/n2p2pnP/l1G2P3/P+pKP1+p2+l/LS1S2SP+n/1NR1S1+pg1 b P 1,2000,3,2,256,3,3,2561.967,2438.2,2822.9,2002,1666813.7,832595.1,2083.3,0,"{""incomplete"":3}",3,0,"[{""label"":""single-legal-move:mt2000-mpv3-t2-h256:warm1"",""candidates"":[]},{""label"":""single-legal-move:mt2000-mpv3-t2-h256:warm2"",""candidates"":[]},{""label"":""single-legal-move:mt2000-mpv3-t2-h256:warm3"",""candidates"":[]}]"
sparse-endgame,l+P1+S5/+B1+B4sl/5r+N1n/l3p3p/2g1kS2P/2P3PG1/2S5L/+n1G4pK/P+p1G1R3 b 7Pn2p 1,2000,3,2,256,3,3,2167.6,2151.6,2224.6,1557.667,3229360,2074388.7,1640,245,"{""mate"":3}",0,0,"[{""label"":""sparse-endgame:mt2000-mpv3-t2-h256:warm1"",""candidates"":[{""move"":""7b5d"",""pvUsi"":[""7b5d""],""scoreMate"":1},{""move"":""4e5f"",""pvUsi"":[""4e5f"",""5e6d"",""4i4c+"",""7e7f"",""R*6e""],""scoreMate"":5},{""move"":""3c4c"",""pvUsi"":[""3c4c"",""5e6d"",""R*6c"",""6d5e"",""9b5f""],""scoreMate"":5}]},{""label"":""sparse-endgame:mt2000-mpv3-t2-h256:warm2"",""candidates"":[{""move"":""7b5d"",""pvUsi"":[""7b5d""],""scoreMate"":1},{""move"":""4e5f"",""pvUsi"":[""4e5f"",""5e6d"",""4i4c+"",""7e7f"",""R*6e""],""scoreMate"":5},{""move"":""3c4c"",""pvUsi"":[""3c4c"",""5e6d"",""R*6c"",""6d5e"",""9b5f""],""scoreMate"":5}]},{""label"":""sparse-endgame:mt2000-mpv3-t2-h256:warm3"",""candidates"":[{""move"":""7b5d"",""pvUsi"":[""7b5d""],""scoreMate"":1},{""move"":""4e5f"",""pvUsi"":[""4e5f"",""5e6d"",""4i4c+"",""7e7f"",""R*6e""],""scoreMate"":5},{""move"":""3c4c"",""pvUsi"":[""3c4c"",""5e6d"",""R*6c"",""6d5e"",""9b5f""],""scoreMate"":5}]}]"
initial-position,lnsgkgsnl/1r5b1/ppppppppp/9/9/9/PPPPPPPPP/1B5R1/LNSGKGSNL b - 1,5000,2,1,256,3,3,5430.6,5369.7,5553.6,5000.333,3641006.3,728152.6,5023.3,29.33,"{""ok"":3}",0,0,"[{""label"":""initial-position:mt5000-mpv2-t1-h256:warm1"",""candidates"":[{""move"":""2g2f"",""pvUsi"":[""2g2f"",""8c8d"",""6i7h"",""8d8e"",""2f2e"",""4a3b"",""3i3h"",""1c1d"",""5i6h"",""9c9d"",""9g9f"",""5a5b"",""3g3f"",""8e8f"",""8g8f"",""8b8f"",""2e2d"",""2c2d"",""2h2d"",""P*2c"",""2d2f"",""3c3d"",""P*8g"",""8f8b"",""7g7f"",""P*8f"",""8g8f"",""8b8f"",""P*2d"",""2c2d"",""2f2d""],""scoreCp"":43},{""move"":""6i7h"",""pvUsi"":[""6i7h"",""8c8d"",""2g2f"",""8d8e"",""2f2e"",""4a3b"",""3i3h"",""1c1d"",""9g9f"",""3c3d"",""2e2d"",""2c2d"",""2h2d"",""5a5b"",""5i6h"",""8e8f"",""8g8f"",""8b8f"",""P*8g"",""8f8d"",""2d2f"",""P*2c"",""7g7f"",""9c9d"",""3g3f"",""8d7d"",""8h2b+"",""3a2b"",""7h7g"",""2b3c""],""scoreCp"":42}]},{""label"":""initial-position:mt5000-mpv2-t1-h256:warm2"",""candidates"":[{""move"":""2g2f"",""pvUsi"":[""2g2f"",""8c8d"",""6i7h"",""8d8e"",""2f2e"",""4a3b"",""3i3h"",""1c1d"",""5i6h"",""9c9d"",""9g9f"",""5a5b"",""3g3f"",""8e8f"",""8g8f"",""8b8f"",""2e2d"",""2c2d"",""2h2d"",""P*2c"",""2d2f"",""3c3d"",""P*8g"",""8f8b"",""7g7f"",""P*8f"",""8g8f"",""8b8f"",""P*2d"",""2c2d"",""2f2d""],""scoreCp"":43},{""move"":""6i7h"",""pvUsi"":[""6i7h"",""8c8d"",""2g2f"",""8d8e"",""2f2e"",""4a3b"",""3i3h"",""1c1d"",""9g9f"",""3c3d"",""2e2d"",""2c2d"",""2h2d"",""5a5b"",""5i6h"",""8e8f"",""8g8f"",""8b8f"",""P*8g"",""8f8d"",""2d2f"",""P*2c"",""7g7f"",""9c9d"",""3g3f"",""8d7d"",""8h2b+"",""3a2b"",""7h7g"",""2b3c""],""scoreCp"":42}]},{""label"":""initial-position:mt5000-mpv2-t1-h256:warm3"",""candidates"":[{""move"":""6i7h"",""pvUsi"":[""6i7h""],""scoreCp"":34},{""move"":""2g2f"",""pvUsi"":[""2g2f"",""8c8d"",""6i7h"",""8d8e"",""2f2e"",""4a3b"",""3i3h"",""1c1d"",""9g9f"",""5a5b"",""5i5h"",""9c9d"",""2e2d"",""2c2d"",""2h2d"",""7a7b"",""2d2f"",""3c3d"",""7g7f"",""P*2c"",""8h7g"",""2b7g+"",""8i7g"",""8e8f"",""8g8f"",""8b8f"",""P*8g""],""scoreCp"":32}]}]"
quiet-no-mate,1n1g1ksn1/l1rsg2b1/p1pp1p+Bpl/1p2p4/8p/2P3P1P/PP1PPPSP1/3S4R/LNG1KG1NL b P 1,5000,2,1,256,3,3,5569.033,5412.4,5916.8,5000.333,3022925,604544.6,5023.3,24,"{""ok"":3}",0,0,"[{""label"":""quiet-no-mate:mt5000-mpv2-t1-h256:warm1"",""candidates"":[{""move"":""3c2c"",""pvUsi"":[""3c2c"",""4a5a"",""2c2b"",""3a2b"",""1f1e"",""B*3c"",""1e1d"",""3c9i+"",""1d1c+"",""2a1c"",""L*2d"",""L*1a"",""2d2b+"",""9i2b"",""S*8c"",""6b7a"",""1h1e"",""5a6b"",""1e3e"",""7c7d"",""1i1c+"",""1a1c"",""3e2e""],""scoreCp"":1522},{""move"":""3c2b"",""pvUsi"":[""3c2b"",""3a2b"",""1f1e"",""B*4d"",""B*7g"",""5d5e"",""1e1d"",""7c7d"",""1d1c+"",""2b1c"",""3g4f"",""7d7e"",""7f7e"",""7b7e"",""7g6f"",""7e7d"",""1h3h"",""P*1d"",""L*7h"",""P*7f"",""3f3e"",""8a7c""],""scoreCp"":1516}]},{""label"":""quiet-no-mate:mt5000-mpv2-t1-h256:warm2"",""candidates"":[{""move"":""3c2c"",""pvUsi"":[""3c2c"",""4a5a"",""2c2b"",""3a2b"",""1f1e"",""B*3c"",""1e1d"",""3c9i+"",""1d1c+"",""2a1c"",""L*2d"",""L*1a"",""2d2b+"",""9i2b"",""S*8c"",""6b7a"",""1h1e"",""5a6b"",""1e3e"",""7c7d"",""1i1c+"",""1a1c"",""3e2e""],""scoreCp"":1522},{""move"":""3c2b"",""pvUsi"":[""3c2b"",""3a2b"",""1f1e"",""B*4d"",""B*7g"",""5d5e"",""1e1d"",""7c7d"",""1d1c+"",""2b1c"",""3g4f"",""7d7e"",""7f7e"",""7b7e"",""7g6f"",""7e7d"",""1h3h"",""P*1d"",""L*7h"",""P*7f"",""3f3e"",""8a7c""],""scoreCp"":1516}]},{""label"":""quiet-no-mate:mt5000-mpv2-t1-h256:warm3"",""candidates"":[{""move"":""3c2c"",""pvUsi"":[""3c2c"",""4a5a"",""2c2b"",""3a2b"",""1f1e"",""B*3c"",""1e1d"",""3c9i+"",""1d1c+"",""2a1c"",""L*2d"",""L*1a"",""2d2b+"",""9i2b"",""S*8c"",""6b7a"",""1h1e"",""5a6b"",""1e3e"",""7c7d"",""1i1c+"",""1a1c"",""3e2e""],""scoreCp"":1522},{""move"":""3c2b"",""pvUsi"":[""3c2b"",""3a2b"",""1f1e"",""B*4d"",""B*7g"",""5d5e"",""1e1d"",""7c7d"",""1d1c+"",""2b1c"",""3g4f"",""7d7e"",""7f7e"",""7b7e"",""7g6f"",""7e7d"",""1h3h"",""P*1d"",""L*7h"",""P*7f"",""3f3e"",""8a7c""],""scoreCp"":1516}]}]"
sente-middlegame,1nrg3n1/l2s2k2/p1p1gp1pl/1p1pp2s1/6P1p/b1P5P/PP1PPP1P1/L1KSRSG2/1NG4NL b BP 1,5000,2,1,256,3,3,5394.133,5387.1,5414.9,5000.667,2942448.3,588412.2,5026.7,23,"{""ok"":3}",0,0,"[{""label"":""sente-middlegame:mt5000-mpv2-t1-h256:warm1"",""candidates"":[{""move"":""9g9f"",""pvUsi"":[""9g9f"",""8d8e"",""1f1e"",""7c7d"",""B*8b"",""7a7b"",""8b9a+"",""6a7a"",""B*8c"",""8a7c"",""8c7b+"",""7a7b"",""9a9b"",""3b3c"",""5h5i"",""3c4d"",""R*3d"",""4d5e""],""scoreCp"":2106},{""move"":""B*8b"",""pvUsi"":[""B*8b"",""9f8e"",""8b7a+"",""6a7a"",""1f1e"",""6d6e"",""4h5i"",""8e7f"",""P*7g"",""7f8e"",""1e1d"",""6e6f"",""R*1b"",""3b4a"",""6g6f""],""scoreCp"":1190}]},{""label"":""sente-middlegame:mt5000-mpv2-t1-h256:warm2"",""candidates"":[{""move"":""9g9f"",""pvUsi"":[""9g9f"",""8d8e"",""1f1e"",""7c7d"",""B*8b"",""7a7b"",""8b9a+"",""6a7a"",""B*8c"",""8a7c"",""8c7b+"",""7a7b"",""9a9b"",""3b3c"",""5h5i"",""3c4d"",""R*3d"",""4d5e""],""scoreCp"":2106},{""move"":""B*8b"",""pvUsi"":[""B*8b"",""9f8e"",""8b7a+"",""6a7a"",""1f1e"",""6d6e"",""4h5i"",""8e7f"",""P*7g"",""7f8e"",""1e1d"",""6e6f"",""R*1b"",""3b4a"",""6g6f""],""scoreCp"":1190}]},{""label"":""sente-middlegame:mt5000-mpv2-t1-h256:warm3"",""candidates"":[{""move"":""9g9f"",""pvUsi"":[""9g9f"",""8d8e"",""1f1e"",""7c7d"",""B*8b"",""7a7b"",""8b9a+"",""6a7a"",""B*8c"",""8a7c"",""8c7b+"",""7a7b"",""9a9b"",""3b3c"",""5h5i"",""3c4d"",""R*3d"",""4d5e""],""scoreCp"":2106},{""move"":""B*8b"",""pvUsi"":[""B*8b"",""9f8e"",""8b7a+"",""6a7a"",""1f1e"",""6d6e"",""4h5i"",""8e7f"",""P*7g"",""7f8e"",""1e1d"",""6e6f"",""R*1b"",""3b4a"",""6g6f""],""scoreCp"":1190}]}]"
gote-middlegame,1nrgB2n1/l2s2k2/p1p1gp1pl/1p1pp2s1/6P1p/b1P5P/PP1PPP1P1/L1KSRSG2/1NG4NL w P 1,5000,2,1,256,3,3,5736.667,5792.5,5813,5001,2956175.3,591118.4,5026.7,21,"{""ok"":3}",0,0,"[{""label"":""gote-middlegame:mt5000-mpv2-t1-h256:warm1"",""candidates"":[{""move"":""9f8g+"",""pvUsi"":[""9f8g+"",""7h8g"",""6a5a"",""B*8b"",""7a6a"",""8b9a+"",""1e1f"",""9a9b"",""1f1g+"",""2i1g"",""P*1f"",""P*8b"",""1f1g+"",""5h5i"",""B*6e"",""9b8a"",""N*7e"",""8g8f"",""1g2h"",""3h2h"",""6a8a"",""8b8a+"",""B*8g"",""R*1b"",""3b4a""],""scoreCp"":112},{""move"":""9f8e"",""pvUsi"":[""9f8e"",""5a2d+"",""2c2d"",""1f1e"",""7c7d"",""1e1d"",""1c1d"",""1i1d"",""7d7e"",""7h6i"",""6d6e"",""1d1b+"",""7e7f"",""1b2a"",""6e6f"",""7i7h"",""B*4i"",""4h5i"",""6f6g+"",""7h6g"",""7f7g+"",""8i7g"",""8e6g+"",""6h6g"",""7a7g+"",""L*3d"",""3b2a""],""scoreCp"":173}]},{""label"":""gote-middlegame:mt5000-mpv2-t1-h256:warm2"",""candidates"":[{""move"":""9f8g+"",""pvUsi"":[""9f8g+"",""7h8g"",""6a5a"",""B*8b"",""7a6a"",""8b9a+"",""1e1f"",""9a9b"",""1f1g+"",""2i1g"",""P*1f"",""P*8b"",""1f1g+"",""5h5i"",""B*6e"",""9b8a"",""N*7e"",""8g8f"",""1g2h"",""3h2h"",""6a8a"",""8b8a+"",""B*8g"",""R*1b"",""3b4a""],""scoreCp"":112},{""move"":""9f8e"",""pvUsi"":[""9f8e"",""5a2d+"",""2c2d"",""1f1e"",""7c7d"",""1e1d"",""1c1d"",""1i1d"",""7d7e"",""7h6i"",""6d6e"",""1d1b+"",""7e7f"",""1b2a"",""6e6f"",""7i7h"",""B*4i"",""4h5i"",""6f6g+"",""7h6g"",""7f7g+"",""8i7g"",""8e6g+"",""6h6g"",""7a7g+"",""L*3d"",""3b2a""],""scoreCp"":173}]},{""label"":""gote-middlegame:mt5000-mpv2-t1-h256:warm3"",""candidates"":[{""move"":""9f8g+"",""pvUsi"":[""9f8g+"",""7h8g"",""6a5a"",""B*8b"",""7a6a"",""8b9a+"",""1e1f"",""9a9b"",""1f1g+"",""2i1g"",""P*1f"",""P*8b"",""1f1g+"",""5h5i"",""B*6e"",""9b8a"",""N*7e"",""8g8f"",""1g2h"",""3h2h"",""6a8a"",""8b8a+"",""B*8g"",""R*1b"",""3b4a""],""scoreCp"":112},{""move"":""9f8e"",""pvUsi"":[""9f8e"",""5a2d+"",""2c2d"",""1f1e"",""7c7d"",""1e1d"",""1c1d"",""1i1d"",""7d7e"",""7h6i"",""6d6e"",""1d1b+"",""7e7f"",""1b2a"",""6e6f"",""7i7h"",""B*4i"",""4h5i"",""6f6g+"",""7h6g"",""7f7g+"",""8i7g"",""8e6g+"",""6h6g"",""7a7g+"",""L*3d"",""3b2a""],""scoreCp"":173}]}]"
middlegame-60,1nr1g1kn1/l2sb4/p1p1gpppl/1p2p4/3p2P2/1PP2+B1sp/P1KPPP2P/L1G1RSG2/1N2S2NL b p 1,5000,2,1,256,3,3,5823.767,5893,6193.3,5000.667,2963063,592532.9,5030,23.67,"{""ok"":3}",0,0,"[{""label"":""middlegame-60:mt5000-mpv2-t1-h256:warm1"",""candidates"":[{""move"":""1g1f"",""pvUsi"":[""1g1f"",""5c4d"",""1f1e"",""5a4b"",""3e3d"",""1c1e"",""P*1f"",""3c3d"",""1f1e"",""4d5e"",""4f3f"",""2f3e"",""3f3g"",""6e6f"",""6g6f"",""P*6e"",""1e1d"",""6e6f"",""1d1c+"",""3a3b"",""3g1e"",""2a1c"",""P*1d"",""1c2e"",""1e2e""],""scoreCp"":775},{""move"":""3h3g"",""pvUsi"":[""3h3g"",""2f3g+"",""4h3g"",""5a4b"",""1g1f"",""4c4d"",""5h2h"",""4b3b"",""5g5f"",""8d8e"",""8f8e"",""G*4e"",""4f5g"",""5d5e"",""1f1e"",""5e5f"",""5g8d"",""P*1f"",""7g8h"",""4e5e"",""5i6h"",""6e6f"",""6g6f"",""1c1e"",""P*1b""],""scoreCp"":748}]},{""label"":""middlegame-60:mt5000-mpv2-t1-h256:warm2"",""candidates"":[{""move"":""1g1f"",""pvUsi"":[""1g1f"",""5c4d"",""1f1e"",""5a4b"",""3e3d"",""1c1e"",""P*1f"",""3c3d"",""1f1e"",""4d5e"",""4f3f"",""2f3e"",""3f3g"",""6e6f"",""6g6f"",""P*6e"",""1e1d"",""6e6f"",""1d1c+"",""3a3b"",""3g1e"",""2a1c"",""P*1d"",""1c2e"",""1e2e""],""scoreCp"":775},{""move"":""3h3g"",""pvUsi"":[""3h3g"",""2f3g+"",""4h3g"",""5a4b"",""1g1f"",""4c4d"",""5h2h"",""4b3b"",""5g5f"",""8d8e"",""8f8e"",""G*4e"",""4f5g"",""5d5e"",""1f1e"",""5e5f"",""5g8d"",""P*1f"",""7g8h"",""4e5e"",""5i6h"",""6e6f"",""6g6f"",""1c1e"",""P*1b""],""scoreCp"":748}]},{""label"":""middlegame-60:mt5000-mpv2-t1-h256:warm3"",""candidates"":[{""move"":""1g1f"",""pvUsi"":[""1g1f"",""5c4d"",""1f1e"",""5a4b"",""3e3d"",""1c1e"",""P*1f"",""3c3d"",""1f1e"",""4d5e"",""4f3f"",""2f3e"",""3f3g"",""6e6f"",""6g6f"",""P*6e"",""1e1d"",""6e6f"",""1d1c+"",""3a3b"",""3g1e"",""2a1c"",""P*1d"",""1c2e"",""1e2e""],""scoreCp"":775},{""move"":""3h3g"",""pvUsi"":[""3h3g"",""2f3g+"",""4h3g"",""5a4b"",""1g1f"",""4c4d"",""5h2h"",""4b3b"",""5g5f"",""8d8e"",""8f8e"",""G*4e"",""4f5g"",""5d5e"",""1f1e"",""5e5f"",""5g8d"",""P*1f"",""7g8h"",""4e5e"",""5i6h"",""6e6f"",""6g6f"",""1c1e"",""P*1b""],""scoreCp"":748}]}]"
middlegame-80,1nsg3nk/l1r6/p1p1gppp1/1p1+B5/1b1pp1P1l/1PP1PP2p/P2P3GN/LKG1R1S1L/1NS1S4 b 2p 1,5000,2,1,256,3,3,5414.4,5390.4,5481.3,5000.333,2921392,584239.5,5030,20,"{""ok"":3}",0,0,"[{""label"":""middlegame-80:mt5000-mpv2-t1-h256:warm1"",""candidates"":[{""move"":""6d5c"",""pvUsi"":[""6d5c"",""8e7f"",""1g2e"",""6e6f"",""6g6f"",""1a2b"",""3e3d"",""3c3d"",""5c7e"",""7f9d"",""2g2f"",""7c7d"",""7e6e"",""2b3b"",""2f1e"",""7b6b"",""6e8g"",""6b6f"",""P*2d"",""3b4a""],""scoreCp"":2225},{""move"":""6d7e"",""pvUsi"":[""6d7e"",""1f1g+"",""8f8e"",""6a5b"",""2g1g"",""7c7d"",""7e6e"",""1a2b"",""P*2d"",""1e1g"",""1h1g"",""8a7c"",""6e6f"",""2c2d"",""5f5e"",""P*5g"",""5h5g"",""2b3b"",""5e5d""],""scoreCp"":1858}]},{""label"":""middlegame-80:mt5000-mpv2-t1-h256:warm2"",""candidates"":[{""move"":""6d5c"",""pvUsi"":[""6d5c"",""8e7f"",""1g2e"",""6e6f"",""6g6f"",""1a2b"",""3e3d"",""3c3d"",""5c7e"",""7f9d"",""2g2f"",""7c7d"",""7e6e"",""2b3b"",""2f1e"",""7b6b"",""6e8g"",""6b6f"",""P*2d"",""3b4a""],""scoreCp"":2225},{""move"":""6d7e"",""pvUsi"":[""6d7e"",""1f1g+"",""8f8e"",""6a5b"",""2g1g"",""7c7d"",""7e6e"",""1a2b"",""P*2d"",""1e1g"",""1h1g"",""8a7c"",""6e6f"",""2c2d"",""5f5e"",""P*5g"",""5h5g"",""2b3b"",""5e5d""],""scoreCp"":1858}]},{""label"":""middlegame-80:mt5000-mpv2-t1-h256:warm3"",""candidates"":[{""move"":""6d5c"",""pvUsi"":[""6d5c"",""8e7f"",""1g2e"",""6e6f"",""6g6f"",""1a2b"",""3e3d"",""3c3d"",""5c7e"",""7f9d"",""2g2f"",""7c7d"",""7e6e"",""2b3b"",""2f1e"",""7b6b"",""6e8g"",""6b6f"",""P*2d"",""3b4a""],""scoreCp"":2225},{""move"":""6d7e"",""pvUsi"":[""6d7e"",""1f1g+"",""8f8e"",""6a5b"",""2g1g"",""7c7d"",""7e6e"",""1a2b"",""P*2d"",""1e1g"",""1h1g"",""8a7c"",""6e6f"",""2c2d"",""5f5e"",""P*5g"",""5h5g"",""2b3b"",""5e5d""],""scoreCp"":1858}]}]"
hand-piece-rich,1n2g4/l1s3k1r/p1+B1gp1pn/Bp7/1PPp5/5P2l/PG1P+pS2N/LK2R3L/1NS1S4 b 2Pg5p 1,5000,2,1,256,2,1,4165.2,2482.1,5848.3,5000,2822470,564494,5010,21,"{""ok"":1}",0,0,"[{""label"":""hand-piece-rich:mt5000-mpv2-t1-h256:warm1"",""candidates"":[{""move"":""7c5a"",""pvUsi"":[""7c5a"",""3b2a"",""5h5g"",""P*5f"",""5g5f"",""9c9d"",""5f5c+"",""B*6i"",""P*2b"",""1b2b"",""5a3c"",""P*3a"",""3c4c"",""2a1b""],""scoreCp"":2324},{""move"":""9d7b+"",""pvUsi"":[""9d7b+"",""8a7c"",""5h5g"",""B*1a"",""8h7h"",""P*5f"",""5g5f"",""P*5e"",""7b7c"",""5e5f"",""7c5a"",""R*3i"",""P*2b"",""1a2b"",""S*4a"",""3b2a"",""G*3b"",""3i3b+"",""4a3b+"",""2a3b""],""scoreCp"":1604}]}]"
